
insert into news (title, content, created_date)
Values ('Title: Ipsum', 
'Lorem ipsum dolor sit amet, consectetuer adipiscing elit. Sed gravida malesuada erat. Donec sed lectus. Aliquam bibendum fermentum dolor. Curabitur nisl nunc, porttitor et, convallis vitae, fringilla id, lacus. Etiam tempor rutrum turpis. Fusce sed velit. Aenean justo. Aenean nisi mauris, porttitor ac, posuere a, semper eget, lectus. Morbi pretium, odio ac gravida iaculis, enim orci fermentum odio, ac faucibus ligula eros vel diam. Integer volutpat varius mi. Vivamus sapien lorem, tincidunt quis, fermentum a, commodo vitae, pede.

Integer imperdiet felis vitae enim. Donec ac mi. Phasellus id metus. Proin est. Ut vitae metus vitae nibh sollicitudin suscipit. Morbi pellentesque, sapien et luctus molestie, nisl turpis tincidunt lacus, a ullamcorper diam felis sed risus. Sed porttitor quam. Quisque mollis arcu at mi tincidunt molestie. Curabitur imperdiet pharetra odio. Pellentesque euismod rutrum felis. Duis et arcu. Vestibulum viverra ante et mi. Nulla interdum neque sed lorem. Vestibulum blandit augue a dolor. Nam lorem felis, pellentesque nec, molestie eu, sagittis ac, ante. Nulla facilisi.

Aliquam et lectus ut ante sodales gravida. Nam mauris turpis, mollis vulputate, lobortis faucibus, fringilla non, lacus. Pellentesque vitae tortor. Mauris mollis faucibus justo. Sed at lacus ut est gravida aliquet. Curabitur blandit, lectus eu venenatis imperdiet, metus orci dictum arcu, sed viverra elit felis non lorem. Proin orci. Aenean consequat, tortor quis malesuada vehicula, enim elit pellentesque metus, ac bibendum eros metus ac augue. Morbi placerat tempor lacus. In nec nulla sed augue tincidunt suscipit. Morbi sit amet nulla eget eros rhoncus pulvinar. Curabitur sodales tellus id libero. In eu dui. Phasellus ultricies sollicitudin quam. Nulla nec neque. Vestibulum elementum dolor.

Vestibulum eu felis eget metus sollicitudin varius. Duis nibh. Sed risus. Suspendisse nec mi eget enim feugiat tempor. Mauris neque. Fusce diam nisl, volutpat quis, fringilla sit amet, lacinia pellentesque, erat. Mauris malesuada accumsan ante. Pellentesque vel lorem. Suspendisse potenti. Curabitur a nisl et augue egestas semper. Suspendisse in nulla. Nullam eros est, dictum id, porttitor nec, convallis eget, augue. Cum sociis natoque penatibus et magnis dis parturient montes, nascetur ridiculus mus.

Donec congue tristique nulla. Sed justo. Morbi luctus, ante a pellentesque lobortis, pede metus cursus erat, sit amet suscipit erat orci non urna. Donec venenatis eleifend libero. Sed accumsan volutpat lectus. Nam eleifend. Donec semper ultricies justo. In auctor lacus non massa fermentum ullamcorper. Suspendisse pulvinar metus in ligula. Sed tempor eros et nunc. Maecenas nec purus. Nunc porta enim nec neque. Praesent quis odio at nulla vulputate rhoncus. Fusce tristique mollis justo.',
'2008-11-16 18:14:00');

insert into mercenary_group values ('sword', 'Sword');
insert into mercenary_group values ('axe', 'Axe');
insert into mercenary_group values ('staff', 'Staff');
insert into mercenary_group values ('spear', 'Spear');
insert into mercenary_group values ('bow', 'Bow');
insert into mercenary_group values ('gun', 'Gun');
insert into mercenary_group values ('cannon', 'Cannon');

insert into mercenary values ('swordsman', 'Swordsman', 340, 240, 400, 130, 250, 125, null, 'sword');
insert into mercenary values ('viking', 'Viking', 330, 110, 280, 140, 310, -50, null, 'axe');
insert into mercenary values ('monk', 'Monk', 190, 140, 150, 260, 160, 500, null, 'staff');
insert into mercenary values ('shaman', 'Shaman', 150, 130, 180, 230, 150, 450, null, 'staff');
insert into mercenary values ('witch', 'Witch', 120, 250, 150, 280, 180, 500, null, 'staff');
insert into mercenary values ('exorcist', 'Exorcist', 290, 170, 260, 240, 240, 285, null, 'sword');
insert into mercenary values ('beast_trainer', 'Beast Trainer', 280, 170, 800, 160, 290, 175, null, 'axe');
insert into mercenary values ('spearman', 'Spearman', 310, 210, 330, 120, 240, 110, null, 'spear');
insert into mercenary values ('gunner', 'Gunner', 150, 220, 180, 220, 170, 225, null, 'gun');
insert into mercenary values ('archer', 'Archer', 160, 220, 180, 230, 140, 250, null, 'bow');
insert into mercenary values ('prophet', 'Prophet', 170, 210, 200, 240, 190, 450, null, 'bow');
insert into mercenary values ('artilleryman', 'Artilleryman', 200, 160, 200, 220, 210, 275, null, 'cannon');
insert into mercenary values ('lady_knight', 'Lady Knight', 370, 260, 750, 160, 280, 145, null, 'sword');
insert into mercenary values ('princess', 'Princess', 150, 130, 180, 300, 180, 475, null, 'staff');
insert into mercenary values ('oracle', 'Oracle', 170, 150, 250, 250, 170, 500, null, 'staff');
insert into mercenary values ('spartan', 'Spartan', 341, 220, 363, 122, 244, 100, null, 'spear');
insert into mercenary values ('inventor', 'Inventor', 160, 240, 200, 275, 190, 400, null, 'gun');
insert into mercenary values ('janissary', 'Janissary', 157, 247, 198, 225, 173, 225, null, 'gun');
insert into mercenary values ('cannoneer', 'Cannoneer', 230, 190, 220, 240, 225, 280, null, 'cannon');

insert into skill values ('sword', 'Sword');
insert into skill values ('spear', 'Spear');
insert into skill values ('axe', 'Axe');
insert into skill values ('bow', 'Bow');
insert into skill values ('gun', 'Gun');
insert into skill values ('cannon', 'Cannon');
insert into skill values ('staff', 'Staff');
insert into skill values ('helmet', 'Helmet');
insert into skill values ('armor', 'Armor');
insert into skill values ('pants', 'Pants');
insert into skill values ('gauntlet', 'Gauntlet');
insert into skill values ('shoes', 'Shoes');
insert into skill values ('shield', 'Shield');
insert into skill values ('orb', 'Orb');
insert into skill values ('arrow', 'Arrow');
insert into skill values ('bullet', 'Bullet');
insert into skill values ('cannonball', 'Cannonball');
insert into skill values ('food', 'Food');
insert into skill values ('medicine', 'Medicine');
insert into skill values ('ring', 'Ring');
insert into skill values ('machine', 'Machine');
insert into skill values ('building', 'Building');
insert into skill values ('crystal', 'Crystal');
insert into skill values ('action', 'Action');
insert into skill values ('license', 'License');
insert into skill values ('manastone', 'Mana Stone');
insert into skill values ('charm', 'Charm');
insert into skill values ('tool', 'Tool');
insert into skill values ('fishing', 'Fishing');
insert into skill values ('stationary', 'Stationary');
insert into skill values ('book', 'Book');
insert into skill values ('sewing', 'Sewing');
insert into skill values ('scroll', 'Scroll');
insert into skill values ('quest', 'Quest');

insert into resource_category values ('action', 'Action');
insert into resource_category values ('armor', 'Armor');
insert into resource_category values ('arrow', 'Arrow');
insert into resource_category values ('axe', 'Axe');
insert into resource_category values ('book', 'Book');
insert into resource_category values ('bow', 'Bow');
insert into resource_category values ('box', 'Box');
insert into resource_category values ('building', 'Building');
insert into resource_category values ('bullet', 'Bullet');
insert into resource_category values ('cannon', 'Cannon');
insert into resource_category values ('cannonball', 'Cannonball');
insert into resource_category values ('charm', 'Charm');
insert into resource_category values ('crystal', 'Crystal');
insert into resource_category values ('culturalasset', 'Cultural Asset');
insert into resource_category values ('element', 'Element');
insert into resource_category values ('fabric', 'Fabric');
insert into resource_category values ('fishing', 'Fishing');
insert into resource_category values ('food', 'Food');
insert into resource_category values ('machine', 'Machine');
insert into resource_category values ('medicine', 'Medicine');
insert into resource_category values ('mineral', 'Mineral');
insert into resource_category values ('misc', 'Miscellaneous');
insert into resource_category values ('stone', 'Stone');
insert into resource_category values ('tool', 'Tool');
insert into resource_category values ('wood', 'Wood');

insert into resource (id, name, fixedprice, category) values (1,'Book of Knowledge',5000,'book');
insert into resource (id, name, fixedprice, category) values (2,'Book of Wisdom',10000,'book');
insert into resource (id, name, fixedprice, category) values (3,'Book of Anguish',20000,'book');
insert into resource (id, name, fixedprice, category) values (4,'Normal Crafting Secrets',0,'book');
insert into resource (id, name, fixedprice, category) values (5,'Book of Artisan [Adv]',0,'book');
insert into resource (id, name, fixedprice, category) values (6,'Master Craft',0,'book');
insert into resource (id, name, fixedprice, category) values (7,'The Gold Medal',0,'book');
insert into resource (id, name, fixedprice, category) values (8,'Flame Sword [Beg]',5000,'book');
insert into resource (id, name, fixedprice, category) values (9,'Flame Sword [Int]',0,'book');
insert into resource (id, name, fixedprice, category) values (10,'Flame Sword [Adv]',0,'book');
insert into resource (id, name, fixedprice, category) values (11,'Lightning Spear [Beg]',5000,'book');
insert into resource (id, name, fixedprice, category) values (12,'Lightning Spear [Int]',0,'book');
insert into resource (id, name, fixedprice, category) values (13,'Lightning Spear [Adv]',0,'book');
insert into resource (id, name, fixedprice, category) values (14,'Silence [Beg]',5000,'book');
insert into resource (id, name, fixedprice, category) values (15,'Silence [Int]',0,'book');
insert into resource (id, name, fixedprice, category) values (16,'Silence [Adv]',0,'book');
insert into resource (id, name, fixedprice, category) values (17,'Wild Shot [Beg]',5000,'book');
insert into resource (id, name, fixedprice, category) values (18,'Wild Shot [Int]',0,'book');
insert into resource (id, name, fixedprice, category) values (19,'Wild Shot [Adv]',0,'book');
insert into resource (id, name, fixedprice, category) values (20,'Blessing of Life [Beg]',5000,'book');
insert into resource (id, name, fixedprice, category) values (21,'Blessing of Life [Int]',0,'book');
insert into resource (id, name, fixedprice, category) values (22,'Blessing of Life [Adv]',0,'book');
insert into resource (id, name, fixedprice, category) values (23,'Hex of Darkness [Beg]',5000,'book');
insert into resource (id, name, fixedprice, category) values (24,'Hex of Darkness [Int]',0,'book');
insert into resource (id, name, fixedprice, category) values (25,'Hex of Darkness [Adv]',0,'book');
insert into resource (id, name, fixedprice, category) values (26,'Brutal Will [Beg]',0,'book');
insert into resource (id, name, fixedprice, category) values (27,'Brutal Will [Int]',0,'book');
insert into resource (id, name, fixedprice, category) values (28,'Brutal Will [Adv]',0,'book');
insert into resource (id, name, fixedprice, category) values (29,'Protect [Beg]',0,'book');
insert into resource (id, name, fixedprice, category) values (30,'Protect [Int]',0,'book');
insert into resource (id, name, fixedprice, category) values (31,'Protect [Adv]',0,'book');
insert into resource (id, name, fixedprice, category) values (32,'Holy Guard [Beg]',5000,'book');
insert into resource (id, name, fixedprice, category) values (33,'Holy Guard [Int]',0,'book');
insert into resource (id, name, fixedprice, category) values (34,'Holy Guard [Adv]',0,'book');
insert into resource (id, name, fixedprice, category) values (35,'Awakening [Beg]',10000,'book');
insert into resource (id, name, fixedprice, category) values (36,'Awakening [Int]',0,'book');
insert into resource (id, name, fixedprice, category) values (37,'Awakening [Adv]',0,'book');
insert into resource (id, name, fixedprice, category) values (38,'Shield of Protection [Beg]',0,'book');
insert into resource (id, name, fixedprice, category) values (39,'Shield of Protection [Int]',0,'book');
insert into resource (id, name, fixedprice, category) values (40,'Shield of Protection [Adv]',0,'book');
insert into resource (id, name, fixedprice, category) values (41,'Freezing Axe [Beg]',5000,'book');
insert into resource (id, name, fixedprice, category) values (42,'Freezing Axe [Int]',0,'book');
insert into resource (id, name, fixedprice, category) values (43,'Freezing Axe [Adv]',0,'book');
insert into resource (id, name, fixedprice, category) values (44,'Deep Insight [Beg]',5000,'book');
insert into resource (id, name, fixedprice, category) values (45,'Deep Insight [Int]',0,'book');
insert into resource (id, name, fixedprice, category) values (46,'Deep Insight [Adv]',0,'book');
insert into resource (id, name, fixedprice, category) values (47,'Beast Summon [Beg]',0,'book');
insert into resource (id, name, fixedprice, category) values (48,'Beast Summon [Int]',0,'book');
insert into resource (id, name, fixedprice, category) values (49,'Beast Summon [Adv]',0,'book');
insert into resource (id, name, fixedprice, category) values (50,'Mana Drain [Beg]',5000,'book');
insert into resource (id, name, fixedprice, category) values (51,'Mana Drain [Int]',0,'book');
insert into resource (id, name, fixedprice, category) values (52,'Mana Drain [Adv]',0,'book');
insert into resource (id, name, fixedprice, category) values (53,'Mana Recharge [Beg]',10000,'book');
insert into resource (id, name, fixedprice, category) values (54,'Mana Recharge [Int]',0,'book');
insert into resource (id, name, fixedprice, category) values (55,'Mana Recharge [Adv]',0,'book');
insert into resource (id, name, fixedprice, category) values (56,'Meteor Strike [Beg]',10000,'book');
insert into resource (id, name, fixedprice, category) values (57,'Meteor Strike [Int]',0,'book');
insert into resource (id, name, fixedprice, category) values (58,'Meteor Strike [Adv]',0,'book');
insert into resource (id, name, fixedprice, category) values (59,'Mana Trap [Beg]',1000,'book');
insert into resource (id, name, fixedprice, category) values (60,'Mana Trap [Int]',0,'book');
insert into resource (id, name, fixedprice, category) values (61,'Mana Trap [Adv]',0,'book');
insert into resource (id, name, fixedprice, category) values (62,'Mana Steal [Beg]',0,'book');
insert into resource (id, name, fixedprice, category) values (63,'Mana Steal [Int]',0,'book');
insert into resource (id, name, fixedprice, category) values (64,'Mana Steal [Adv]',0,'book');
insert into resource (id, name, fixedprice, category) values (65,'Seal Staff [Beg]',0,'book');
insert into resource (id, name, fixedprice, category) values (66,'Seal Staff [Int]',0,'book');
insert into resource (id, name, fixedprice, category) values (67,'Seal Staff [Adv]',0,'book');
insert into resource (id, name, fixedprice, category) values (68,'Mana Burn [Beg]',0,'book');
insert into resource (id, name, fixedprice, category) values (69,'Mana Burn [Int]',0,'book');
insert into resource (id, name, fixedprice, category) values (70,'Mana Burn [Adv]',0,'book');
insert into resource (id, name, fixedprice, category) values (71,'Speed Cast [Beg]',0,'book');
insert into resource (id, name, fixedprice, category) values (72,'Speed Cast [Int]',0,'book');
insert into resource (id, name, fixedprice, category) values (73,'Speed Cast [Adv]',0,'book');
insert into resource (id, name, fixedprice, category) values (74,'Princess Order [Beg]',0,'book');
insert into resource (id, name, fixedprice, category) values (75,'Princess Order [Int]',0,'book');
insert into resource (id, name, fixedprice, category) values (76,'Princess Order [Adv]',0,'book');
insert into resource (id, name, fixedprice, category) values (77,'Royal Signet [Beg]',0,'book');
insert into resource (id, name, fixedprice, category) values (78,'Royal Signet [Int]',0,'book');
insert into resource (id, name, fixedprice, category) values (79,'Royal Signet [Adv]',0,'book');
insert into resource (id, name, fixedprice, category) values (80,'Family Signet [Beg]',0,'book');
insert into resource (id, name, fixedprice, category) values (81,'Family Signet [Int]',0,'book');
insert into resource (id, name, fixedprice, category) values (82,'Family Signet [Adv]',0,'book');
insert into resource (id, name, fixedprice, category) values (83,'Imperial Signet [Beg]',0,'book');
insert into resource (id, name, fixedprice, category) values (84,'Imperial Signet [Int]',0,'book');
insert into resource (id, name, fixedprice, category) values (85,'Imperial Signet [Adv]',0,'book');
insert into resource (id, name, fixedprice, category) values (86,'Shattered Sword [Beg]',0,'book');
insert into resource (id, name, fixedprice, category) values (87,'Shattered Sword [Int]',0,'book');
insert into resource (id, name, fixedprice, category) values (88,'Shattered Sword [Adv]',0,'book');
insert into resource (id, name, fixedprice, category) values (89,'Broken Spear [Beg]',0,'book');
insert into resource (id, name, fixedprice, category) values (90,'Broken Spear [Int]',0,'book');
insert into resource (id, name, fixedprice, category) values (91,'Broken Spear [Adv]',0,'book');
insert into resource (id, name, fixedprice, category) values (92,'Rusty Axe [Beg]',0,'book');
insert into resource (id, name, fixedprice, category) values (93,'Rusty Axe [Int]',0,'book');
insert into resource (id, name, fixedprice, category) values (94,'Rusty Axe [Adv]',0,'book');
insert into resource (id, name, fixedprice, category) values (95,'Concentrate [Beg]',0,'book');
insert into resource (id, name, fixedprice, category) values (96,'Concentrate [Int]',0,'book');
insert into resource (id, name, fixedprice, category) values (97,'Concentrate [Adv]',0,'book');
insert into resource (id, name, fixedprice, category) values (98,'Healing [Beg]',0,'book');
insert into resource (id, name, fixedprice, category) values (99,'Healing [Int]',0,'book');
insert into resource (id, name, fixedprice, category) values (100,'Healing [Adv]',0,'book');
insert into resource (id, name, fixedprice, category) values (101,'Vortex [Beg]',0,'book');
insert into resource (id, name, fixedprice, category) values (102,'Vortex [Int]',0,'book');
insert into resource (id, name, fixedprice, category) values (103,'Vortex [Adv]',0,'book');
insert into resource (id, name, fixedprice, category) values (104,'Seths Will [Beg]',0,'book');
insert into resource (id, name, fixedprice, category) values (105,'Seths Will [Int]',0,'book');
insert into resource (id, name, fixedprice, category) values (106,'Seths Will [Adv]',0,'book');
insert into resource (id, name, fixedprice, category) values (107,'Summon Machine [Beg]',0,'book');
insert into resource (id, name, fixedprice, category) values (108,'Summon Machine [Int]',0,'book');
insert into resource (id, name, fixedprice, category) values (109,'Summon Machine [Adv]',0,'book');
insert into resource (id, name, fixedprice, category) values (110,'Smoke Bomb [Beg]',0,'book');
insert into resource (id, name, fixedprice, category) values (111,'Smoke Bomb [Int]',0,'book');
insert into resource (id, name, fixedprice, category) values (112,'Smoke Bomb [Adv]',0,'book');
insert into resource (id, name, fixedprice, category) values (113,'Noble Sacrifice [Beg]',0,'book');
insert into resource (id, name, fixedprice, category) values (114,'Noble Sacrifice [Int]',0,'book');
insert into resource (id, name, fixedprice, category) values (115,'Noble Sacrifice [Adv]',0,'book');
insert into resource (id, name, fixedprice, category) values (116,'Guard Dispel [Beg]',0,'book');
insert into resource (id, name, fixedprice, category) values (117,'Guard Dispel [Int]',0,'book');
insert into resource (id, name, fixedprice, category) values (118,'Guard Dispel [Adv]',0,'book');
insert into resource (id, name, fixedprice, category) values (119,'Deadly Strike [Beg]',0,'book');
insert into resource (id, name, fixedprice, category) values (120,'Deadly Strike [Int]',0,'book');
insert into resource (id, name, fixedprice, category) values (121,'Deadly Strike [Adv]',0,'book');
insert into resource (id, name, fixedprice, category) values (122,'Deadly Shot [Beg]',0,'book');
insert into resource (id, name, fixedprice, category) values (123,'Deadly Shot [Int]',0,'book');
insert into resource (id, name, fixedprice, category) values (124,'Deadly Shot [Adv]',0,'book');
insert into resource (id, name, fixedprice, category) values (125,'Dark Seed [Beg]',0,'book');
insert into resource (id, name, fixedprice, category) values (126,'Dark Seed [Int]',0,'book');
insert into resource (id, name, fixedprice, category) values (127,'Dark Seed [Adv]',0,'book');
insert into resource (id, name, fixedprice, category) values (128,'Break Down [Beg]',10000,'book');
insert into resource (id, name, fixedprice, category) values (129,'Break Down [Int]',0,'book');
insert into resource (id, name, fixedprice, category) values (130,'Break Down [Adv]',0,'book');
insert into resource (id, name, fixedprice, category) values (131,'Chaos Wind [Beg]',10000,'book');
insert into resource (id, name, fixedprice, category) values (132,'Chaos Wind [Int]',0,'book');
insert into resource (id, name, fixedprice, category) values (133,'Chaos Wind [Adv]',0,'book');
insert into resource (id, name, fixedprice, category) values (134,'Evanescent Scud [Beg]',10000,'book');
insert into resource (id, name, fixedprice, category) values (135,'Evanescent Scud [Int]',0,'book');
insert into resource (id, name, fixedprice, category) values (136,'Evanescent Scud [Adv]',0,'book');
insert into resource (id, name, fixedprice, category) values (137,'Light Slash [Beg]',0,'book');
insert into resource (id, name, fixedprice, category) values (138,'Light Slash [Int]',0,'book');
insert into resource (id, name, fixedprice, category) values (139,'Light Slash [Adv]',0,'book');
insert into resource (id, name, fixedprice, category) values (140,'Shooting Stance [Beg]',0,'book');
insert into resource (id, name, fixedprice, category) values (141,'Shooting Stance [Int]',0,'book');
insert into resource (id, name, fixedprice, category) values (142,'Shooting Stance [Adv]',0,'book');
insert into resource (id, name, fixedprice, category) values (143,'WarCries [Beg]',0,'book');
insert into resource (id, name, fixedprice, category) values (144,'WarCries [Int]',0,'book');
insert into resource (id, name, fixedprice, category) values (145,'WarCries [Adv]',0,'book');
insert into resource (id, name, fixedprice, category) values (146,'Skill Reset Book',0,'book');
insert into resource (id, name, fixedprice, category) values (147,'Small Experience Book',0,'book');
insert into resource (id, name, fixedprice, category) values (148,'Regular Experience Book',0,'book');
insert into resource (id, name, fixedprice, category) values (149,'Book of Experience [Adv]',0,'book');
insert into resource (id, name, fixedprice, category) values (150,'Book of Highest Experience',0,'book');
insert into resource (id, name, fixedprice, category) values (151,'Small Crafting Secrets',0,'book');
insert into resource (id, name, fixedprice, category) values (152,'Ashen Crystal',0,'crystal');
insert into resource (id, name, fixedprice, category) values (153,'Giant Crystal',0,'crystal');
insert into resource (id, name, fixedprice, category) values (154,'Redemption Crystal',0,'crystal');
insert into resource (id, name, fixedprice, category) values (155,'Phoenix Crystal',0,'crystal');
insert into resource (id, name, fixedprice, category) values (156,'Dragon Crystal',0,'crystal');
insert into resource (id, name, fixedprice, category) values (157,'Multi-Hued Crystal Shard',0,'crystal');
insert into resource (id, name, fixedprice, category) values (158,'Crystal of Knowledge',0,'crystal');
insert into resource (id, name, fixedprice, category) values (159,'Crystal of Wisdom',0,'crystal');
insert into resource (id, name, fixedprice, category) values (160,'Crystal of Anguish',0,'crystal');
insert into resource (id, name, fixedprice, category) values (161,'Multi-Hued Crystal',0,'crystal');
insert into resource (id, name, fixedprice, category) values (162,'Ashen Jewel',0,'crystal');
insert into resource (id, name, fixedprice, category) values (163,'Multi-Hued Jewel Shard',0,'crystal');
insert into resource (id, name, fixedprice, category) values (164,'Dragon Jewel',0,'crystal');
insert into resource (id, name, fixedprice, category) values (165,'Phoenix Jewel',0,'crystal');
insert into resource (id, name, fixedprice, category) values (166,'Redemption Jewel',0,'crystal');
insert into resource (id, name, fixedprice, category) values (167,'Giant Jewel',0,'crystal');
insert into resource (id, name, fixedprice, category) values (168,'Multi-Hued Jewel',0,'crystal');
insert into resource (id, name, fixedprice, category) values (169,'Giant Soul Crystal',0,'crystal');
insert into resource (id, name, fixedprice, category) values (170,'Giant Soul Jewel',0,'crystal');
insert into resource (id, name, fixedprice, category) values (171,'Hades Crystal',0,'crystal');
insert into resource (id, name, fixedprice, category) values (172,'Colorful Soul Stone',0,'crystal');
insert into resource (id, name, fixedprice, category) values (173,'Shiny Soul Stone',0,'crystal');
insert into resource (id, name, fixedprice, category) values (174,'Rainbow Soul Stone',0,'crystal');
insert into resource (id, name, fixedprice, category) values (175,'Storm Element',0,'element');
insert into resource (id, name, fixedprice, category) values (176,'Earth Element Shard',100,'element');
insert into resource (id, name, fixedprice, category) values (177,'Sea Element Shard',1000,'element');
insert into resource (id, name, fixedprice, category) values (178,'Flame Element Shard',0,'element');
insert into resource (id, name, fixedprice, category) values (179,'Storm Element Shard',0,'element');
insert into resource (id, name, fixedprice, category) values (180,'Earth Element',0,'element');
insert into resource (id, name, fixedprice, category) values (181,'Sea Element',0,'element');
insert into resource (id, name, fixedprice, category) values (182,'Flame Element',0,'element');
insert into resource (id, name, fixedprice, category) values (183,'Rough Leather',100,'fabric');
insert into resource (id, name, fixedprice, category) values (184,'Common Leather',300,'fabric');
insert into resource (id, name, fixedprice, category) values (185,'Quality Leather',1000,'fabric');
insert into resource (id, name, fixedprice, category) values (186,'Perfect Leather',0,'fabric');
insert into resource (id, name, fixedprice, category) values (187,'Rough Silk',100,'fabric');
insert into resource (id, name, fixedprice, category) values (188,'Common Silk',300,'fabric');
insert into resource (id, name, fixedprice, category) values (189,'Quality Silk',1000,'fabric');
insert into resource (id, name, fixedprice, category) values (190,'Perfect Silk',0,'fabric');
insert into resource (id, name, fixedprice, category) values (191,'Rough Muslin',100,'fabric');
insert into resource (id, name, fixedprice, category) values (192,'Common Muslin',300,'fabric');
insert into resource (id, name, fixedprice, category) values (193,'Quality Muslin',1000,'fabric');
insert into resource (id, name, fixedprice, category) values (194,'Perfect Muslin',0,'fabric');
insert into resource (id, name, fixedprice, category) values (195,'Rough Fur',100,'fabric');
insert into resource (id, name, fixedprice, category) values (196,'Common Fur',300,'fabric');
insert into resource (id, name, fixedprice, category) values (197,'Quality Fur',1000,'fabric');
insert into resource (id, name, fixedprice, category) values (198,'Best Fur',0,'fabric');
insert into resource (id, name, fixedprice, category) values (199,'Colorful Fabric',50000,'fabric');
insert into resource (id, name, fixedprice, category) values (200,'Thin Rayon',0,'fabric');
insert into resource (id, name, fixedprice, category) values (201,'Soft Silk',0,'fabric');
insert into resource (id, name, fixedprice, category) values (202,'Gorgeous Colorful Fabric',0,'fabric');
insert into resource (id, name, fixedprice, category) values (203,'Thread',100,'fabric');
insert into resource (id, name, fixedprice, category) values (204,'Embroidery Thread',300,'fabric');
insert into resource (id, name, fixedprice, category) values (205,'Silver Thread',1000,'fabric');
insert into resource (id, name, fixedprice, category) values (206,'Gold Thread',3000,'fabric');
insert into resource (id, name, fixedprice, category) values (207,'Colorful Thread',0,'fabric');
insert into resource (id, name, fixedprice, category) values (208,'Wisemans Golden Ink Bottle',0,'fishing');
insert into resource (id, name, fixedprice, category) values (209,'Quality Ink Bottle',0,'fishing');
insert into resource (id, name, fixedprice, category) values (210,'Parchment',0,'fishing');
insert into resource (id, name, fixedprice, category) values (211,'Quill',0,'fishing');
insert into resource (id, name, fixedprice, category) values (212,'Top-Grade Ink Bottle',0,'fishing');
insert into resource (id, name, fixedprice, category) values (213,'Whatman Paper',0,'fishing');
insert into resource (id, name, fixedprice, category) values (214,'Yellow Paper',0,'fishing');
insert into resource (id, name, fixedprice, category) values (215,'Fountain Pen',0,'fishing');
insert into resource (id, name, fixedprice, category) values (216,'Ornate Ink Bottle',0,'fishing');
insert into resource (id, name, fixedprice, category) values (217,'Drawing Paper',0,'fishing');
insert into resource (id, name, fixedprice, category) values (218,'Ballpen',0,'fishing');
insert into resource (id, name, fixedprice, category) values (219,'Shiny Ink Bottle',0,'fishing');
insert into resource (id, name, fixedprice, category) values (220,'Magic Parchment',0,'fishing');
insert into resource (id, name, fixedprice, category) values (221,'Magic Pen',0,'fishing');
insert into resource (id, name, fixedprice, category) values (222,'Magical Ink Bottle',0,'fishing');
insert into resource (id, name, fixedprice, category) values (223,'Wisemans Golden Parchment',0,'fishing');
insert into resource (id, name, fixedprice, category) values (224,'Wisemans Golden Pen',0,'fishing');
insert into resource (id, name, fixedprice, category) values (225,'Blue Quill',3000,'fishing');
insert into resource (id, name, fixedprice, category) values (226,'Papyrus',0,'fishing');
insert into resource (id, name, fixedprice, category) values (227,'Small Ink Bottle',0,'fishing');
insert into resource (id, name, fixedprice, category) values (228,'Chinese Paper',0,'fishing');
insert into resource (id, name, fixedprice, category) values (229,'Brush',0,'fishing');
insert into resource (id, name, fixedprice, category) values (230,'Best Bait',0,'fishing');
insert into resource (id, name, fixedprice, category) values (231,'Thick Fishhook',0,'fishing');
insert into resource (id, name, fixedprice, category) values (232,'Iron Fishing Rod',0,'fishing');
insert into resource (id, name, fixedprice, category) values (233,'Mediocre Bait',0,'fishing');
insert into resource (id, name, fixedprice, category) values (234,'Mithril Fishing Rod',0,'fishing');
insert into resource (id, name, fixedprice, category) values (235,'Good Bait',0,'fishing');
insert into resource (id, name, fixedprice, category) values (236,'Sturdy Fishing Line',0,'fishing');
insert into resource (id, name, fixedprice, category) values (237,'Sturdy Fishhook',0,'fishing');
insert into resource (id, name, fixedprice, category) values (238,'Adamantium Fishing Rod',0,'fishing');
insert into resource (id, name, fixedprice, category) values (239,'Thin Fishing Line',0,'fishing');
insert into resource (id, name, fixedprice, category) values (240,'Thin Fishhook',0,'fishing');
insert into resource (id, name, fixedprice, category) values (241,'Bamboo Fishing Rod',0,'fishing');
insert into resource (id, name, fixedprice, category) values (242,'Spoiled Bait',0,'fishing');
insert into resource (id, name, fixedprice, category) values (243,'Maple Fishing Rod',0,'fishing');
insert into resource (id, name, fixedprice, category) values (244,'Crude Bait',0,'fishing');
insert into resource (id, name, fixedprice, category) values (245,'Thick Fishing Line',0,'fishing');
insert into resource (id, name, fixedprice, category) values (246,'Fusian',0,'fishing');
insert into resource (id, name, fixedprice, category) values (247,'Rice',100,'food');
insert into resource (id, name, fixedprice, category) values (248,'Radish',100,'food');
insert into resource (id, name, fixedprice, category) values (249,'Spinach',100,'food');
insert into resource (id, name, fixedprice, category) values (250,'Mushroom',200,'food');
insert into resource (id, name, fixedprice, category) values (251,'Barley',100,'food');
insert into resource (id, name, fixedprice, category) values (252,'Potato',100,'food');
insert into resource (id, name, fixedprice, category) values (253,'Sweet Potato',100,'food');
insert into resource (id, name, fixedprice, category) values (254,'Onion',200,'food');
insert into resource (id, name, fixedprice, category) values (255,'Lemon',0,'food');
insert into resource (id, name, fixedprice, category) values (256,'Cucumber',100,'food');
insert into resource (id, name, fixedprice, category) values (257,'Carrot',100,'food');
insert into resource (id, name, fixedprice, category) values (258,'Garlic',200,'food');
insert into resource (id, name, fixedprice, category) values (259,'Bean',100,'food');
insert into resource (id, name, fixedprice, category) values (260,'Leek',100,'food');
insert into resource (id, name, fixedprice, category) values (261,'Wheat',100,'food');
insert into resource (id, name, fixedprice, category) values (262,'Pork',100,'food');
insert into resource (id, name, fixedprice, category) values (263,'Beef',300,'food');
insert into resource (id, name, fixedprice, category) values (264,'Mutton',500,'food');
insert into resource (id, name, fixedprice, category) values (265,'Chicken',0,'food');
insert into resource (id, name, fixedprice, category) values (266,'Honey',100,'food');
insert into resource (id, name, fixedprice, category) values (267,'Tandoori Tikka',0,'food');
insert into resource (id, name, fixedprice, category) values (268,'Sesame Oil',500,'food');
insert into resource (id, name, fixedprice, category) values (269,'Olive Oil',500,'food');
insert into resource (id, name, fixedprice, category) values (270,'Salt',100,'food');
insert into resource (id, name, fixedprice, category) values (271,'Carp',300,'food');
insert into resource (id, name, fixedprice, category) values (272,'Octopus',100,'food');
insert into resource (id, name, fixedprice, category) values (273,'Shrimp',100,'food');
insert into resource (id, name, fixedprice, category) values (274,'Dumpling',1000,'food');
insert into resource (id, name, fixedprice, category) values (275,'Grilled Pork',1200,'food');
insert into resource (id, name, fixedprice, category) values (276,'Grilled Shrimp',0,'food');
insert into resource (id, name, fixedprice, category) values (277,'Octopus Soup',0,'food');
insert into resource (id, name, fixedprice, category) values (278,'Trilbolite',0,'food');
insert into resource (id, name, fixedprice, category) values (279,'Shark',0,'food');
insert into resource (id, name, fixedprice, category) values (280,'Deep Sea Fish',0,'food');
insert into resource (id, name, fixedprice, category) values (281,'Salmon',0,'food');
insert into resource (id, name, fixedprice, category) values (282,'Tuna',0,'food');
insert into resource (id, name, fixedprice, category) values (283,'Red Snapper',0,'food');
insert into resource (id, name, fixedprice, category) values (284,'BlowFish',0,'food');
insert into resource (id, name, fixedprice, category) values (285,'Tandoori',0,'food');
insert into resource (id, name, fixedprice, category) values (286,'Thali',0,'food');
insert into resource (id, name, fixedprice, category) values (287,'Stew',3500,'food');
insert into resource (id, name, fixedprice, category) values (288,'Roasted Mushroom',4100,'food');
insert into resource (id, name, fixedprice, category) values (289,'Steak',0,'food');
insert into resource (id, name, fixedprice, category) values (290,'Roasted Mutton',0,'food');
insert into resource (id, name, fixedprice, category) values (291,'Barley Bimbimbap',0,'food');
insert into resource (id, name, fixedprice, category) values (292,'Simmered Carp',0,'food');
insert into resource (id, name, fixedprice, category) values (293,'Manchu Han Imperial Feast',0,'food');
insert into resource (id, name, fixedprice, category) values (294,'Heavenly Feast',0,'food');
insert into resource (id, name, fixedprice, category) values (295,'Ambrosia',0,'food');
insert into resource (id, name, fixedprice, category) values (296,'Prussian Carp',0,'food');
insert into resource (id, name, fixedprice, category) values (297,'Mackerel Pike',0,'food');
insert into resource (id, name, fixedprice, category) values (298,'HairTail',0,'food');
insert into resource (id, name, fixedprice, category) values (299,'Eel',0,'food');
insert into resource (id, name, fixedprice, category) values (300,'Skate',0,'food');
insert into resource (id, name, fixedprice, category) values (301,'Search Robot VC1',0,'machine');
insert into resource (id, name, fixedprice, category) values (302,'Small Catapult',0,'machine');
insert into resource (id, name, fixedprice, category) values (303,'Crude Automaton',0,'machine');
insert into resource (id, name, fixedprice, category) values (304,'Auto Fishing Doll MK-I',0,'machine');
insert into resource (id, name, fixedprice, category) values (305,'Siege Catapult',0,'machine');
insert into resource (id, name, fixedprice, category) values (306,'Elaborate Automaton',0,'machine');
insert into resource (id, name, fixedprice, category) values (307,'Ballista',0,'machine');
insert into resource (id, name, fixedprice, category) values (308,'Auto Fishing Doll MK-II',0,'machine');
insert into resource (id, name, fixedprice, category) values (309,'Broken Steam Engine',0,'machine');
insert into resource (id, name, fixedprice, category) values (310,'Powder of Musk',0,'medicine');
insert into resource (id, name, fixedprice, category) values (311,'Mandragora',0,'medicine');
insert into resource (id, name, fixedprice, category) values (312,'Mysterious Vial: Valor',500000,'medicine');
insert into resource (id, name, fixedprice, category) values (313,'Mysterious Vial: Wisdom',650000,'medicine');
insert into resource (id, name, fixedprice, category) values (314,'Mysterious Vial: Death',800000,'medicine');
insert into resource (id, name, fixedprice, category) values (315,'Secret Vial of Potential [Beg]',0,'medicine');
insert into resource (id, name, fixedprice, category) values (316,'Power Potion',0,'medicine');
insert into resource (id, name, fixedprice, category) values (317,'Lucky Wood Piece',0,'medicine');
insert into resource (id, name, fixedprice, category) values (318,'Revival Plant',0,'medicine');
insert into resource (id, name, fixedprice, category) values (319,'Healing Potion [Low]',1500,'medicine');
insert into resource (id, name, fixedprice, category) values (320,'Healing Potion [Mid]',8000,'medicine');
insert into resource (id, name, fixedprice, category) values (321,'Healing Potion [High]',0,'medicine');
insert into resource (id, name, fixedprice, category) values (322,'Healing Potion',0,'medicine');
insert into resource (id, name, fixedprice, category) values (323,'Mana Potion [Low]',1500,'medicine');
insert into resource (id, name, fixedprice, category) values (324,'Mana Potion [Mid]',8000,'medicine');
insert into resource (id, name, fixedprice, category) values (325,'Mana Potion [High]',0,'medicine');
insert into resource (id, name, fixedprice, category) values (326,'Mana Potion',0,'medicine');
insert into resource (id, name, fixedprice, category) values (327,'Elixir [Beg]',0,'medicine');
insert into resource (id, name, fixedprice, category) values (328,'Elixir [Int]',0,'medicine');
insert into resource (id, name, fixedprice, category) values (329,'Elixir [Adv]',0,'medicine');
insert into resource (id, name, fixedprice, category) values (330,'Elixir [Pre]',0,'medicine');
insert into resource (id, name, fixedprice, category) values (331,'Antidote [Low]',1500,'medicine');
insert into resource (id, name, fixedprice, category) values (332,'Antidote [Mid]',4000,'medicine');
insert into resource (id, name, fixedprice, category) values (333,'Antidote [High]',0,'medicine');
insert into resource (id, name, fixedprice, category) values (334,'Antidote [Pre]',0,'medicine');
insert into resource (id, name, fixedprice, category) values (335,'Life Potion [Low]',1500,'medicine');
insert into resource (id, name, fixedprice, category) values (336,'Life Potion [Mid]',3000,'medicine');
insert into resource (id, name, fixedprice, category) values (337,'Life Potion [Adv]',8000,'medicine');
insert into resource (id, name, fixedprice, category) values (338,'Life Potion [Pre]',0,'medicine');
insert into resource (id, name, fixedprice, category) values (339,'Growth Vial [Low]',10000,'medicine');
insert into resource (id, name, fixedprice, category) values (340,'Growth Vial [Mid]',30000,'medicine');
insert into resource (id, name, fixedprice, category) values (341,'Growth Vial [Adv]',0,'medicine');
insert into resource (id, name, fixedprice, category) values (342,'Growth Vial [Pre]',0,'medicine');
insert into resource (id, name, fixedprice, category) values (343,'Strength Refund Vial',0,'medicine');
insert into resource (id, name, fixedprice, category) values (344,'Intelligence Refund Vial',0,'medicine');
insert into resource (id, name, fixedprice, category) values (345,'Agility Refund Vial',0,'medicine');
insert into resource (id, name, fixedprice, category) values (346,'Vitality Refund Vial',0,'medicine');
insert into resource (id, name, fixedprice, category) values (347,'Polish',4000,'medicine');
insert into resource (id, name, fixedprice, category) values (348,'Fusing Agent',2000,'medicine');
insert into resource (id, name, fixedprice, category) values (349,'Leather Protectant',500,'medicine');
insert into resource (id, name, fixedprice, category) values (350,'Glue',500,'medicine');
insert into resource (id, name, fixedprice, category) values (351,'Ginseng',100,'medicine');
insert into resource (id, name, fixedprice, category) values (352,'Holly',100,'medicine');
insert into resource (id, name, fixedprice, category) values (353,'Dogwood Fruit',100,'medicine');
insert into resource (id, name, fixedprice, category) values (354,'Mandrake Root',100,'medicine');
insert into resource (id, name, fixedprice, category) values (355,'Eucalyptus',200,'medicine');
insert into resource (id, name, fixedprice, category) values (356,'Green Mold',200,'medicine');
insert into resource (id, name, fixedprice, category) values (357,'Deer Antler',200,'medicine');
insert into resource (id, name, fixedprice, category) values (358,'Valerian',200,'medicine');
insert into resource (id, name, fixedprice, category) values (359,'Hyssop',200,'medicine');
insert into resource (id, name, fixedprice, category) values (360,'Peppermint',200,'medicine');
insert into resource (id, name, fixedprice, category) values (361,'Willow Bark',300,'medicine');
insert into resource (id, name, fixedprice, category) values (362,'Ginger',300,'medicine');
insert into resource (id, name, fixedprice, category) values (363,'Chrysanthemum',300,'medicine');
insert into resource (id, name, fixedprice, category) values (364,'Coriander',300,'medicine');
insert into resource (id, name, fixedprice, category) values (365,'Jasmine',300,'medicine');
insert into resource (id, name, fixedprice, category) values (366,'Laurel',300,'medicine');
insert into resource (id, name, fixedprice, category) values (367,'Angelica',300,'medicine');
insert into resource (id, name, fixedprice, category) values (368,'Lambs Ear',300,'medicine');
insert into resource (id, name, fixedprice, category) values (369,'Cyclamen',1000,'medicine');
insert into resource (id, name, fixedprice, category) values (370,'Anise',1000,'medicine');
insert into resource (id, name, fixedprice, category) values (371,'Igdrasils Leaf',0,'medicine');
insert into resource (id, name, fixedprice, category) values (372,'Igdrasils Fruit',0,'medicine');
insert into resource (id, name, fixedprice, category) values (373,'Coal',1000,'mineral');
insert into resource (id, name, fixedprice, category) values (374,'Coke',2000,'mineral');
insert into resource (id, name, fixedprice, category) values (375,'Oil',3000,'mineral');
insert into resource (id, name, fixedprice, category) values (376,'Refined Oil',18000,'mineral');
insert into resource (id, name, fixedprice, category) values (377,'Iron Sand',150,'mineral');
insert into resource (id, name, fixedprice, category) values (378,'Iron Ore',0,'mineral');
insert into resource (id, name, fixedprice, category) values (379,'Refined Iron Ore',1000,'mineral');
insert into resource (id, name, fixedprice, category) values (380,'Iron Ingot',0,'mineral');
insert into resource (id, name, fixedprice, category) values (381,'Refined Iron Ingot',5000,'mineral');
insert into resource (id, name, fixedprice, category) values (382,'Steel',0,'mineral');
insert into resource (id, name, fixedprice, category) values (383,'Refined Steel',20000,'mineral');
insert into resource (id, name, fixedprice, category) values (384,'Steel Ingot',0,'mineral');
insert into resource (id, name, fixedprice, category) values (385,'Copper Flakes',100,'mineral');
insert into resource (id, name, fixedprice, category) values (386,'Copper Ore',300,'mineral');
insert into resource (id, name, fixedprice, category) values (387,'Copper Ingot',500,'mineral');
insert into resource (id, name, fixedprice, category) values (388,'Brass',1000,'mineral');
insert into resource (id, name, fixedprice, category) values (389,'Gold Dust',450,'mineral');
insert into resource (id, name, fixedprice, category) values (390,'Gold Ore',1350,'mineral');
insert into resource (id, name, fixedprice, category) values (391,'Gold Ingot',2250,'mineral');
insert into resource (id, name, fixedprice, category) values (392,'Silver Dust',300,'mineral');
insert into resource (id, name, fixedprice, category) values (393,'Silver Ore',900,'mineral');
insert into resource (id, name, fixedprice, category) values (394,'Silver Ingot',1500,'mineral');
insert into resource (id, name, fixedprice, category) values (395,'Emerald',5000,'mineral');
insert into resource (id, name, fixedprice, category) values (396,'Topaz',5000,'mineral');
insert into resource (id, name, fixedprice, category) values (397,'Jade',500,'mineral');
insert into resource (id, name, fixedprice, category) values (398,'Clay',100,'mineral');
insert into resource (id, name, fixedprice, category) values (399,'Platinum Ore',600,'mineral');
insert into resource (id, name, fixedprice, category) values (400,'Platinum',1800,'mineral');
insert into resource (id, name, fixedprice, category) values (401,'Platinum Ingot',0,'mineral');
insert into resource (id, name, fixedprice, category) values (402,'Magnesium',200,'mineral');
insert into resource (id, name, fixedprice, category) values (403,'Sulfur',500,'mineral');
insert into resource (id, name, fixedprice, category) values (404,'Mercury',1000,'mineral');
insert into resource (id, name, fixedprice, category) values (405,'Nickel',2000,'mineral');
insert into resource (id, name, fixedprice, category) values (406,'Zinc',100,'mineral');
insert into resource (id, name, fixedprice, category) values (407,'Pearl',500,'mineral');
insert into resource (id, name, fixedprice, category) values (408,'Amber',1000,'mineral');
insert into resource (id, name, fixedprice, category) values (409,'Mithril Ore',0,'mineral');
insert into resource (id, name, fixedprice, category) values (410,'Refined Mithril Ore',2800,'mineral');
insert into resource (id, name, fixedprice, category) values (411,'Mithril',0,'mineral');
insert into resource (id, name, fixedprice, category) values (412,'Refined Mithril',14000,'mineral');
insert into resource (id, name, fixedprice, category) values (413,'Mithril Ingot',0,'mineral');
insert into resource (id, name, fixedprice, category) values (414,'Refined Mithril Ingot',0,'mineral');
insert into resource (id, name, fixedprice, category) values (415,'Coral',100,'mineral');
insert into resource (id, name, fixedprice, category) values (416,'Crystal',1000,'mineral');
insert into resource (id, name, fixedprice, category) values (417,'Small Diamond',25000,'mineral');
insert into resource (id, name, fixedprice, category) values (418,'Large Diamond',0,'mineral');
insert into resource (id, name, fixedprice, category) values (419,'Powder of Life',7000,'mineral');
insert into resource (id, name, fixedprice, category) values (420,'Powder of Spirit',10000,'mineral');
insert into resource (id, name, fixedprice, category) values (421,'Powder of Soul',15000,'mineral');
insert into resource (id, name, fixedprice, category) values (422,'Powder of Light',0,'mineral');
insert into resource (id, name, fixedprice, category) values (423,'Powder of Darkness',0,'mineral');
insert into resource (id, name, fixedprice, category) values (424,'Fragment of Divine',0,'mineral');
insert into resource (id, name, fixedprice, category) values (425,'Crystal of Magic',0,'mineral');
insert into resource (id, name, fixedprice, category) values (426,'Tanzanite',100000,'mineral');
insert into resource (id, name, fixedprice, category) values (427,'Opal',0,'mineral');
insert into resource (id, name, fixedprice, category) values (428,'Ruby',0,'mineral');
insert into resource (id, name, fixedprice, category) values (429,'Nitroglycerin',0,'mineral');
insert into resource (id, name, fixedprice, category) values (430,'Adamantium Ore',30000,'mineral');
insert into resource (id, name, fixedprice, category) values (431,'Adamantium',0,'mineral');
insert into resource (id, name, fixedprice, category) values (432,'Adamantium Ingot',0,'mineral');
insert into resource (id, name, fixedprice, category) values (433,'Imitation of Oriharukon',0,'mineral');
insert into resource (id, name, fixedprice, category) values (434,'Blue Sapphire',0,'mineral');
insert into resource (id, name, fixedprice, category) values (435,'Blue Onyx',0,'mineral');
insert into resource (id, name, fixedprice, category) values (436,'Red Onyx',0,'mineral');
insert into resource (id, name, fixedprice, category) values (437,'Weak Gunpowder',100,'misc');
insert into resource (id, name, fixedprice, category) values (438,'Common Gunpowder',2000,'misc');
insert into resource (id, name, fixedprice, category) values (439,'Small Feather',100,'misc');
insert into resource (id, name, fixedprice, category) values (440,'Normal Feather',1000,'misc');
insert into resource (id, name, fixedprice, category) values (441,'Tannin',5000,'misc');
insert into resource (id, name, fixedprice, category) values (442,'Carmine',5000,'misc');
insert into resource (id, name, fixedprice, category) values (443,'Broken Animal Bones',300,'misc');
insert into resource (id, name, fixedprice, category) values (444,'Small Animal Bone',1300,'misc');
insert into resource (id, name, fixedprice, category) values (445,'Thick Animal Bone',6500,'misc');
insert into resource (id, name, fixedprice, category) values (446,'Large Animal Bone',13000,'misc');
insert into resource (id, name, fixedprice, category) values (447,'Soft Hair',0,'misc');
insert into resource (id, name, fixedprice, category) values (448,'Solid Shell',0,'misc');
insert into resource (id, name, fixedprice, category) values (449,'Sharpen Claw',0,'misc');
insert into resource (id, name, fixedprice, category) values (450,'Sharpen Tooth',0,'misc');
insert into resource (id, name, fixedprice, category) values (451,'Ivory',500,'misc');
insert into resource (id, name, fixedprice, category) values (452,'Shining Glass',5000,'misc');
insert into resource (id, name, fixedprice, category) values (453,'Energy of Soil',10000,'misc');
insert into resource (id, name, fixedprice, category) values (454,'Energy of Ground',20000,'misc');
insert into resource (id, name, fixedprice, category) values (455,'Energy of Earth',40000,'misc');
insert into resource (id, name, fixedprice, category) values (456,'Energy of Continent',80000,'misc');
insert into resource (id, name, fixedprice, category) values (457,'Energy of Atomosphere',10000,'misc');
insert into resource (id, name, fixedprice, category) values (458,'Energy of Cloud',20000,'misc');
insert into resource (id, name, fixedprice, category) values (459,'Energy of Hail',40000,'misc');
insert into resource (id, name, fixedprice, category) values (460,'Energy of Sky',80000,'misc');
insert into resource (id, name, fixedprice, category) values (461,'Energy of Wind',20000,'misc');
insert into resource (id, name, fixedprice, category) values (462,'Power of Night',10000,'misc');
insert into resource (id, name, fixedprice, category) values (463,'Power of Dark',20000,'misc');
insert into resource (id, name, fixedprice, category) values (464,'Power of Midnight',40000,'misc');
insert into resource (id, name, fixedprice, category) values (465,'Power of Nightmare',80000,'misc');
insert into resource (id, name, fixedprice, category) values (466,'Still-Beating Heart',140000,'misc');
insert into resource (id, name, fixedprice, category) values (467,'Gilgameshs Sword Shard',280000,'misc');
insert into resource (id, name, fixedprice, category) values (468,'Gold Dragon Scale',150000,'misc');
insert into resource (id, name, fixedprice, category) values (469,'Warriors Sign',0,'misc');
insert into resource (id, name, fixedprice, category) values (470,'Tears of the Abyss',0,'misc');
insert into resource (id, name, fixedprice, category) values (471,'Captured Ankara Owl',0,'misc');
insert into resource (id, name, fixedprice, category) values (472,'Small Marionette',0,'misc');
insert into resource (id, name, fixedprice, category) values (473,'Horse Hair',0,'misc');
insert into resource (id, name, fixedprice, category) values (474,'Horse Hoof',0,'misc');
insert into resource (id, name, fixedprice, category) values (475,'Alberts Fishing Tackle',0,'misc');
insert into resource (id, name, fixedprice, category) values (476,'Seal of Crazy Lord',0,'misc');
insert into resource (id, name, fixedprice, category) values (477,'Ugry Fish',100000,'misc');
insert into resource (id, name, fixedprice, category) values (478,'Frozen Soul',60000,'misc');
insert into resource (id, name, fixedprice, category) values (479,'Shattered Ice',40000,'misc');
insert into resource (id, name, fixedprice, category) values (480,'Pure Dragons Blood',70000,'misc');
insert into resource (id, name, fixedprice, category) values (481,'Heros Blood',0,'misc');
insert into resource (id, name, fixedprice, category) values (482,'Old Spartans Shield',0,'misc');
insert into resource (id, name, fixedprice, category) values (483,'Secret Vial of Amnesia',0,'misc');
insert into resource (id, name, fixedprice, category) values (484,'Secret Vial of Rebirth',0,'misc');
insert into resource (id, name, fixedprice, category) values (485,'Weapon Repair Stone [Beg]',3750,'stone');
insert into resource (id, name, fixedprice, category) values (486,'Weapon Repair Stone [Mid]',15000,'stone');
insert into resource (id, name, fixedprice, category) values (487,'Weapon Repair Stone [Adv]',150000,'stone');
insert into resource (id, name, fixedprice, category) values (488,'Weapon Repair Stone [Max]',300000,'stone');
insert into resource (id, name, fixedprice, category) values (489,'Armor Repair Stone [Beg]',3750,'stone');
insert into resource (id, name, fixedprice, category) values (490,'Armor Repair Stone [Mid]',15000,'stone');
insert into resource (id, name, fixedprice, category) values (491,'Armor Repair Stone [Adv]',150000,'stone');
insert into resource (id, name, fixedprice, category) values (492,'Armor Repair Stone [Max]',300000,'stone');
insert into resource (id, name, fixedprice, category) values (493,'Weapon Enchant Stone [Beg]',1000,'stone');
insert into resource (id, name, fixedprice, category) values (494,'Weapon Enchant Stone [Int]',0,'stone');
insert into resource (id, name, fixedprice, category) values (495,'Weapon Enchant Stone [Adv]',0,'stone');
insert into resource (id, name, fixedprice, category) values (496,'Weapon Enchant Stone [Max]',0,'stone');
insert into resource (id, name, fixedprice, category) values (497,'Accessory Enhance Stone [Beg]',0,'stone');
insert into resource (id, name, fixedprice, category) values (498,'Accessory Enhance Stone [Int]',0,'stone');
insert into resource (id, name, fixedprice, category) values (499,'Accessory Enhance Stone [Adv]',0,'stone');
insert into resource (id, name, fixedprice, category) values (500,'Accessory Enhance Stone [Pre]',0,'stone');
insert into resource (id, name, fixedprice, category) values (501,'Armor Enchant Stone [Beg]',1000,'stone');
insert into resource (id, name, fixedprice, category) values (502,'Armor Enchant Stone [Int]',0,'stone');
insert into resource (id, name, fixedprice, category) values (503,'Armor Enchant Stone [Adv]',0,'stone');
insert into resource (id, name, fixedprice, category) values (504,'Armor Enchant Stone [Max]',0,'stone');
insert into resource (id, name, fixedprice, category) values (505,'Accessory Enchant Stone [Beg]',0,'stone');
insert into resource (id, name, fixedprice, category) values (506,'Accessory Enchant Stone [Int]',0,'stone');
insert into resource (id, name, fixedprice, category) values (507,'Accessory Enchant Stone [Adv]',0,'stone');
insert into resource (id, name, fixedprice, category) values (508,'Accessory Enchant Stone [Max]',0,'stone');
insert into resource (id, name, fixedprice, category) values (509,'Weapon Enhance Stone [Beg]',0,'stone');
insert into resource (id, name, fixedprice, category) values (510,'Weapon Enhance Stone [Int]',0,'stone');
insert into resource (id, name, fixedprice, category) values (511,'Weapon Enhance Stone [Adv]',0,'stone');
insert into resource (id, name, fixedprice, category) values (512,'Weapon Enhance Stone [Pre]',0,'stone');
insert into resource (id, name, fixedprice, category) values (513,'Armor Enhance Stone [Beg]',0,'stone');
insert into resource (id, name, fixedprice, category) values (514,'Armor Enhance Stone [Int]',0,'stone');
insert into resource (id, name, fixedprice, category) values (515,'Armor Enhance Stone[Adv]',0,'stone');
insert into resource (id, name, fixedprice, category) values (516,'Armor Enhance Stone[Pre]',0,'stone');
insert into resource (id, name, fixedprice, category) values (517,'Normal Dynamite',0,'tool');
insert into resource (id, name, fixedprice, category) values (518,'Small Lever',0,'tool');
insert into resource (id, name, fixedprice, category) values (519,'Vulcans Hammer',0,'tool');
insert into resource (id, name, fixedprice, category) values (520,'Animal Replica',0,'tool');
insert into resource (id, name, fixedprice, category) values (521,'Hammer [Beg]',100,'tool');
insert into resource (id, name, fixedprice, category) values (522,'Hammer [Int]',1500,'tool');
insert into resource (id, name, fixedprice, category) values (523,'Hammer [Adv]',3000,'tool');
insert into resource (id, name, fixedprice, category) values (524,'Hammer [Pre]',0,'tool');
insert into resource (id, name, fixedprice, category) values (525,'Small Bolt',0,'tool');
insert into resource (id, name, fixedprice, category) values (526,'Weak Dynamite',0,'tool');
insert into resource (id, name, fixedprice, category) values (527,'Slab of Lumber',1000,'wood');
insert into resource (id, name, fixedprice, category) values (528,'Small Tree Branch',100,'wood');
insert into resource (id, name, fixedprice, category) values (529,'Thick Tree Branch',300,'wood');
insert into resource (id, name, fixedprice, category) values (530,'Big Slab of Lumber',0,'wood');
insert into resource (id, name, fixedprice, category) values (531,'Bamboo',200,'wood');
insert into resource (id, name, fixedprice, category) values (532,'Oak',300,'wood');
insert into resource (id, name, fixedprice, category) values (533,'CharCoal',400,'wood');
insert into resource (id, name, fixedprice, category) values (534,'Maple',100,'wood');
insert into resource (id, name, fixedprice, category) values (535,'Pine',500,'wood');
insert into resource (id, name, fixedprice, category) values (536,'Raw Rubber',500,'wood');


insert into craftable (id, category, name, batch, workload, level) values (1,'action','Auto-Craft [Beg]',2,50000,1);
insert into formula (craftable_id, resource_id, amount) values (1,157,5);
insert into formula (craftable_id, resource_id, amount) values (1,419,100);
insert into formula (craftable_id, resource_id, amount) values (1,521,100);
insert into formula (craftable_id, resource_id, amount) values (1,493,10);
insert into formula (craftable_id, resource_id, amount) values (1,501,10);
insert into craftable (id, category, name, batch, workload, level) values (2,'action','Fishing Action [Beg]',2,70000,10);
insert into formula (craftable_id, resource_id, amount) values (2,157,5);
insert into formula (craftable_id, resource_id, amount) values (2,419,50);
insert into formula (craftable_id, resource_id, amount) values (2,241,5);
insert into formula (craftable_id, resource_id, amount) values (2,243,5);
insert into formula (craftable_id, resource_id, amount) values (2,242,100);
insert into formula (craftable_id, resource_id, amount) values (2,244,100);
insert into craftable (id, category, name, batch, workload, level) values (3,'action','Auto-Craft [Int]',4,210000,15);
insert into formula (craftable_id, resource_id, amount) values (3,161,1);
insert into formula (craftable_id, resource_id, amount) values (3,420,100);
insert into formula (craftable_id, resource_id, amount) values (3,522,50);
insert into formula (craftable_id, resource_id, amount) values (3,494,5);
insert into formula (craftable_id, resource_id, amount) values (3,502,5);
insert into formula (craftable_id, resource_id, amount) values (3,303,2);
insert into craftable (id, category, name, batch, workload, level) values (4,'action','Fishing Action [Int]',4,270000,17);
insert into formula (craftable_id, resource_id, amount) values (4,161,1);
insert into formula (craftable_id, resource_id, amount) values (4,420,50);
insert into formula (craftable_id, resource_id, amount) values (4,232,5);
insert into formula (craftable_id, resource_id, amount) values (4,234,5);
insert into formula (craftable_id, resource_id, amount) values (4,233,100);
insert into formula (craftable_id, resource_id, amount) values (4,235,100);
insert into formula (craftable_id, resource_id, amount) values (4,304,2);
insert into craftable (id, category, name, batch, workload, level) values (5,'action','Auto-Craft [Adv]',4,530000,20);
insert into formula (craftable_id, resource_id, amount) values (5,163,1);
insert into formula (craftable_id, resource_id, amount) values (5,421,100);
insert into formula (craftable_id, resource_id, amount) values (5,523,50);
insert into formula (craftable_id, resource_id, amount) values (5,495,5);
insert into formula (craftable_id, resource_id, amount) values (5,503,5);
insert into formula (craftable_id, resource_id, amount) values (5,306,3);
insert into craftable (id, category, name, batch, workload, level) values (6,'action','Fishing Action [Adv]',4,670000,25);
insert into formula (craftable_id, resource_id, amount) values (6,163,2);
insert into formula (craftable_id, resource_id, amount) values (6,421,50);
insert into formula (craftable_id, resource_id, amount) values (6,238,10);
insert into formula (craftable_id, resource_id, amount) values (6,230,200);
insert into formula (craftable_id, resource_id, amount) values (6,308,3);
insert into craftable (id, category, name, batch, workload, level) values (7,'armor','Spirit Armor',1,350,1);
insert into formula (craftable_id, resource_id, amount) values (7,385,3);
insert into formula (craftable_id, resource_id, amount) values (7,534,1);
insert into formula (craftable_id, resource_id, amount) values (7,183,3);
insert into craftable (id, category, name, batch, workload, level) values (8,'armor','Red-Soul Robe',1,2200,4);
insert into formula (craftable_id, resource_id, amount) values (8,415,5);
insert into formula (craftable_id, resource_id, amount) values (8,407,1);
insert into formula (craftable_id, resource_id, amount) values (8,377,4);
insert into formula (craftable_id, resource_id, amount) values (8,184,2);
insert into formula (craftable_id, resource_id, amount) values (8,176,1);
insert into craftable (id, category, name, batch, workload, level) values (9,'armor','Deep-Sea Light Armor',1,2200,5);
insert into formula (craftable_id, resource_id, amount) values (9,415,5);
insert into formula (craftable_id, resource_id, amount) values (9,407,1);
insert into formula (craftable_id, resource_id, amount) values (9,377,4);
insert into formula (craftable_id, resource_id, amount) values (9,184,2);
insert into formula (craftable_id, resource_id, amount) values (9,176,1);
insert into craftable (id, category, name, batch, workload, level) values (10,'armor','Ocean Heavy Armor',1,2200,6);
insert into formula (craftable_id, resource_id, amount) values (10,415,5);
insert into formula (craftable_id, resource_id, amount) values (10,407,1);
insert into formula (craftable_id, resource_id, amount) values (10,377,4);
insert into formula (craftable_id, resource_id, amount) values (10,184,2);
insert into formula (craftable_id, resource_id, amount) values (10,176,1);
insert into craftable (id, category, name, batch, workload, level) values (11,'armor','Krishnas Robe',1,7300,9);
insert into formula (craftable_id, resource_id, amount) values (11,377,10);
insert into formula (craftable_id, resource_id, amount) values (11,533,8);
insert into formula (craftable_id, resource_id, amount) values (11,385,4);
insert into formula (craftable_id, resource_id, amount) values (11,398,4);
insert into formula (craftable_id, resource_id, amount) values (11,183,4);
insert into formula (craftable_id, resource_id, amount) values (11,195,3);
insert into formula (craftable_id, resource_id, amount) values (11,176,3);
insert into craftable (id, category, name, batch, workload, level) values (12,'armor','Ogre Light Armor',1,7300,10);
insert into formula (craftable_id, resource_id, amount) values (12,377,10);
insert into formula (craftable_id, resource_id, amount) values (12,533,8);
insert into formula (craftable_id, resource_id, amount) values (12,385,4);
insert into formula (craftable_id, resource_id, amount) values (12,398,4);
insert into formula (craftable_id, resource_id, amount) values (12,183,4);
insert into formula (craftable_id, resource_id, amount) values (12,195,3);
insert into formula (craftable_id, resource_id, amount) values (12,176,3);
insert into craftable (id, category, name, batch, workload, level) values (13,'armor','Rakshasas Heavy Armor',1,7300,11);
insert into formula (craftable_id, resource_id, amount) values (13,377,10);
insert into formula (craftable_id, resource_id, amount) values (13,533,8);
insert into formula (craftable_id, resource_id, amount) values (13,385,4);
insert into formula (craftable_id, resource_id, amount) values (13,398,4);
insert into formula (craftable_id, resource_id, amount) values (13,183,4);
insert into formula (craftable_id, resource_id, amount) values (13,195,3);
insert into formula (craftable_id, resource_id, amount) values (13,176,3);
insert into craftable (id, category, name, batch, workload, level) values (14,'armor','Saviors Robe',1,20100,16);
insert into formula (craftable_id, resource_id, amount) values (14,379,7);
insert into formula (craftable_id, resource_id, amount) values (14,373,3);
insert into formula (craftable_id, resource_id, amount) values (14,386,4);
insert into formula (craftable_id, resource_id, amount) values (14,184,4);
insert into formula (craftable_id, resource_id, amount) values (14,196,4);
insert into formula (craftable_id, resource_id, amount) values (14,408,2);
insert into formula (craftable_id, resource_id, amount) values (14,176,20);
insert into formula (craftable_id, resource_id, amount) values (14,177,2);
insert into craftable (id, category, name, batch, workload, level) values (15,'armor','Assasins Light Armor',1,20100,18);
insert into formula (craftable_id, resource_id, amount) values (15,379,7);
insert into formula (craftable_id, resource_id, amount) values (15,373,3);
insert into formula (craftable_id, resource_id, amount) values (15,386,4);
insert into formula (craftable_id, resource_id, amount) values (15,184,4);
insert into formula (craftable_id, resource_id, amount) values (15,196,4);
insert into formula (craftable_id, resource_id, amount) values (15,408,2);
insert into formula (craftable_id, resource_id, amount) values (15,176,20);
insert into formula (craftable_id, resource_id, amount) values (15,177,2);
insert into craftable (id, category, name, batch, workload, level) values (16,'armor','Destroyers Heavy Armor',1,20100,20);
insert into formula (craftable_id, resource_id, amount) values (16,379,7);
insert into formula (craftable_id, resource_id, amount) values (16,373,3);
insert into formula (craftable_id, resource_id, amount) values (16,386,4);
insert into formula (craftable_id, resource_id, amount) values (16,184,4);
insert into formula (craftable_id, resource_id, amount) values (16,196,4);
insert into formula (craftable_id, resource_id, amount) values (16,408,2);
insert into formula (craftable_id, resource_id, amount) values (16,176,20);
insert into formula (craftable_id, resource_id, amount) values (16,177,2);
insert into craftable (id, category, name, batch, workload, level) values (17,'armor','Walachia Robe',1,55300,26);
insert into formula (craftable_id, resource_id, amount) values (17,184,15);
insert into formula (craftable_id, resource_id, amount) values (17,204,5);
insert into formula (craftable_id, resource_id, amount) values (17,379,10);
insert into formula (craftable_id, resource_id, amount) values (17,386,10);
insert into formula (craftable_id, resource_id, amount) values (17,390,10);
insert into formula (craftable_id, resource_id, amount) values (17,393,10);
insert into formula (craftable_id, resource_id, amount) values (17,397,5);
insert into formula (craftable_id, resource_id, amount) values (17,177,5);
insert into craftable (id, category, name, batch, workload, level) values (18,'armor','Walachia Light Armor',1,55300,28);
insert into formula (craftable_id, resource_id, amount) values (18,184,15);
insert into formula (craftable_id, resource_id, amount) values (18,204,5);
insert into formula (craftable_id, resource_id, amount) values (18,379,10);
insert into formula (craftable_id, resource_id, amount) values (18,386,10);
insert into formula (craftable_id, resource_id, amount) values (18,390,10);
insert into formula (craftable_id, resource_id, amount) values (18,393,10);
insert into formula (craftable_id, resource_id, amount) values (18,397,5);
insert into formula (craftable_id, resource_id, amount) values (18,177,5);
insert into craftable (id, category, name, batch, workload, level) values (19,'armor','Walachia Heavy Armor',1,55300,30);
insert into formula (craftable_id, resource_id, amount) values (19,184,15);
insert into formula (craftable_id, resource_id, amount) values (19,204,5);
insert into formula (craftable_id, resource_id, amount) values (19,379,10);
insert into formula (craftable_id, resource_id, amount) values (19,386,10);
insert into formula (craftable_id, resource_id, amount) values (19,390,10);
insert into formula (craftable_id, resource_id, amount) values (19,393,10);
insert into formula (craftable_id, resource_id, amount) values (19,397,5);
insert into formula (craftable_id, resource_id, amount) values (19,177,5);
insert into craftable (id, category, name, batch, workload, level) values (20,'armor','Blood Knight Robe',1,99500,31);
insert into formula (craftable_id, resource_id, amount) values (20,184,5);
insert into formula (craftable_id, resource_id, amount) values (20,196,2);
insert into formula (craftable_id, resource_id, amount) values (20,373,5);
insert into formula (craftable_id, resource_id, amount) values (20,379,3);
insert into formula (craftable_id, resource_id, amount) values (20,393,6);
insert into formula (craftable_id, resource_id, amount) values (20,390,5);
insert into formula (craftable_id, resource_id, amount) values (20,407,2);
insert into formula (craftable_id, resource_id, amount) values (20,177,25);
insert into formula (craftable_id, resource_id, amount) values (20,348,1);
insert into formula (craftable_id, resource_id, amount) values (20,469,1);
insert into formula (craftable_id, resource_id, amount) values (20,466,1);
insert into craftable (id, category, name, batch, workload, level) values (21,'armor','Blood Knight Light Armor',1,99500,33);
insert into formula (craftable_id, resource_id, amount) values (21,184,5);
insert into formula (craftable_id, resource_id, amount) values (21,196,2);
insert into formula (craftable_id, resource_id, amount) values (21,373,5);
insert into formula (craftable_id, resource_id, amount) values (21,379,3);
insert into formula (craftable_id, resource_id, amount) values (21,393,6);
insert into formula (craftable_id, resource_id, amount) values (21,390,5);
insert into formula (craftable_id, resource_id, amount) values (21,407,2);
insert into formula (craftable_id, resource_id, amount) values (21,177,25);
insert into formula (craftable_id, resource_id, amount) values (21,348,1);
insert into formula (craftable_id, resource_id, amount) values (21,469,1);
insert into formula (craftable_id, resource_id, amount) values (21,466,1);
insert into craftable (id, category, name, batch, workload, level) values (22,'armor','Blood Knight Heavy Armor',1,99500,36);
insert into formula (craftable_id, resource_id, amount) values (22,184,5);
insert into formula (craftable_id, resource_id, amount) values (22,196,2);
insert into formula (craftable_id, resource_id, amount) values (22,373,5);
insert into formula (craftable_id, resource_id, amount) values (22,379,3);
insert into formula (craftable_id, resource_id, amount) values (22,393,6);
insert into formula (craftable_id, resource_id, amount) values (22,390,5);
insert into formula (craftable_id, resource_id, amount) values (22,407,2);
insert into formula (craftable_id, resource_id, amount) values (22,177,25);
insert into formula (craftable_id, resource_id, amount) values (22,348,1);
insert into formula (craftable_id, resource_id, amount) values (22,469,1);
insert into formula (craftable_id, resource_id, amount) values (22,466,1);
insert into craftable (id, category, name, batch, workload, level) values (23,'armor','Anu Priest Robe',1,152100,36);
insert into formula (craftable_id, resource_id, amount) values (23,374,10);
insert into formula (craftable_id, resource_id, amount) values (23,394,10);
insert into formula (craftable_id, resource_id, amount) values (23,387,20);
insert into formula (craftable_id, resource_id, amount) values (23,185,10);
insert into formula (craftable_id, resource_id, amount) values (23,197,10);
insert into formula (craftable_id, resource_id, amount) values (23,445,10);
insert into formula (craftable_id, resource_id, amount) values (23,441,10);
insert into formula (craftable_id, resource_id, amount) values (23,395,3);
insert into formula (craftable_id, resource_id, amount) values (23,177,10);
insert into formula (craftable_id, resource_id, amount) values (23,178,6);
insert into craftable (id, category, name, batch, workload, level) values (24,'armor','Anu Warrior Light Armor',1,152100,39);
insert into formula (craftable_id, resource_id, amount) values (24,374,10);
insert into formula (craftable_id, resource_id, amount) values (24,394,10);
insert into formula (craftable_id, resource_id, amount) values (24,387,20);
insert into formula (craftable_id, resource_id, amount) values (24,185,10);
insert into formula (craftable_id, resource_id, amount) values (24,197,10);
insert into formula (craftable_id, resource_id, amount) values (24,445,10);
insert into formula (craftable_id, resource_id, amount) values (24,441,10);
insert into formula (craftable_id, resource_id, amount) values (24,395,3);
insert into formula (craftable_id, resource_id, amount) values (24,177,10);
insert into formula (craftable_id, resource_id, amount) values (24,178,6);
insert into craftable (id, category, name, batch, workload, level) values (25,'armor','Anu Warrior Heavy Armor',1,152100,42);
insert into formula (craftable_id, resource_id, amount) values (25,374,10);
insert into formula (craftable_id, resource_id, amount) values (25,394,10);
insert into formula (craftable_id, resource_id, amount) values (25,387,20);
insert into formula (craftable_id, resource_id, amount) values (25,185,10);
insert into formula (craftable_id, resource_id, amount) values (25,197,10);
insert into formula (craftable_id, resource_id, amount) values (25,445,10);
insert into formula (craftable_id, resource_id, amount) values (25,441,10);
insert into formula (craftable_id, resource_id, amount) values (25,395,3);
insert into formula (craftable_id, resource_id, amount) values (25,177,10);
insert into formula (craftable_id, resource_id, amount) values (25,178,6);
insert into craftable (id, category, name, batch, workload, level) values (26,'armor','Gilgamesh Robe',1,228150,42);
insert into formula (craftable_id, resource_id, amount) values (26,374,10);
insert into formula (craftable_id, resource_id, amount) values (26,394,10);
insert into formula (craftable_id, resource_id, amount) values (26,387,20);
insert into formula (craftable_id, resource_id, amount) values (26,185,10);
insert into formula (craftable_id, resource_id, amount) values (26,197,10);
insert into formula (craftable_id, resource_id, amount) values (26,441,10);
insert into formula (craftable_id, resource_id, amount) values (26,395,3);
insert into formula (craftable_id, resource_id, amount) values (26,177,10);
insert into formula (craftable_id, resource_id, amount) values (26,178,6);
insert into formula (craftable_id, resource_id, amount) values (26,466,1);
insert into formula (craftable_id, resource_id, amount) values (26,467,1);
insert into formula (craftable_id, resource_id, amount) values (26,469,1);
insert into craftable (id, category, name, batch, workload, level) values (27,'armor','Gilgamesh Light Armor',1,228150,43);
insert into formula (craftable_id, resource_id, amount) values (27,374,10);
insert into formula (craftable_id, resource_id, amount) values (27,394,10);
insert into formula (craftable_id, resource_id, amount) values (27,387,20);
insert into formula (craftable_id, resource_id, amount) values (27,185,10);
insert into formula (craftable_id, resource_id, amount) values (27,197,10);
insert into formula (craftable_id, resource_id, amount) values (27,441,10);
insert into formula (craftable_id, resource_id, amount) values (27,395,3);
insert into formula (craftable_id, resource_id, amount) values (27,177,10);
insert into formula (craftable_id, resource_id, amount) values (27,178,6);
insert into formula (craftable_id, resource_id, amount) values (27,466,1);
insert into formula (craftable_id, resource_id, amount) values (27,467,1);
insert into formula (craftable_id, resource_id, amount) values (27,469,1);
insert into craftable (id, category, name, batch, workload, level) values (28,'armor','Gilgamesh Heavy Armor',1,228150,44);
insert into formula (craftable_id, resource_id, amount) values (28,374,10);
insert into formula (craftable_id, resource_id, amount) values (28,394,10);
insert into formula (craftable_id, resource_id, amount) values (28,387,20);
insert into formula (craftable_id, resource_id, amount) values (28,185,10);
insert into formula (craftable_id, resource_id, amount) values (28,197,10);
insert into formula (craftable_id, resource_id, amount) values (28,441,10);
insert into formula (craftable_id, resource_id, amount) values (28,395,3);
insert into formula (craftable_id, resource_id, amount) values (28,177,10);
insert into formula (craftable_id, resource_id, amount) values (28,178,6);
insert into formula (craftable_id, resource_id, amount) values (28,466,1);
insert into formula (craftable_id, resource_id, amount) values (28,467,1);
insert into formula (craftable_id, resource_id, amount) values (28,469,1);
insert into craftable (id, category, name, batch, workload, level) values (29,'armor','Thoths Robe',1,418300,44);
insert into formula (craftable_id, resource_id, amount) values (29,394,20);
insert into formula (craftable_id, resource_id, amount) values (29,388,20);
insert into formula (craftable_id, resource_id, amount) values (29,375,30);
insert into formula (craftable_id, resource_id, amount) values (29,400,20);
insert into formula (craftable_id, resource_id, amount) values (29,445,10);
insert into formula (craftable_id, resource_id, amount) values (29,527,20);
insert into formula (craftable_id, resource_id, amount) values (29,199,1);
insert into formula (craftable_id, resource_id, amount) values (29,373,20);
insert into formula (craftable_id, resource_id, amount) values (29,395,5);
insert into formula (craftable_id, resource_id, amount) values (29,416,20);
insert into formula (craftable_id, resource_id, amount) values (29,178,15);
insert into craftable (id, category, name, batch, workload, level) values (30,'armor','Amons Light Armor',1,418300,46);
insert into formula (craftable_id, resource_id, amount) values (30,394,20);
insert into formula (craftable_id, resource_id, amount) values (30,388,20);
insert into formula (craftable_id, resource_id, amount) values (30,375,30);
insert into formula (craftable_id, resource_id, amount) values (30,400,20);
insert into formula (craftable_id, resource_id, amount) values (30,445,10);
insert into formula (craftable_id, resource_id, amount) values (30,527,20);
insert into formula (craftable_id, resource_id, amount) values (30,199,1);
insert into formula (craftable_id, resource_id, amount) values (30,373,20);
insert into formula (craftable_id, resource_id, amount) values (30,395,5);
insert into formula (craftable_id, resource_id, amount) values (30,416,20);
insert into formula (craftable_id, resource_id, amount) values (30,178,15);
insert into craftable (id, category, name, batch, workload, level) values (31,'armor','Amons Heavy Armor',1,418300,48);
insert into formula (craftable_id, resource_id, amount) values (31,394,20);
insert into formula (craftable_id, resource_id, amount) values (31,388,20);
insert into formula (craftable_id, resource_id, amount) values (31,375,30);
insert into formula (craftable_id, resource_id, amount) values (31,400,20);
insert into formula (craftable_id, resource_id, amount) values (31,445,10);
insert into formula (craftable_id, resource_id, amount) values (31,527,20);
insert into formula (craftable_id, resource_id, amount) values (31,199,1);
insert into formula (craftable_id, resource_id, amount) values (31,373,20);
insert into formula (craftable_id, resource_id, amount) values (31,395,5);
insert into formula (craftable_id, resource_id, amount) values (31,416,20);
insert into formula (craftable_id, resource_id, amount) values (31,178,15);
insert into craftable (id, category, name, batch, workload, level) values (32,'armor','Ghost Conjuror Robe',1,1150325,50);
insert into formula (craftable_id, resource_id, amount) values (32,530,20);
insert into formula (craftable_id, resource_id, amount) values (32,199,3);
insert into formula (craftable_id, resource_id, amount) values (32,477,1);
insert into formula (craftable_id, resource_id, amount) values (32,373,10);
insert into formula (craftable_id, resource_id, amount) values (32,394,10);
insert into formula (craftable_id, resource_id, amount) values (32,400,10);
insert into formula (craftable_id, resource_id, amount) values (32,446,20);
insert into formula (craftable_id, resource_id, amount) values (32,180,2);
insert into formula (craftable_id, resource_id, amount) values (32,179,2);
insert into formula (craftable_id, resource_id, amount) values (32,452,30);
insert into formula (craftable_id, resource_id, amount) values (32,419,20);
insert into formula (craftable_id, resource_id, amount) values (32,420,10);
insert into craftable (id, category, name, batch, workload, level) values (33,'armor','Ghost Gunner Light Armor',1,1150325,52);
insert into formula (craftable_id, resource_id, amount) values (33,530,20);
insert into formula (craftable_id, resource_id, amount) values (33,199,3);
insert into formula (craftable_id, resource_id, amount) values (33,477,1);
insert into formula (craftable_id, resource_id, amount) values (33,373,10);
insert into formula (craftable_id, resource_id, amount) values (33,394,10);
insert into formula (craftable_id, resource_id, amount) values (33,400,10);
insert into formula (craftable_id, resource_id, amount) values (33,446,20);
insert into formula (craftable_id, resource_id, amount) values (33,180,2);
insert into formula (craftable_id, resource_id, amount) values (33,179,2);
insert into formula (craftable_id, resource_id, amount) values (33,452,30);
insert into formula (craftable_id, resource_id, amount) values (33,419,20);
insert into formula (craftable_id, resource_id, amount) values (33,420,10);
insert into craftable (id, category, name, batch, workload, level) values (34,'armor','Ghost Warrior Heavy Armor',1,1150325,54);
insert into formula (craftable_id, resource_id, amount) values (34,530,20);
insert into formula (craftable_id, resource_id, amount) values (34,199,3);
insert into formula (craftable_id, resource_id, amount) values (34,477,1);
insert into formula (craftable_id, resource_id, amount) values (34,373,10);
insert into formula (craftable_id, resource_id, amount) values (34,394,10);
insert into formula (craftable_id, resource_id, amount) values (34,400,10);
insert into formula (craftable_id, resource_id, amount) values (34,446,20);
insert into formula (craftable_id, resource_id, amount) values (34,180,2);
insert into formula (craftable_id, resource_id, amount) values (34,179,2);
insert into formula (craftable_id, resource_id, amount) values (34,452,30);
insert into formula (craftable_id, resource_id, amount) values (34,419,20);
insert into formula (craftable_id, resource_id, amount) values (34,420,10);
insert into craftable (id, category, name, batch, workload, level) values (35,'armor','Dragon Breath Robe',1,3163400,56);
insert into formula (craftable_id, resource_id, amount) values (35,530,15);
insert into formula (craftable_id, resource_id, amount) values (35,446,20);
insert into formula (craftable_id, resource_id, amount) values (35,199,10);
insert into formula (craftable_id, resource_id, amount) values (35,430,10);
insert into formula (craftable_id, resource_id, amount) values (35,401,100);
insert into formula (craftable_id, resource_id, amount) values (35,417,10);
insert into formula (craftable_id, resource_id, amount) values (35,413,40);
insert into formula (craftable_id, resource_id, amount) values (35,179,10);
insert into formula (craftable_id, resource_id, amount) values (35,180,10);
insert into formula (craftable_id, resource_id, amount) values (35,452,30);
insert into formula (craftable_id, resource_id, amount) values (35,419,20);
insert into formula (craftable_id, resource_id, amount) values (35,420,10);
insert into craftable (id, category, name, batch, workload, level) values (36,'armor','Dragon Slayer Light Armor',1,3163400,58);
insert into formula (craftable_id, resource_id, amount) values (36,530,15);
insert into formula (craftable_id, resource_id, amount) values (36,446,20);
insert into formula (craftable_id, resource_id, amount) values (36,199,10);
insert into formula (craftable_id, resource_id, amount) values (36,430,10);
insert into formula (craftable_id, resource_id, amount) values (36,401,100);
insert into formula (craftable_id, resource_id, amount) values (36,417,10);
insert into formula (craftable_id, resource_id, amount) values (36,413,40);
insert into formula (craftable_id, resource_id, amount) values (36,179,10);
insert into formula (craftable_id, resource_id, amount) values (36,180,10);
insert into formula (craftable_id, resource_id, amount) values (36,452,30);
insert into formula (craftable_id, resource_id, amount) values (36,419,20);
insert into formula (craftable_id, resource_id, amount) values (36,420,10);
insert into craftable (id, category, name, batch, workload, level) values (37,'armor','Dragon Heart Heavy Armor',1,3163400,60);
insert into formula (craftable_id, resource_id, amount) values (37,530,15);
insert into formula (craftable_id, resource_id, amount) values (37,446,20);
insert into formula (craftable_id, resource_id, amount) values (37,199,10);
insert into formula (craftable_id, resource_id, amount) values (37,430,10);
insert into formula (craftable_id, resource_id, amount) values (37,401,100);
insert into formula (craftable_id, resource_id, amount) values (37,417,10);
insert into formula (craftable_id, resource_id, amount) values (37,413,40);
insert into formula (craftable_id, resource_id, amount) values (37,179,10);
insert into formula (craftable_id, resource_id, amount) values (37,180,10);
insert into formula (craftable_id, resource_id, amount) values (37,452,30);
insert into formula (craftable_id, resource_id, amount) values (37,419,20);
insert into formula (craftable_id, resource_id, amount) values (37,420,10);
insert into craftable (id, category, name, batch, workload, level) values (38,'armor','Gold Dragon Robe',1,6326800,62);
insert into formula (craftable_id, resource_id, amount) values (38,384,20);
insert into formula (craftable_id, resource_id, amount) values (38,413,50);
insert into formula (craftable_id, resource_id, amount) values (38,431,20);
insert into formula (craftable_id, resource_id, amount) values (38,391,20);
insert into formula (craftable_id, resource_id, amount) values (38,417,20);
insert into formula (craftable_id, resource_id, amount) values (38,180,15);
insert into formula (craftable_id, resource_id, amount) values (38,452,30);
insert into formula (craftable_id, resource_id, amount) values (38,419,20);
insert into formula (craftable_id, resource_id, amount) values (38,468,5);
insert into formula (craftable_id, resource_id, amount) values (38,467,2);
insert into formula (craftable_id, resource_id, amount) values (38,466,4);
insert into craftable (id, category, name, batch, workload, level) values (39,'armor','Gold Dragon Light Armor',1,6326800,64);
insert into formula (craftable_id, resource_id, amount) values (39,384,20);
insert into formula (craftable_id, resource_id, amount) values (39,413,50);
insert into formula (craftable_id, resource_id, amount) values (39,431,20);
insert into formula (craftable_id, resource_id, amount) values (39,391,20);
insert into formula (craftable_id, resource_id, amount) values (39,417,20);
insert into formula (craftable_id, resource_id, amount) values (39,180,15);
insert into formula (craftable_id, resource_id, amount) values (39,452,30);
insert into formula (craftable_id, resource_id, amount) values (39,419,20);
insert into formula (craftable_id, resource_id, amount) values (39,468,5);
insert into formula (craftable_id, resource_id, amount) values (39,467,2);
insert into formula (craftable_id, resource_id, amount) values (39,466,4);
insert into craftable (id, category, name, batch, workload, level) values (40,'armor','Gold Dragon Heavy Armor',1,6326800,66);
insert into formula (craftable_id, resource_id, amount) values (40,384,20);
insert into formula (craftable_id, resource_id, amount) values (40,413,50);
insert into formula (craftable_id, resource_id, amount) values (40,431,20);
insert into formula (craftable_id, resource_id, amount) values (40,391,20);
insert into formula (craftable_id, resource_id, amount) values (40,417,20);
insert into formula (craftable_id, resource_id, amount) values (40,180,15);
insert into formula (craftable_id, resource_id, amount) values (40,452,30);
insert into formula (craftable_id, resource_id, amount) values (40,419,20);
insert into formula (craftable_id, resource_id, amount) values (40,468,5);
insert into formula (craftable_id, resource_id, amount) values (40,467,2);
insert into formula (craftable_id, resource_id, amount) values (40,466,4);
insert into craftable (id, category, name, batch, workload, level) values (41,'armor','Conquerors Robe',1,12653600,68);
insert into formula (craftable_id, resource_id, amount) values (41,199,25);
insert into formula (craftable_id, resource_id, amount) values (41,446,40);
insert into formula (craftable_id, resource_id, amount) values (41,376,20);
insert into formula (craftable_id, resource_id, amount) values (41,413,50);
insert into formula (craftable_id, resource_id, amount) values (41,431,40);
insert into formula (craftable_id, resource_id, amount) values (41,418,1);
insert into formula (craftable_id, resource_id, amount) values (41,180,10);
insert into formula (craftable_id, resource_id, amount) values (41,181,10);
insert into formula (craftable_id, resource_id, amount) values (41,421,30);
insert into formula (craftable_id, resource_id, amount) values (41,426,20);
insert into formula (craftable_id, resource_id, amount) values (41,476,1);
insert into craftable (id, category, name, batch, workload, level) values (42,'armor','Chaos Light Armor',1,12653600,70);
insert into formula (craftable_id, resource_id, amount) values (42,199,25);
insert into formula (craftable_id, resource_id, amount) values (42,446,40);
insert into formula (craftable_id, resource_id, amount) values (42,376,20);
insert into formula (craftable_id, resource_id, amount) values (42,413,50);
insert into formula (craftable_id, resource_id, amount) values (42,431,40);
insert into formula (craftable_id, resource_id, amount) values (42,418,1);
insert into formula (craftable_id, resource_id, amount) values (42,180,10);
insert into formula (craftable_id, resource_id, amount) values (42,181,10);
insert into formula (craftable_id, resource_id, amount) values (42,421,30);
insert into formula (craftable_id, resource_id, amount) values (42,426,20);
insert into formula (craftable_id, resource_id, amount) values (42,476,1);
insert into craftable (id, category, name, batch, workload, level) values (43,'armor','Conquerors Heavy Armor',1,12653600,72);
insert into formula (craftable_id, resource_id, amount) values (43,199,25);
insert into formula (craftable_id, resource_id, amount) values (43,446,40);
insert into formula (craftable_id, resource_id, amount) values (43,376,20);
insert into formula (craftable_id, resource_id, amount) values (43,413,50);
insert into formula (craftable_id, resource_id, amount) values (43,431,40);
insert into formula (craftable_id, resource_id, amount) values (43,418,1);
insert into formula (craftable_id, resource_id, amount) values (43,180,10);
insert into formula (craftable_id, resource_id, amount) values (43,181,10);
insert into formula (craftable_id, resource_id, amount) values (43,421,30);
insert into formula (craftable_id, resource_id, amount) values (43,426,20);
insert into formula (craftable_id, resource_id, amount) values (43,476,1);
insert into craftable (id, category, name, batch, workload, level) values (44,'armor','Freezing Robe',1,15184320,74);
insert into formula (craftable_id, resource_id, amount) values (44,199,50);
insert into formula (craftable_id, resource_id, amount) values (44,432,15);
insert into formula (craftable_id, resource_id, amount) values (44,446,100);
insert into formula (craftable_id, resource_id, amount) values (44,181,10);
insert into formula (craftable_id, resource_id, amount) values (44,461,30);
insert into formula (craftable_id, resource_id, amount) values (44,459,10);
insert into formula (craftable_id, resource_id, amount) values (44,413,100);
insert into formula (craftable_id, resource_id, amount) values (44,421,100);
insert into formula (craftable_id, resource_id, amount) values (44,478,30);
insert into formula (craftable_id, resource_id, amount) values (44,479,300);
insert into craftable (id, category, name, batch, workload, level) values (45,'armor','Freezing Light Armor',1,15184320,76);
insert into formula (craftable_id, resource_id, amount) values (45,199,50);
insert into formula (craftable_id, resource_id, amount) values (45,432,15);
insert into formula (craftable_id, resource_id, amount) values (45,446,100);
insert into formula (craftable_id, resource_id, amount) values (45,181,10);
insert into formula (craftable_id, resource_id, amount) values (45,461,30);
insert into formula (craftable_id, resource_id, amount) values (45,459,10);
insert into formula (craftable_id, resource_id, amount) values (45,413,100);
insert into formula (craftable_id, resource_id, amount) values (45,421,100);
insert into formula (craftable_id, resource_id, amount) values (45,478,30);
insert into formula (craftable_id, resource_id, amount) values (45,479,300);
insert into craftable (id, category, name, batch, workload, level) values (46,'armor','Freezing Heavy Armor',1,15184320,78);
insert into formula (craftable_id, resource_id, amount) values (46,199,50);
insert into formula (craftable_id, resource_id, amount) values (46,432,15);
insert into formula (craftable_id, resource_id, amount) values (46,446,100);
insert into formula (craftable_id, resource_id, amount) values (46,181,10);
insert into formula (craftable_id, resource_id, amount) values (46,461,30);
insert into formula (craftable_id, resource_id, amount) values (46,459,10);
insert into formula (craftable_id, resource_id, amount) values (46,413,100);
insert into formula (craftable_id, resource_id, amount) values (46,421,100);
insert into formula (craftable_id, resource_id, amount) values (46,478,30);
insert into formula (craftable_id, resource_id, amount) values (46,479,300);
insert into craftable (id, category, name, batch, workload, level) values (47,'armor','Divine Robe',1,30000000,80);
insert into formula (craftable_id, resource_id, amount) values (47,202,30);
insert into formula (craftable_id, resource_id, amount) values (47,433,2);
insert into formula (craftable_id, resource_id, amount) values (47,432,40);
insert into formula (craftable_id, resource_id, amount) values (47,414,4);
insert into formula (craftable_id, resource_id, amount) values (47,424,2);
insert into formula (craftable_id, resource_id, amount) values (47,520,10);
insert into formula (craftable_id, resource_id, amount) values (47,181,10);
insert into formula (craftable_id, resource_id, amount) values (47,427,60);
insert into formula (craftable_id, resource_id, amount) values (47,428,40);
insert into craftable (id, category, name, batch, workload, level) values (48,'armor','Divine Light Armor',1,30000000,82);
insert into formula (craftable_id, resource_id, amount) values (48,202,30);
insert into formula (craftable_id, resource_id, amount) values (48,433,2);
insert into formula (craftable_id, resource_id, amount) values (48,432,40);
insert into formula (craftable_id, resource_id, amount) values (48,414,4);
insert into formula (craftable_id, resource_id, amount) values (48,424,2);
insert into formula (craftable_id, resource_id, amount) values (48,520,10);
insert into formula (craftable_id, resource_id, amount) values (48,181,10);
insert into formula (craftable_id, resource_id, amount) values (48,427,60);
insert into formula (craftable_id, resource_id, amount) values (48,428,40);
insert into craftable (id, category, name, batch, workload, level) values (49,'armor','Divine Heavy Armor',1,30000000,84);
insert into formula (craftable_id, resource_id, amount) values (49,202,30);
insert into formula (craftable_id, resource_id, amount) values (49,433,2);
insert into formula (craftable_id, resource_id, amount) values (49,432,40);
insert into formula (craftable_id, resource_id, amount) values (49,414,4);
insert into formula (craftable_id, resource_id, amount) values (49,424,2);
insert into formula (craftable_id, resource_id, amount) values (49,520,10);
insert into formula (craftable_id, resource_id, amount) values (49,181,10);
insert into formula (craftable_id, resource_id, amount) values (49,427,60);
insert into formula (craftable_id, resource_id, amount) values (49,428,40);
insert into craftable (id, category, name, batch, workload, level) values (50,'arrow','Wooden Arrow',30,150,1);
insert into formula (craftable_id, resource_id, amount) values (50,534,4);
insert into formula (craftable_id, resource_id, amount) values (50,439,4);
insert into formula (craftable_id, resource_id, amount) values (50,203,4);
insert into formula (craftable_id, resource_id, amount) values (50,176,4);
insert into craftable (id, category, name, batch, workload, level) values (51,'arrow','Bronze Arrow',100,1000,5);
insert into formula (craftable_id, resource_id, amount) values (51,385,20);
insert into formula (craftable_id, resource_id, amount) values (51,377,20);
insert into formula (craftable_id, resource_id, amount) values (51,439,10);
insert into formula (craftable_id, resource_id, amount) values (51,204,10);
insert into formula (craftable_id, resource_id, amount) values (51,176,10);
insert into craftable (id, category, name, batch, workload, level) values (52,'arrow','Silver Arrow',100,2700,10);
insert into formula (craftable_id, resource_id, amount) values (52,394,5);
insert into formula (craftable_id, resource_id, amount) values (52,379,5);
insert into formula (craftable_id, resource_id, amount) values (52,439,20);
insert into formula (craftable_id, resource_id, amount) values (52,205,5);
insert into formula (craftable_id, resource_id, amount) values (52,177,5);
insert into craftable (id, category, name, batch, workload, level) values (53,'arrow','Mithril Arrow',200,12500,15);
insert into formula (craftable_id, resource_id, amount) values (53,413,3);
insert into formula (craftable_id, resource_id, amount) values (53,394,5);
insert into formula (craftable_id, resource_id, amount) values (53,391,3);
insert into formula (craftable_id, resource_id, amount) values (53,439,100);
insert into formula (craftable_id, resource_id, amount) values (53,205,5);
insert into formula (craftable_id, resource_id, amount) values (53,178,5);
insert into craftable (id, category, name, batch, workload, level) values (54,'arrow','Adamantium Arrow',300,450000,25);
insert into formula (craftable_id, resource_id, amount) values (54,430,2);
insert into formula (craftable_id, resource_id, amount) values (54,401,20);
insert into formula (craftable_id, resource_id, amount) values (54,439,200);
insert into formula (craftable_id, resource_id, amount) values (54,206,5);
insert into formula (craftable_id, resource_id, amount) values (54,312,1);
insert into formula (craftable_id, resource_id, amount) values (54,178,10);
insert into craftable (id, category, name, batch, workload, level) values (55,'arrow','Enriched Adamantium Arrow',400,169000,30);
insert into formula (craftable_id, resource_id, amount) values (55,431,5);
insert into formula (craftable_id, resource_id, amount) values (55,401,50);
insert into formula (craftable_id, resource_id, amount) values (55,440,100);
insert into formula (craftable_id, resource_id, amount) values (55,207,5);
insert into formula (craftable_id, resource_id, amount) values (55,314,1);
insert into formula (craftable_id, resource_id, amount) values (55,179,10);
insert into formula (craftable_id, resource_id, amount) values (55,318,10);
insert into craftable (id, category, name, batch, workload, level) values (56,'axe','Spirit Axe',1,450,1);
insert into formula (craftable_id, resource_id, amount) values (56,385,5);
insert into formula (craftable_id, resource_id, amount) values (56,534,4);
insert into craftable (id, category, name, batch, workload, level) values (57,'axe','Ocean Axe',1,2800,4);
insert into formula (craftable_id, resource_id, amount) values (57,415,2);
insert into formula (craftable_id, resource_id, amount) values (57,407,4);
insert into formula (craftable_id, resource_id, amount) values (57,377,2);
insert into formula (craftable_id, resource_id, amount) values (57,397,4);
insert into formula (craftable_id, resource_id, amount) values (57,176,3);
insert into craftable (id, category, name, batch, workload, level) values (58,'axe','Rakshasa Axe',1,9200,9);
insert into formula (craftable_id, resource_id, amount) values (58,533,3);
insert into formula (craftable_id, resource_id, amount) values (58,377,8);
insert into formula (craftable_id, resource_id, amount) values (58,379,2);
insert into formula (craftable_id, resource_id, amount) values (58,385,12);
insert into formula (craftable_id, resource_id, amount) values (58,386,6);
insert into formula (craftable_id, resource_id, amount) values (58,397,4);
insert into formula (craftable_id, resource_id, amount) values (58,416,3);
insert into formula (craftable_id, resource_id, amount) values (58,176,15);
insert into craftable (id, category, name, batch, workload, level) values (59,'axe','Destroyer Axe',1,25300,15);
insert into formula (craftable_id, resource_id, amount) values (59,379,10);
insert into formula (craftable_id, resource_id, amount) values (59,386,25);
insert into formula (craftable_id, resource_id, amount) values (59,184,10);
insert into formula (craftable_id, resource_id, amount) values (59,204,12);
insert into formula (craftable_id, resource_id, amount) values (59,397,10);
insert into formula (craftable_id, resource_id, amount) values (59,532,10);
insert into formula (craftable_id, resource_id, amount) values (59,176,50);
insert into formula (craftable_id, resource_id, amount) values (59,177,5);
insert into craftable (id, category, name, batch, workload, level) values (60,'axe','Walachia Axe',1,69600,23);
insert into formula (craftable_id, resource_id, amount) values (60,184,20);
insert into formula (craftable_id, resource_id, amount) values (60,204,20);
insert into formula (craftable_id, resource_id, amount) values (60,379,10);
insert into formula (craftable_id, resource_id, amount) values (60,386,20);
insert into formula (craftable_id, resource_id, amount) values (60,390,5);
insert into formula (craftable_id, resource_id, amount) values (60,393,10);
insert into formula (craftable_id, resource_id, amount) values (60,397,15);
insert into formula (craftable_id, resource_id, amount) values (60,177,10);
insert into craftable (id, category, name, batch, workload, level) values (61,'axe','Blood knight Axe',1,125200,28);
insert into formula (craftable_id, resource_id, amount) values (61,184,6);
insert into formula (craftable_id, resource_id, amount) values (61,204,8);
insert into formula (craftable_id, resource_id, amount) values (61,379,4);
insert into formula (craftable_id, resource_id, amount) values (61,386,8);
insert into formula (craftable_id, resource_id, amount) values (61,390,4);
insert into formula (craftable_id, resource_id, amount) values (61,393,4);
insert into formula (craftable_id, resource_id, amount) values (61,397,5);
insert into formula (craftable_id, resource_id, amount) values (61,176,20);
insert into formula (craftable_id, resource_id, amount) values (61,177,10);
insert into formula (craftable_id, resource_id, amount) values (61,348,1);
insert into formula (craftable_id, resource_id, amount) values (61,469,1);
insert into formula (craftable_id, resource_id, amount) values (61,466,1);
insert into craftable (id, category, name, batch, workload, level) values (62,'axe','Anu Warrior Axe',1,191400,32);
insert into formula (craftable_id, resource_id, amount) values (62,381,4);
insert into formula (craftable_id, resource_id, amount) values (62,445,1);
insert into formula (craftable_id, resource_id, amount) values (62,387,20);
insert into formula (craftable_id, resource_id, amount) values (62,394,10);
insert into formula (craftable_id, resource_id, amount) values (62,399,20);
insert into formula (craftable_id, resource_id, amount) values (62,395,3);
insert into formula (craftable_id, resource_id, amount) values (62,535,20);
insert into formula (craftable_id, resource_id, amount) values (62,177,10);
insert into formula (craftable_id, resource_id, amount) values (62,178,5);
insert into craftable (id, category, name, batch, workload, level) values (63,'axe','Gilgamesh Axe',1,287100,35);
insert into formula (craftable_id, resource_id, amount) values (63,381,5);
insert into formula (craftable_id, resource_id, amount) values (63,387,20);
insert into formula (craftable_id, resource_id, amount) values (63,394,10);
insert into formula (craftable_id, resource_id, amount) values (63,399,20);
insert into formula (craftable_id, resource_id, amount) values (63,397,20);
insert into formula (craftable_id, resource_id, amount) values (63,535,20);
insert into formula (craftable_id, resource_id, amount) values (63,177,10);
insert into formula (craftable_id, resource_id, amount) values (63,178,5);
insert into formula (craftable_id, resource_id, amount) values (63,466,1);
insert into formula (craftable_id, resource_id, amount) values (63,467,1);
insert into formula (craftable_id, resource_id, amount) values (63,469,1);
insert into craftable (id, category, name, batch, workload, level) values (64,'axe','Amons Axe',1,526400,44);
insert into formula (craftable_id, resource_id, amount) values (64,394,20);
insert into formula (craftable_id, resource_id, amount) values (64,388,20);
insert into formula (craftable_id, resource_id, amount) values (64,445,10);
insert into formula (craftable_id, resource_id, amount) values (64,383,2);
insert into formula (craftable_id, resource_id, amount) values (64,527,20);
insert into formula (craftable_id, resource_id, amount) values (64,399,30);
insert into formula (craftable_id, resource_id, amount) values (64,400,15);
insert into formula (craftable_id, resource_id, amount) values (64,410,10);
insert into formula (craftable_id, resource_id, amount) values (64,396,10);
insert into formula (craftable_id, resource_id, amount) values (64,177,20);
insert into formula (craftable_id, resource_id, amount) values (64,178,20);
insert into craftable (id, category, name, batch, workload, level) values (65,'axe','Ghost Warrior Axe',1,1447600,50);
insert into formula (craftable_id, resource_id, amount) values (65,477,1);
insert into formula (craftable_id, resource_id, amount) values (65,530,10);
insert into formula (craftable_id, resource_id, amount) values (65,373,20);
insert into formula (craftable_id, resource_id, amount) values (65,394,20);
insert into formula (craftable_id, resource_id, amount) values (65,400,20);
insert into formula (craftable_id, resource_id, amount) values (65,412,10);
insert into formula (craftable_id, resource_id, amount) values (65,180,4);
insert into formula (craftable_id, resource_id, amount) values (65,179,4);
insert into formula (craftable_id, resource_id, amount) values (65,417,4);
insert into formula (craftable_id, resource_id, amount) values (65,452,30);
insert into formula (craftable_id, resource_id, amount) values (65,419,20);
insert into formula (craftable_id, resource_id, amount) values (65,420,10);
insert into craftable (id, category, name, batch, workload, level) values (66,'axe','Dragon Heart Axe',1,3980900,56);
insert into formula (craftable_id, resource_id, amount) values (66,384,4);
insert into formula (craftable_id, resource_id, amount) values (66,446,20);
insert into formula (craftable_id, resource_id, amount) values (66,530,20);
insert into formula (craftable_id, resource_id, amount) values (66,430,10);
insert into formula (craftable_id, resource_id, amount) values (66,401,100);
insert into formula (craftable_id, resource_id, amount) values (66,413,40);
insert into formula (craftable_id, resource_id, amount) values (66,179,10);
insert into formula (craftable_id, resource_id, amount) values (66,180,10);
insert into formula (craftable_id, resource_id, amount) values (66,417,10);
insert into formula (craftable_id, resource_id, amount) values (66,452,30);
insert into formula (craftable_id, resource_id, amount) values (66,419,20);
insert into formula (craftable_id, resource_id, amount) values (66,420,10);
insert into craftable (id, category, name, batch, workload, level) values (67,'axe','Gold Dragon Axe',1,7961800,60);
insert into formula (craftable_id, resource_id, amount) values (67,384,10);
insert into formula (craftable_id, resource_id, amount) values (67,413,50);
insert into formula (craftable_id, resource_id, amount) values (67,431,20);
insert into formula (craftable_id, resource_id, amount) values (67,391,30);
insert into formula (craftable_id, resource_id, amount) values (67,417,20);
insert into formula (craftable_id, resource_id, amount) values (67,180,15);
insert into formula (craftable_id, resource_id, amount) values (67,452,30);
insert into formula (craftable_id, resource_id, amount) values (67,419,20);
insert into formula (craftable_id, resource_id, amount) values (67,420,10);
insert into formula (craftable_id, resource_id, amount) values (67,468,5);
insert into formula (craftable_id, resource_id, amount) values (67,467,2);
insert into formula (craftable_id, resource_id, amount) values (67,466,4);
insert into craftable (id, category, name, batch, workload, level) values (68,'axe','Conquerors Axe',1,15923600,65);
insert into formula (craftable_id, resource_id, amount) values (68,384,15);
insert into formula (craftable_id, resource_id, amount) values (68,446,40);
insert into formula (craftable_id, resource_id, amount) values (68,376,20);
insert into formula (craftable_id, resource_id, amount) values (68,413,50);
insert into formula (craftable_id, resource_id, amount) values (68,431,40);
insert into formula (craftable_id, resource_id, amount) values (68,418,1);
insert into formula (craftable_id, resource_id, amount) values (68,180,10);
insert into formula (craftable_id, resource_id, amount) values (68,181,10);
insert into formula (craftable_id, resource_id, amount) values (68,421,30);
insert into formula (craftable_id, resource_id, amount) values (68,427,50);
insert into formula (craftable_id, resource_id, amount) values (68,476,1);
insert into craftable (id, category, name, batch, workload, level) values (69,'axe','Freezing Axe',1,19108320,70);
insert into formula (craftable_id, resource_id, amount) values (69,418,1);
insert into formula (craftable_id, resource_id, amount) values (69,432,15);
insert into formula (craftable_id, resource_id, amount) values (69,446,100);
insert into formula (craftable_id, resource_id, amount) values (69,181,10);
insert into formula (craftable_id, resource_id, amount) values (69,461,30);
insert into formula (craftable_id, resource_id, amount) values (69,459,10);
insert into formula (craftable_id, resource_id, amount) values (69,413,100);
insert into formula (craftable_id, resource_id, amount) values (69,421,100);
insert into formula (craftable_id, resource_id, amount) values (69,478,30);
insert into formula (craftable_id, resource_id, amount) values (69,479,300);
insert into craftable (id, category, name, batch, workload, level) values (70,'axe','Divine Axe',1,38000000,75);
insert into formula (craftable_id, resource_id, amount) values (70,418,1);
insert into formula (craftable_id, resource_id, amount) values (70,433,2);
insert into formula (craftable_id, resource_id, amount) values (70,432,40);
insert into formula (craftable_id, resource_id, amount) values (70,414,4);
insert into formula (craftable_id, resource_id, amount) values (70,424,2);
insert into formula (craftable_id, resource_id, amount) values (70,520,10);
insert into formula (craftable_id, resource_id, amount) values (70,181,10);
insert into formula (craftable_id, resource_id, amount) values (70,427,60);
insert into formula (craftable_id, resource_id, amount) values (70,428,40);
insert into craftable (id, category, name, batch, workload, level) values (71,'book','Flame Sword [Int]',10,100000,1);
insert into formula (craftable_id, resource_id, amount) values (71,8,20);
insert into formula (craftable_id, resource_id, amount) values (71,225,5);
insert into formula (craftable_id, resource_id, amount) values (71,226,20);
insert into formula (craftable_id, resource_id, amount) values (71,227,15);
insert into formula (craftable_id, resource_id, amount) values (71,203,100);
insert into formula (craftable_id, resource_id, amount) values (71,187,50);
insert into formula (craftable_id, resource_id, amount) values (71,158,10);
insert into formula (craftable_id, resource_id, amount) values (71,1,5);
insert into craftable (id, category, name, batch, workload, level) values (72,'book','Lightning Spear [Int]',10,100000,5);
insert into formula (craftable_id, resource_id, amount) values (72,11,20);
insert into formula (craftable_id, resource_id, amount) values (72,225,5);
insert into formula (craftable_id, resource_id, amount) values (72,226,20);
insert into formula (craftable_id, resource_id, amount) values (72,227,15);
insert into formula (craftable_id, resource_id, amount) values (72,203,100);
insert into formula (craftable_id, resource_id, amount) values (72,187,50);
insert into formula (craftable_id, resource_id, amount) values (72,158,10);
insert into formula (craftable_id, resource_id, amount) values (72,1,5);
insert into craftable (id, category, name, batch, workload, level) values (73,'book','Silence [Int]',10,100000,10);
insert into formula (craftable_id, resource_id, amount) values (73,14,20);
insert into formula (craftable_id, resource_id, amount) values (73,225,5);
insert into formula (craftable_id, resource_id, amount) values (73,226,20);
insert into formula (craftable_id, resource_id, amount) values (73,227,15);
insert into formula (craftable_id, resource_id, amount) values (73,203,100);
insert into formula (craftable_id, resource_id, amount) values (73,187,50);
insert into formula (craftable_id, resource_id, amount) values (73,158,10);
insert into formula (craftable_id, resource_id, amount) values (73,1,5);
insert into craftable (id, category, name, batch, workload, level) values (74,'book','Wild Shot [Int]',10,100000,15);
insert into formula (craftable_id, resource_id, amount) values (74,17,20);
insert into formula (craftable_id, resource_id, amount) values (74,225,5);
insert into formula (craftable_id, resource_id, amount) values (74,226,20);
insert into formula (craftable_id, resource_id, amount) values (74,227,15);
insert into formula (craftable_id, resource_id, amount) values (74,203,100);
insert into formula (craftable_id, resource_id, amount) values (74,187,50);
insert into formula (craftable_id, resource_id, amount) values (74,158,10);
insert into formula (craftable_id, resource_id, amount) values (74,1,5);
insert into craftable (id, category, name, batch, workload, level) values (75,'book','Blessing of Life [Int]',10,150000,17);
insert into formula (craftable_id, resource_id, amount) values (75,20,20);
insert into formula (craftable_id, resource_id, amount) values (75,225,5);
insert into formula (craftable_id, resource_id, amount) values (75,226,20);
insert into formula (craftable_id, resource_id, amount) values (75,227,15);
insert into formula (craftable_id, resource_id, amount) values (75,203,100);
insert into formula (craftable_id, resource_id, amount) values (75,187,50);
insert into formula (craftable_id, resource_id, amount) values (75,158,10);
insert into formula (craftable_id, resource_id, amount) values (75,1,5);
insert into craftable (id, category, name, batch, workload, level) values (76,'book','Hex of Darkness [Int]',10,150000,17);
insert into formula (craftable_id, resource_id, amount) values (76,23,20);
insert into formula (craftable_id, resource_id, amount) values (76,225,5);
insert into formula (craftable_id, resource_id, amount) values (76,226,20);
insert into formula (craftable_id, resource_id, amount) values (76,227,15);
insert into formula (craftable_id, resource_id, amount) values (76,203,100);
insert into formula (craftable_id, resource_id, amount) values (76,187,50);
insert into formula (craftable_id, resource_id, amount) values (76,158,10);
insert into formula (craftable_id, resource_id, amount) values (76,1,5);
insert into craftable (id, category, name, batch, workload, level) values (77,'book','Brutal Will [Int]',10,150000,17);
insert into formula (craftable_id, resource_id, amount) values (77,26,20);
insert into formula (craftable_id, resource_id, amount) values (77,225,5);
insert into formula (craftable_id, resource_id, amount) values (77,226,20);
insert into formula (craftable_id, resource_id, amount) values (77,227,15);
insert into formula (craftable_id, resource_id, amount) values (77,203,100);
insert into formula (craftable_id, resource_id, amount) values (77,187,50);
insert into formula (craftable_id, resource_id, amount) values (77,158,10);
insert into formula (craftable_id, resource_id, amount) values (77,1,5);
insert into craftable (id, category, name, batch, workload, level) values (78,'book','Protect [Int]',10,200000,19);
insert into formula (craftable_id, resource_id, amount) values (78,29,20);
insert into formula (craftable_id, resource_id, amount) values (78,225,5);
insert into formula (craftable_id, resource_id, amount) values (78,226,20);
insert into formula (craftable_id, resource_id, amount) values (78,227,15);
insert into formula (craftable_id, resource_id, amount) values (78,203,100);
insert into formula (craftable_id, resource_id, amount) values (78,187,50);
insert into formula (craftable_id, resource_id, amount) values (78,158,10);
insert into formula (craftable_id, resource_id, amount) values (78,1,5);
insert into craftable (id, category, name, batch, workload, level) values (79,'book','Holy Guard [Int]',10,200000,19);
insert into formula (craftable_id, resource_id, amount) values (79,32,20);
insert into formula (craftable_id, resource_id, amount) values (79,225,5);
insert into formula (craftable_id, resource_id, amount) values (79,226,20);
insert into formula (craftable_id, resource_id, amount) values (79,227,15);
insert into formula (craftable_id, resource_id, amount) values (79,203,100);
insert into formula (craftable_id, resource_id, amount) values (79,187,50);
insert into formula (craftable_id, resource_id, amount) values (79,158,10);
insert into formula (craftable_id, resource_id, amount) values (79,1,5);
insert into craftable (id, category, name, batch, workload, level) values (80,'book','Awakening [Int]',10,200000,19);
insert into formula (craftable_id, resource_id, amount) values (80,35,20);
insert into formula (craftable_id, resource_id, amount) values (80,225,5);
insert into formula (craftable_id, resource_id, amount) values (80,226,20);
insert into formula (craftable_id, resource_id, amount) values (80,227,15);
insert into formula (craftable_id, resource_id, amount) values (80,203,100);
insert into formula (craftable_id, resource_id, amount) values (80,187,50);
insert into formula (craftable_id, resource_id, amount) values (80,158,10);
insert into formula (craftable_id, resource_id, amount) values (80,1,5);
insert into craftable (id, category, name, batch, workload, level) values (81,'book','Shield of Protection [Int]',10,200000,19);
insert into formula (craftable_id, resource_id, amount) values (81,38,20);
insert into formula (craftable_id, resource_id, amount) values (81,225,5);
insert into formula (craftable_id, resource_id, amount) values (81,226,20);
insert into formula (craftable_id, resource_id, amount) values (81,227,15);
insert into formula (craftable_id, resource_id, amount) values (81,203,100);
insert into formula (craftable_id, resource_id, amount) values (81,187,50);
insert into formula (craftable_id, resource_id, amount) values (81,158,10);
insert into formula (craftable_id, resource_id, amount) values (81,1,5);
insert into craftable (id, category, name, batch, workload, level) values (82,'book','Freezing Axe [Int]',10,250000,21);
insert into formula (craftable_id, resource_id, amount) values (82,41,20);
insert into formula (craftable_id, resource_id, amount) values (82,225,5);
insert into formula (craftable_id, resource_id, amount) values (82,226,20);
insert into formula (craftable_id, resource_id, amount) values (82,227,15);
insert into formula (craftable_id, resource_id, amount) values (82,203,100);
insert into formula (craftable_id, resource_id, amount) values (82,187,50);
insert into formula (craftable_id, resource_id, amount) values (82,158,10);
insert into formula (craftable_id, resource_id, amount) values (82,1,5);
insert into craftable (id, category, name, batch, workload, level) values (83,'book','Deep Insight [Int]',10,250000,21);
insert into formula (craftable_id, resource_id, amount) values (83,44,20);
insert into formula (craftable_id, resource_id, amount) values (83,225,5);
insert into formula (craftable_id, resource_id, amount) values (83,226,20);
insert into formula (craftable_id, resource_id, amount) values (83,227,15);
insert into formula (craftable_id, resource_id, amount) values (83,203,100);
insert into formula (craftable_id, resource_id, amount) values (83,187,50);
insert into formula (craftable_id, resource_id, amount) values (83,158,10);
insert into formula (craftable_id, resource_id, amount) values (83,1,5);
insert into craftable (id, category, name, batch, workload, level) values (84,'book','Beast Summon [Int]',10,300000,23);
insert into formula (craftable_id, resource_id, amount) values (84,47,20);
insert into formula (craftable_id, resource_id, amount) values (84,229,5);
insert into formula (craftable_id, resource_id, amount) values (84,228,20);
insert into formula (craftable_id, resource_id, amount) values (84,209,15);
insert into formula (craftable_id, resource_id, amount) values (84,204,100);
insert into formula (craftable_id, resource_id, amount) values (84,187,50);
insert into formula (craftable_id, resource_id, amount) values (84,158,10);
insert into formula (craftable_id, resource_id, amount) values (84,1,5);
insert into craftable (id, category, name, batch, workload, level) values (85,'book','Mana Drain [Int]',10,350000,25);
insert into formula (craftable_id, resource_id, amount) values (85,50,20);
insert into formula (craftable_id, resource_id, amount) values (85,229,5);
insert into formula (craftable_id, resource_id, amount) values (85,228,20);
insert into formula (craftable_id, resource_id, amount) values (85,209,15);
insert into formula (craftable_id, resource_id, amount) values (85,204,100);
insert into formula (craftable_id, resource_id, amount) values (85,187,50);
insert into formula (craftable_id, resource_id, amount) values (85,158,10);
insert into formula (craftable_id, resource_id, amount) values (85,1,5);
insert into craftable (id, category, name, batch, workload, level) values (86,'book','Mana Recharge [Int]',10,350000,25);
insert into formula (craftable_id, resource_id, amount) values (86,53,20);
insert into formula (craftable_id, resource_id, amount) values (86,229,5);
insert into formula (craftable_id, resource_id, amount) values (86,228,20);
insert into formula (craftable_id, resource_id, amount) values (86,209,15);
insert into formula (craftable_id, resource_id, amount) values (86,204,100);
insert into formula (craftable_id, resource_id, amount) values (86,187,50);
insert into formula (craftable_id, resource_id, amount) values (86,158,10);
insert into formula (craftable_id, resource_id, amount) values (86,1,5);
insert into craftable (id, category, name, batch, workload, level) values (87,'book','Meteor Strike [Int]',10,350000,25);
insert into formula (craftable_id, resource_id, amount) values (87,56,20);
insert into formula (craftable_id, resource_id, amount) values (87,229,5);
insert into formula (craftable_id, resource_id, amount) values (87,228,20);
insert into formula (craftable_id, resource_id, amount) values (87,209,15);
insert into formula (craftable_id, resource_id, amount) values (87,204,100);
insert into formula (craftable_id, resource_id, amount) values (87,187,50);
insert into formula (craftable_id, resource_id, amount) values (87,158,10);
insert into formula (craftable_id, resource_id, amount) values (87,1,5);
insert into craftable (id, category, name, batch, workload, level) values (88,'book','Mana Trap [Int]',10,350000,25);
insert into formula (craftable_id, resource_id, amount) values (88,59,20);
insert into formula (craftable_id, resource_id, amount) values (88,229,5);
insert into formula (craftable_id, resource_id, amount) values (88,228,20);
insert into formula (craftable_id, resource_id, amount) values (88,209,15);
insert into formula (craftable_id, resource_id, amount) values (88,204,100);
insert into formula (craftable_id, resource_id, amount) values (88,187,50);
insert into formula (craftable_id, resource_id, amount) values (88,158,10);
insert into formula (craftable_id, resource_id, amount) values (88,1,5);
insert into craftable (id, category, name, batch, workload, level) values (89,'book','Mana Seal [Int]',10,400000,27);
insert into formula (craftable_id, resource_id, amount) values (89,62,20);
insert into formula (craftable_id, resource_id, amount) values (89,229,5);
insert into formula (craftable_id, resource_id, amount) values (89,228,20);
insert into formula (craftable_id, resource_id, amount) values (89,209,15);
insert into formula (craftable_id, resource_id, amount) values (89,204,100);
insert into formula (craftable_id, resource_id, amount) values (89,187,50);
insert into formula (craftable_id, resource_id, amount) values (89,158,10);
insert into formula (craftable_id, resource_id, amount) values (89,1,5);
insert into craftable (id, category, name, batch, workload, level) values (90,'book','Seal Staff [Int]',10,400000,27);
insert into formula (craftable_id, resource_id, amount) values (90,65,20);
insert into formula (craftable_id, resource_id, amount) values (90,229,5);
insert into formula (craftable_id, resource_id, amount) values (90,228,20);
insert into formula (craftable_id, resource_id, amount) values (90,209,15);
insert into formula (craftable_id, resource_id, amount) values (90,204,100);
insert into formula (craftable_id, resource_id, amount) values (90,187,50);
insert into formula (craftable_id, resource_id, amount) values (90,158,10);
insert into formula (craftable_id, resource_id, amount) values (90,1,5);
insert into craftable (id, category, name, batch, workload, level) values (91,'book','Mana Burn [Int]',10,400000,27);
insert into formula (craftable_id, resource_id, amount) values (91,68,20);
insert into formula (craftable_id, resource_id, amount) values (91,229,5);
insert into formula (craftable_id, resource_id, amount) values (91,228,20);
insert into formula (craftable_id, resource_id, amount) values (91,209,15);
insert into formula (craftable_id, resource_id, amount) values (91,204,100);
insert into formula (craftable_id, resource_id, amount) values (91,187,50);
insert into formula (craftable_id, resource_id, amount) values (91,158,10);
insert into formula (craftable_id, resource_id, amount) values (91,1,5);
insert into craftable (id, category, name, batch, workload, level) values (92,'book','Speed Cast [Int]',10,400000,27);
insert into formula (craftable_id, resource_id, amount) values (92,71,20);
insert into formula (craftable_id, resource_id, amount) values (92,229,5);
insert into formula (craftable_id, resource_id, amount) values (92,228,20);
insert into formula (craftable_id, resource_id, amount) values (92,209,15);
insert into formula (craftable_id, resource_id, amount) values (92,204,100);
insert into formula (craftable_id, resource_id, amount) values (92,187,50);
insert into formula (craftable_id, resource_id, amount) values (92,158,10);
insert into formula (craftable_id, resource_id, amount) values (92,1,5);
insert into craftable (id, category, name, batch, workload, level) values (93,'book','Princess Order [Int]',10,500000,29);
insert into formula (craftable_id, resource_id, amount) values (93,74,20);
insert into formula (craftable_id, resource_id, amount) values (93,229,5);
insert into formula (craftable_id, resource_id, amount) values (93,228,20);
insert into formula (craftable_id, resource_id, amount) values (93,209,15);
insert into formula (craftable_id, resource_id, amount) values (93,204,100);
insert into formula (craftable_id, resource_id, amount) values (93,187,50);
insert into formula (craftable_id, resource_id, amount) values (93,158,10);
insert into formula (craftable_id, resource_id, amount) values (93,1,5);
insert into craftable (id, category, name, batch, workload, level) values (94,'book','Royal Signet [Int]',10,500000,29);
insert into formula (craftable_id, resource_id, amount) values (94,77,20);
insert into formula (craftable_id, resource_id, amount) values (94,229,5);
insert into formula (craftable_id, resource_id, amount) values (94,228,20);
insert into formula (craftable_id, resource_id, amount) values (94,209,15);
insert into formula (craftable_id, resource_id, amount) values (94,204,100);
insert into formula (craftable_id, resource_id, amount) values (94,187,50);
insert into formula (craftable_id, resource_id, amount) values (94,158,10);
insert into formula (craftable_id, resource_id, amount) values (94,1,5);
insert into craftable (id, category, name, batch, workload, level) values (95,'book','Family Signet [Int]',10,500000,29);
insert into formula (craftable_id, resource_id, amount) values (95,80,20);
insert into formula (craftable_id, resource_id, amount) values (95,229,5);
insert into formula (craftable_id, resource_id, amount) values (95,228,20);
insert into formula (craftable_id, resource_id, amount) values (95,209,15);
insert into formula (craftable_id, resource_id, amount) values (95,204,100);
insert into formula (craftable_id, resource_id, amount) values (95,187,50);
insert into formula (craftable_id, resource_id, amount) values (95,158,10);
insert into formula (craftable_id, resource_id, amount) values (95,1,5);
insert into craftable (id, category, name, batch, workload, level) values (96,'book','Imperial Signet [Int]',10,500000,29);
insert into formula (craftable_id, resource_id, amount) values (96,83,20);
insert into formula (craftable_id, resource_id, amount) values (96,229,5);
insert into formula (craftable_id, resource_id, amount) values (96,228,20);
insert into formula (craftable_id, resource_id, amount) values (96,209,15);
insert into formula (craftable_id, resource_id, amount) values (96,204,100);
insert into formula (craftable_id, resource_id, amount) values (96,187,50);
insert into formula (craftable_id, resource_id, amount) values (96,158,10);
insert into formula (craftable_id, resource_id, amount) values (96,1,5);
insert into craftable (id, category, name, batch, workload, level) values (97,'book','Shattered Sword [Int]',10,600000,31);
insert into formula (craftable_id, resource_id, amount) values (97,86,20);
insert into formula (craftable_id, resource_id, amount) values (97,211,5);
insert into formula (craftable_id, resource_id, amount) values (97,210,20);
insert into formula (craftable_id, resource_id, amount) values (97,212,15);
insert into formula (craftable_id, resource_id, amount) values (97,205,100);
insert into formula (craftable_id, resource_id, amount) values (97,189,50);
insert into formula (craftable_id, resource_id, amount) values (97,160,10);
insert into formula (craftable_id, resource_id, amount) values (97,3,5);
insert into craftable (id, category, name, batch, workload, level) values (98,'book','Broken Spear [Int]',10,600000,31);
insert into formula (craftable_id, resource_id, amount) values (98,89,20);
insert into formula (craftable_id, resource_id, amount) values (98,211,5);
insert into formula (craftable_id, resource_id, amount) values (98,210,20);
insert into formula (craftable_id, resource_id, amount) values (98,212,15);
insert into formula (craftable_id, resource_id, amount) values (98,205,100);
insert into formula (craftable_id, resource_id, amount) values (98,189,50);
insert into formula (craftable_id, resource_id, amount) values (98,160,10);
insert into formula (craftable_id, resource_id, amount) values (98,3,5);
insert into craftable (id, category, name, batch, workload, level) values (99,'book','Rusty Axe [Int]',10,600000,31);
insert into formula (craftable_id, resource_id, amount) values (99,92,20);
insert into formula (craftable_id, resource_id, amount) values (99,211,5);
insert into formula (craftable_id, resource_id, amount) values (99,210,20);
insert into formula (craftable_id, resource_id, amount) values (99,212,15);
insert into formula (craftable_id, resource_id, amount) values (99,205,100);
insert into formula (craftable_id, resource_id, amount) values (99,189,50);
insert into formula (craftable_id, resource_id, amount) values (99,160,10);
insert into formula (craftable_id, resource_id, amount) values (99,3,5);
insert into craftable (id, category, name, batch, workload, level) values (100,'book','Concentrate [Int]',10,600000,31);
insert into formula (craftable_id, resource_id, amount) values (100,95,20);
insert into formula (craftable_id, resource_id, amount) values (100,211,5);
insert into formula (craftable_id, resource_id, amount) values (100,210,20);
insert into formula (craftable_id, resource_id, amount) values (100,212,15);
insert into formula (craftable_id, resource_id, amount) values (100,205,100);
insert into formula (craftable_id, resource_id, amount) values (100,189,50);
insert into formula (craftable_id, resource_id, amount) values (100,160,10);
insert into formula (craftable_id, resource_id, amount) values (100,3,5);
insert into craftable (id, category, name, batch, workload, level) values (101,'book','Healing [Int]',10,800000,33);
insert into formula (craftable_id, resource_id, amount) values (101,98,20);
insert into formula (craftable_id, resource_id, amount) values (101,211,5);
insert into formula (craftable_id, resource_id, amount) values (101,210,20);
insert into formula (craftable_id, resource_id, amount) values (101,212,15);
insert into formula (craftable_id, resource_id, amount) values (101,205,100);
insert into formula (craftable_id, resource_id, amount) values (101,189,50);
insert into formula (craftable_id, resource_id, amount) values (101,160,10);
insert into formula (craftable_id, resource_id, amount) values (101,3,5);
insert into craftable (id, category, name, batch, workload, level) values (102,'book','Vortex [Int]',10,800000,33);
insert into formula (craftable_id, resource_id, amount) values (102,101,20);
insert into formula (craftable_id, resource_id, amount) values (102,211,5);
insert into formula (craftable_id, resource_id, amount) values (102,210,20);
insert into formula (craftable_id, resource_id, amount) values (102,212,15);
insert into formula (craftable_id, resource_id, amount) values (102,205,100);
insert into formula (craftable_id, resource_id, amount) values (102,189,50);
insert into formula (craftable_id, resource_id, amount) values (102,160,10);
insert into formula (craftable_id, resource_id, amount) values (102,3,5);
insert into craftable (id, category, name, batch, workload, level) values (103,'book','Seths Will [Int]',10,800000,33);
insert into formula (craftable_id, resource_id, amount) values (103,104,20);
insert into formula (craftable_id, resource_id, amount) values (103,211,5);
insert into formula (craftable_id, resource_id, amount) values (103,210,20);
insert into formula (craftable_id, resource_id, amount) values (103,212,15);
insert into formula (craftable_id, resource_id, amount) values (103,205,100);
insert into formula (craftable_id, resource_id, amount) values (103,189,50);
insert into formula (craftable_id, resource_id, amount) values (103,160,10);
insert into formula (craftable_id, resource_id, amount) values (103,3,5);
insert into craftable (id, category, name, batch, workload, level) values (104,'book','Summon Machine [Int]',10,1000000,35);
insert into formula (craftable_id, resource_id, amount) values (104,107,20);
insert into formula (craftable_id, resource_id, amount) values (104,211,5);
insert into formula (craftable_id, resource_id, amount) values (104,210,20);
insert into formula (craftable_id, resource_id, amount) values (104,212,15);
insert into formula (craftable_id, resource_id, amount) values (104,205,100);
insert into formula (craftable_id, resource_id, amount) values (104,189,50);
insert into formula (craftable_id, resource_id, amount) values (104,160,10);
insert into formula (craftable_id, resource_id, amount) values (104,3,5);
insert into craftable (id, category, name, batch, workload, level) values (105,'book','Smoke Bomb [Int]',10,1100000,36);
insert into formula (craftable_id, resource_id, amount) values (105,110,20);
insert into formula (craftable_id, resource_id, amount) values (105,211,5);
insert into formula (craftable_id, resource_id, amount) values (105,210,20);
insert into formula (craftable_id, resource_id, amount) values (105,212,15);
insert into formula (craftable_id, resource_id, amount) values (105,205,100);
insert into formula (craftable_id, resource_id, amount) values (105,189,50);
insert into formula (craftable_id, resource_id, amount) values (105,160,10);
insert into formula (craftable_id, resource_id, amount) values (105,3,5);
insert into craftable (id, category, name, batch, workload, level) values (106,'book','Noble Sacrifice [Int]',10,1200000,37);
insert into formula (craftable_id, resource_id, amount) values (106,113,20);
insert into formula (craftable_id, resource_id, amount) values (106,211,5);
insert into formula (craftable_id, resource_id, amount) values (106,210,20);
insert into formula (craftable_id, resource_id, amount) values (106,212,15);
insert into formula (craftable_id, resource_id, amount) values (106,205,100);
insert into formula (craftable_id, resource_id, amount) values (106,189,50);
insert into formula (craftable_id, resource_id, amount) values (106,160,10);
insert into formula (craftable_id, resource_id, amount) values (106,3,5);
insert into craftable (id, category, name, batch, workload, level) values (107,'book','Guard Dispel [Int]',10,1200000,37);
insert into formula (craftable_id, resource_id, amount) values (107,116,20);
insert into formula (craftable_id, resource_id, amount) values (107,211,5);
insert into formula (craftable_id, resource_id, amount) values (107,210,20);
insert into formula (craftable_id, resource_id, amount) values (107,212,15);
insert into formula (craftable_id, resource_id, amount) values (107,205,100);
insert into formula (craftable_id, resource_id, amount) values (107,189,50);
insert into formula (craftable_id, resource_id, amount) values (107,160,10);
insert into formula (craftable_id, resource_id, amount) values (107,3,5);
insert into craftable (id, category, name, batch, workload, level) values (108,'book','Deadly Strike [Int]',10,1200000,37);
insert into formula (craftable_id, resource_id, amount) values (108,113,20);
insert into formula (craftable_id, resource_id, amount) values (108,211,5);
insert into formula (craftable_id, resource_id, amount) values (108,210,20);
insert into formula (craftable_id, resource_id, amount) values (108,212,15);
insert into formula (craftable_id, resource_id, amount) values (108,205,100);
insert into formula (craftable_id, resource_id, amount) values (108,189,50);
insert into formula (craftable_id, resource_id, amount) values (108,160,10);
insert into formula (craftable_id, resource_id, amount) values (108,3,5);
insert into craftable (id, category, name, batch, workload, level) values (109,'book','Deadly Shot [Int]',10,1200000,37);
insert into formula (craftable_id, resource_id, amount) values (109,122,20);
insert into formula (craftable_id, resource_id, amount) values (109,211,5);
insert into formula (craftable_id, resource_id, amount) values (109,210,20);
insert into formula (craftable_id, resource_id, amount) values (109,212,15);
insert into formula (craftable_id, resource_id, amount) values (109,205,100);
insert into formula (craftable_id, resource_id, amount) values (109,189,50);
insert into formula (craftable_id, resource_id, amount) values (109,160,10);
insert into formula (craftable_id, resource_id, amount) values (109,3,5);
insert into craftable (id, category, name, batch, workload, level) values (110,'book','Dark Seed [Int]',10,1200000,37);
insert into formula (craftable_id, resource_id, amount) values (110,125,20);
insert into formula (craftable_id, resource_id, amount) values (110,211,5);
insert into formula (craftable_id, resource_id, amount) values (110,210,20);
insert into formula (craftable_id, resource_id, amount) values (110,212,15);
insert into formula (craftable_id, resource_id, amount) values (110,205,100);
insert into formula (craftable_id, resource_id, amount) values (110,189,50);
insert into formula (craftable_id, resource_id, amount) values (110,160,10);
insert into formula (craftable_id, resource_id, amount) values (110,3,5);
insert into craftable (id, category, name, batch, workload, level) values (111,'book','Break Down [Int]',10,1200000,37);
insert into formula (craftable_id, resource_id, amount) values (111,128,20);
insert into formula (craftable_id, resource_id, amount) values (111,211,5);
insert into formula (craftable_id, resource_id, amount) values (111,210,20);
insert into formula (craftable_id, resource_id, amount) values (111,212,15);
insert into formula (craftable_id, resource_id, amount) values (111,205,100);
insert into formula (craftable_id, resource_id, amount) values (111,189,50);
insert into formula (craftable_id, resource_id, amount) values (111,160,10);
insert into formula (craftable_id, resource_id, amount) values (111,3,5);
insert into craftable (id, category, name, batch, workload, level) values (112,'book','Chaos Wind [Int]',10,1200000,37);
insert into formula (craftable_id, resource_id, amount) values (112,131,20);
insert into formula (craftable_id, resource_id, amount) values (112,211,5);
insert into formula (craftable_id, resource_id, amount) values (112,210,20);
insert into formula (craftable_id, resource_id, amount) values (112,212,15);
insert into formula (craftable_id, resource_id, amount) values (112,205,100);
insert into formula (craftable_id, resource_id, amount) values (112,189,50);
insert into formula (craftable_id, resource_id, amount) values (112,160,10);
insert into formula (craftable_id, resource_id, amount) values (112,3,5);
insert into craftable (id, category, name, batch, workload, level) values (113,'book','Evanescent Scud [Int]',10,1200000,37);
insert into formula (craftable_id, resource_id, amount) values (113,134,20);
insert into formula (craftable_id, resource_id, amount) values (113,211,5);
insert into formula (craftable_id, resource_id, amount) values (113,210,20);
insert into formula (craftable_id, resource_id, amount) values (113,212,15);
insert into formula (craftable_id, resource_id, amount) values (113,205,100);
insert into formula (craftable_id, resource_id, amount) values (113,189,50);
insert into formula (craftable_id, resource_id, amount) values (113,160,10);
insert into formula (craftable_id, resource_id, amount) values (113,3,5);
insert into craftable (id, category, name, batch, workload, level) values (114,'book','Light Slash [Int]',10,1300000,38);
insert into formula (craftable_id, resource_id, amount) values (114,137,20);
insert into formula (craftable_id, resource_id, amount) values (114,211,5);
insert into formula (craftable_id, resource_id, amount) values (114,210,20);
insert into formula (craftable_id, resource_id, amount) values (114,212,15);
insert into formula (craftable_id, resource_id, amount) values (114,205,100);
insert into formula (craftable_id, resource_id, amount) values (114,189,50);
insert into formula (craftable_id, resource_id, amount) values (114,160,10);
insert into formula (craftable_id, resource_id, amount) values (114,3,5);
insert into craftable (id, category, name, batch, workload, level) values (115,'book','Shooting Stance [Int]',10,1300000,38);
insert into formula (craftable_id, resource_id, amount) values (115,140,20);
insert into formula (craftable_id, resource_id, amount) values (115,211,5);
insert into formula (craftable_id, resource_id, amount) values (115,210,20);
insert into formula (craftable_id, resource_id, amount) values (115,212,15);
insert into formula (craftable_id, resource_id, amount) values (115,205,100);
insert into formula (craftable_id, resource_id, amount) values (115,189,50);
insert into formula (craftable_id, resource_id, amount) values (115,160,10);
insert into formula (craftable_id, resource_id, amount) values (115,3,5);
insert into craftable (id, category, name, batch, workload, level) values (116,'book','Wild Shot [Adv]',10,1200000,39);
insert into formula (craftable_id, resource_id, amount) values (116,18,20);
insert into formula (craftable_id, resource_id, amount) values (116,215,4);
insert into formula (craftable_id, resource_id, amount) values (116,213,5);
insert into formula (craftable_id, resource_id, amount) values (116,216,15);
insert into formula (craftable_id, resource_id, amount) values (116,206,50);
insert into formula (craftable_id, resource_id, amount) values (116,190,50);
insert into formula (craftable_id, resource_id, amount) values (116,158,5);
insert into formula (craftable_id, resource_id, amount) values (116,1,50);
insert into craftable (id, category, name, batch, workload, level) values (117,'book','Silence [Adv]',10,1200000,39);
insert into formula (craftable_id, resource_id, amount) values (117,15,20);
insert into formula (craftable_id, resource_id, amount) values (117,215,4);
insert into formula (craftable_id, resource_id, amount) values (117,213,5);
insert into formula (craftable_id, resource_id, amount) values (117,216,15);
insert into formula (craftable_id, resource_id, amount) values (117,206,50);
insert into formula (craftable_id, resource_id, amount) values (117,190,50);
insert into formula (craftable_id, resource_id, amount) values (117,158,5);
insert into formula (craftable_id, resource_id, amount) values (117,1,50);
insert into craftable (id, category, name, batch, workload, level) values (118,'book','Lightning Spear [Adv]',10,1200000,39);
insert into formula (craftable_id, resource_id, amount) values (118,12,20);
insert into formula (craftable_id, resource_id, amount) values (118,215,4);
insert into formula (craftable_id, resource_id, amount) values (118,213,5);
insert into formula (craftable_id, resource_id, amount) values (118,216,15);
insert into formula (craftable_id, resource_id, amount) values (118,206,50);
insert into formula (craftable_id, resource_id, amount) values (118,190,50);
insert into formula (craftable_id, resource_id, amount) values (118,158,5);
insert into formula (craftable_id, resource_id, amount) values (118,1,50);
insert into craftable (id, category, name, batch, workload, level) values (119,'book','Flame Sword [Adv]',10,1200000,39);
insert into formula (craftable_id, resource_id, amount) values (119,9,20);
insert into formula (craftable_id, resource_id, amount) values (119,215,4);
insert into formula (craftable_id, resource_id, amount) values (119,213,5);
insert into formula (craftable_id, resource_id, amount) values (119,216,15);
insert into formula (craftable_id, resource_id, amount) values (119,206,50);
insert into formula (craftable_id, resource_id, amount) values (119,190,50);
insert into formula (craftable_id, resource_id, amount) values (119,158,5);
insert into formula (craftable_id, resource_id, amount) values (119,1,50);
insert into craftable (id, category, name, batch, workload, level) values (120,'book','Blessing of Life [Adv]',10,1400000,40);
insert into formula (craftable_id, resource_id, amount) values (120,21,20);
insert into formula (craftable_id, resource_id, amount) values (120,215,4);
insert into formula (craftable_id, resource_id, amount) values (120,213,5);
insert into formula (craftable_id, resource_id, amount) values (120,216,15);
insert into formula (craftable_id, resource_id, amount) values (120,206,50);
insert into formula (craftable_id, resource_id, amount) values (120,190,50);
insert into formula (craftable_id, resource_id, amount) values (120,158,5);
insert into formula (craftable_id, resource_id, amount) values (120,1,50);
insert into craftable (id, category, name, batch, workload, level) values (121,'book','Brutal Will [Adv]',10,1400000,40);
insert into formula (craftable_id, resource_id, amount) values (121,27,20);
insert into formula (craftable_id, resource_id, amount) values (121,215,4);
insert into formula (craftable_id, resource_id, amount) values (121,213,5);
insert into formula (craftable_id, resource_id, amount) values (121,216,15);
insert into formula (craftable_id, resource_id, amount) values (121,206,50);
insert into formula (craftable_id, resource_id, amount) values (121,190,50);
insert into formula (craftable_id, resource_id, amount) values (121,158,5);
insert into formula (craftable_id, resource_id, amount) values (121,1,50);
insert into craftable (id, category, name, batch, workload, level) values (122,'book','Hex of Darkness [Adv]',10,1400000,40);
insert into formula (craftable_id, resource_id, amount) values (122,24,20);
insert into formula (craftable_id, resource_id, amount) values (122,215,4);
insert into formula (craftable_id, resource_id, amount) values (122,213,5);
insert into formula (craftable_id, resource_id, amount) values (122,216,15);
insert into formula (craftable_id, resource_id, amount) values (122,206,50);
insert into formula (craftable_id, resource_id, amount) values (122,190,50);
insert into formula (craftable_id, resource_id, amount) values (122,158,5);
insert into formula (craftable_id, resource_id, amount) values (122,1,50);
insert into craftable (id, category, name, batch, workload, level) values (123,'book','Shield of Protection [Adv]',10,1600000,41);
insert into formula (craftable_id, resource_id, amount) values (123,39,20);
insert into formula (craftable_id, resource_id, amount) values (123,215,4);
insert into formula (craftable_id, resource_id, amount) values (123,213,5);
insert into formula (craftable_id, resource_id, amount) values (123,216,15);
insert into formula (craftable_id, resource_id, amount) values (123,206,50);
insert into formula (craftable_id, resource_id, amount) values (123,190,50);
insert into formula (craftable_id, resource_id, amount) values (123,158,5);
insert into formula (craftable_id, resource_id, amount) values (123,1,50);
insert into craftable (id, category, name, batch, workload, level) values (124,'book','Awakening [Adv]',10,1600000,41);
insert into formula (craftable_id, resource_id, amount) values (124,36,20);
insert into formula (craftable_id, resource_id, amount) values (124,215,4);
insert into formula (craftable_id, resource_id, amount) values (124,213,5);
insert into formula (craftable_id, resource_id, amount) values (124,216,15);
insert into formula (craftable_id, resource_id, amount) values (124,206,50);
insert into formula (craftable_id, resource_id, amount) values (124,190,50);
insert into formula (craftable_id, resource_id, amount) values (124,158,5);
insert into formula (craftable_id, resource_id, amount) values (124,1,50);
insert into craftable (id, category, name, batch, workload, level) values (125,'book','Holy Guard [Adv]',10,1600000,41);
insert into formula (craftable_id, resource_id, amount) values (125,33,20);
insert into formula (craftable_id, resource_id, amount) values (125,215,4);
insert into formula (craftable_id, resource_id, amount) values (125,213,5);
insert into formula (craftable_id, resource_id, amount) values (125,216,15);
insert into formula (craftable_id, resource_id, amount) values (125,206,50);
insert into formula (craftable_id, resource_id, amount) values (125,190,50);
insert into formula (craftable_id, resource_id, amount) values (125,158,5);
insert into formula (craftable_id, resource_id, amount) values (125,1,50);
insert into craftable (id, category, name, batch, workload, level) values (126,'book','Protect [Adv]',10,1600000,41);
insert into formula (craftable_id, resource_id, amount) values (126,30,20);
insert into formula (craftable_id, resource_id, amount) values (126,215,4);
insert into formula (craftable_id, resource_id, amount) values (126,213,5);
insert into formula (craftable_id, resource_id, amount) values (126,216,15);
insert into formula (craftable_id, resource_id, amount) values (126,206,50);
insert into formula (craftable_id, resource_id, amount) values (126,190,50);
insert into formula (craftable_id, resource_id, amount) values (126,158,5);
insert into formula (craftable_id, resource_id, amount) values (126,1,50);
insert into craftable (id, category, name, batch, workload, level) values (127,'book','Deep Insight [Adv]',10,1800000,42);
insert into formula (craftable_id, resource_id, amount) values (127,45,20);
insert into formula (craftable_id, resource_id, amount) values (127,215,4);
insert into formula (craftable_id, resource_id, amount) values (127,213,5);
insert into formula (craftable_id, resource_id, amount) values (127,216,15);
insert into formula (craftable_id, resource_id, amount) values (127,206,50);
insert into formula (craftable_id, resource_id, amount) values (127,190,50);
insert into formula (craftable_id, resource_id, amount) values (127,158,5);
insert into formula (craftable_id, resource_id, amount) values (127,1,50);
insert into craftable (id, category, name, batch, workload, level) values (128,'book','Freezing Axe [Adv]',10,1800000,42);
insert into formula (craftable_id, resource_id, amount) values (128,42,20);
insert into formula (craftable_id, resource_id, amount) values (128,215,4);
insert into formula (craftable_id, resource_id, amount) values (128,213,5);
insert into formula (craftable_id, resource_id, amount) values (128,216,15);
insert into formula (craftable_id, resource_id, amount) values (128,206,50);
insert into formula (craftable_id, resource_id, amount) values (128,190,50);
insert into formula (craftable_id, resource_id, amount) values (128,158,5);
insert into formula (craftable_id, resource_id, amount) values (128,1,50);
insert into craftable (id, category, name, batch, workload, level) values (129,'book','Beast Summon [Adv]',10,2000000,43);
insert into formula (craftable_id, resource_id, amount) values (129,48,20);
insert into formula (craftable_id, resource_id, amount) values (129,218,4);
insert into formula (craftable_id, resource_id, amount) values (129,217,5);
insert into formula (craftable_id, resource_id, amount) values (129,219,15);
insert into formula (craftable_id, resource_id, amount) values (129,206,50);
insert into formula (craftable_id, resource_id, amount) values (129,190,50);
insert into formula (craftable_id, resource_id, amount) values (129,158,5);
insert into formula (craftable_id, resource_id, amount) values (129,1,50);
insert into craftable (id, category, name, batch, workload, level) values (130,'book','Mana Drain [Adv]',10,2200000,44);
insert into formula (craftable_id, resource_id, amount) values (130,51,20);
insert into formula (craftable_id, resource_id, amount) values (130,218,4);
insert into formula (craftable_id, resource_id, amount) values (130,217,5);
insert into formula (craftable_id, resource_id, amount) values (130,219,15);
insert into formula (craftable_id, resource_id, amount) values (130,206,50);
insert into formula (craftable_id, resource_id, amount) values (130,190,50);
insert into formula (craftable_id, resource_id, amount) values (130,158,5);
insert into formula (craftable_id, resource_id, amount) values (130,1,50);
insert into craftable (id, category, name, batch, workload, level) values (131,'book','Mana Trap [Adv]',10,2200000,44);
insert into formula (craftable_id, resource_id, amount) values (131,60,20);
insert into formula (craftable_id, resource_id, amount) values (131,218,4);
insert into formula (craftable_id, resource_id, amount) values (131,217,5);
insert into formula (craftable_id, resource_id, amount) values (131,219,15);
insert into formula (craftable_id, resource_id, amount) values (131,206,50);
insert into formula (craftable_id, resource_id, amount) values (131,190,50);
insert into formula (craftable_id, resource_id, amount) values (131,158,5);
insert into formula (craftable_id, resource_id, amount) values (131,1,50);
insert into craftable (id, category, name, batch, workload, level) values (132,'book','Meteor Strike [Adv]',10,2200000,44);
insert into formula (craftable_id, resource_id, amount) values (132,57,20);
insert into formula (craftable_id, resource_id, amount) values (132,218,4);
insert into formula (craftable_id, resource_id, amount) values (132,217,5);
insert into formula (craftable_id, resource_id, amount) values (132,219,15);
insert into formula (craftable_id, resource_id, amount) values (132,206,50);
insert into formula (craftable_id, resource_id, amount) values (132,190,50);
insert into formula (craftable_id, resource_id, amount) values (132,158,5);
insert into formula (craftable_id, resource_id, amount) values (132,1,50);
insert into craftable (id, category, name, batch, workload, level) values (133,'book','Mana Recharge [Adv]',10,2200000,44);
insert into formula (craftable_id, resource_id, amount) values (133,54,20);
insert into formula (craftable_id, resource_id, amount) values (133,218,4);
insert into formula (craftable_id, resource_id, amount) values (133,217,5);
insert into formula (craftable_id, resource_id, amount) values (133,219,15);
insert into formula (craftable_id, resource_id, amount) values (133,206,50);
insert into formula (craftable_id, resource_id, amount) values (133,190,50);
insert into formula (craftable_id, resource_id, amount) values (133,158,5);
insert into formula (craftable_id, resource_id, amount) values (133,1,50);
insert into craftable (id, category, name, batch, workload, level) values (134,'book','Mana Seal [Adv]',10,2400000,45);
insert into formula (craftable_id, resource_id, amount) values (134,63,20);
insert into formula (craftable_id, resource_id, amount) values (134,218,4);
insert into formula (craftable_id, resource_id, amount) values (134,217,5);
insert into formula (craftable_id, resource_id, amount) values (134,219,15);
insert into formula (craftable_id, resource_id, amount) values (134,206,50);
insert into formula (craftable_id, resource_id, amount) values (134,190,50);
insert into formula (craftable_id, resource_id, amount) values (134,158,5);
insert into formula (craftable_id, resource_id, amount) values (134,1,50);
insert into craftable (id, category, name, batch, workload, level) values (135,'book','Speed Cast [Adv]',10,2400000,45);
insert into formula (craftable_id, resource_id, amount) values (135,72,20);
insert into formula (craftable_id, resource_id, amount) values (135,218,4);
insert into formula (craftable_id, resource_id, amount) values (135,217,5);
insert into formula (craftable_id, resource_id, amount) values (135,219,15);
insert into formula (craftable_id, resource_id, amount) values (135,206,50);
insert into formula (craftable_id, resource_id, amount) values (135,190,50);
insert into formula (craftable_id, resource_id, amount) values (135,158,5);
insert into formula (craftable_id, resource_id, amount) values (135,1,50);
insert into craftable (id, category, name, batch, workload, level) values (136,'book','Mana Burn [Adv]',10,2400000,45);
insert into formula (craftable_id, resource_id, amount) values (136,69,20);
insert into formula (craftable_id, resource_id, amount) values (136,218,4);
insert into formula (craftable_id, resource_id, amount) values (136,217,5);
insert into formula (craftable_id, resource_id, amount) values (136,219,15);
insert into formula (craftable_id, resource_id, amount) values (136,206,50);
insert into formula (craftable_id, resource_id, amount) values (136,190,50);
insert into formula (craftable_id, resource_id, amount) values (136,158,5);
insert into formula (craftable_id, resource_id, amount) values (136,1,50);
insert into craftable (id, category, name, batch, workload, level) values (137,'book','Seal Staff [Adv]',10,2400000,45);
insert into formula (craftable_id, resource_id, amount) values (137,66,20);
insert into formula (craftable_id, resource_id, amount) values (137,218,4);
insert into formula (craftable_id, resource_id, amount) values (137,217,5);
insert into formula (craftable_id, resource_id, amount) values (137,219,15);
insert into formula (craftable_id, resource_id, amount) values (137,206,50);
insert into formula (craftable_id, resource_id, amount) values (137,190,50);
insert into formula (craftable_id, resource_id, amount) values (137,158,5);
insert into formula (craftable_id, resource_id, amount) values (137,1,50);
insert into craftable (id, category, name, batch, workload, level) values (138,'book','Princess Order [Adv]',10,2600000,46);
insert into formula (craftable_id, resource_id, amount) values (138,75,20);
insert into formula (craftable_id, resource_id, amount) values (138,218,4);
insert into formula (craftable_id, resource_id, amount) values (138,217,5);
insert into formula (craftable_id, resource_id, amount) values (138,219,15);
insert into formula (craftable_id, resource_id, amount) values (138,206,50);
insert into formula (craftable_id, resource_id, amount) values (138,190,50);
insert into formula (craftable_id, resource_id, amount) values (138,158,5);
insert into formula (craftable_id, resource_id, amount) values (138,1,50);
insert into craftable (id, category, name, batch, workload, level) values (139,'book','Imperial Signet [Adv]',10,2600000,46);
insert into formula (craftable_id, resource_id, amount) values (139,84,20);
insert into formula (craftable_id, resource_id, amount) values (139,218,4);
insert into formula (craftable_id, resource_id, amount) values (139,217,5);
insert into formula (craftable_id, resource_id, amount) values (139,219,15);
insert into formula (craftable_id, resource_id, amount) values (139,206,50);
insert into formula (craftable_id, resource_id, amount) values (139,190,50);
insert into formula (craftable_id, resource_id, amount) values (139,158,5);
insert into formula (craftable_id, resource_id, amount) values (139,1,50);
insert into craftable (id, category, name, batch, workload, level) values (140,'book','Family Signet [Adv]',10,2600000,46);
insert into formula (craftable_id, resource_id, amount) values (140,81,20);
insert into formula (craftable_id, resource_id, amount) values (140,218,4);
insert into formula (craftable_id, resource_id, amount) values (140,217,5);
insert into formula (craftable_id, resource_id, amount) values (140,219,15);
insert into formula (craftable_id, resource_id, amount) values (140,206,50);
insert into formula (craftable_id, resource_id, amount) values (140,190,50);
insert into formula (craftable_id, resource_id, amount) values (140,158,5);
insert into formula (craftable_id, resource_id, amount) values (140,1,50);
insert into craftable (id, category, name, batch, workload, level) values (141,'book','Royal Signet [Adv]',10,2600000,46);
insert into formula (craftable_id, resource_id, amount) values (141,78,20);
insert into formula (craftable_id, resource_id, amount) values (141,218,4);
insert into formula (craftable_id, resource_id, amount) values (141,217,5);
insert into formula (craftable_id, resource_id, amount) values (141,219,15);
insert into formula (craftable_id, resource_id, amount) values (141,206,50);
insert into formula (craftable_id, resource_id, amount) values (141,190,50);
insert into formula (craftable_id, resource_id, amount) values (141,158,5);
insert into formula (craftable_id, resource_id, amount) values (141,1,50);
insert into craftable (id, category, name, batch, workload, level) values (142,'book','Shattered Sword [Adv]',10,2800000,47);
insert into formula (craftable_id, resource_id, amount) values (142,87,20);
insert into formula (craftable_id, resource_id, amount) values (142,221,4);
insert into formula (craftable_id, resource_id, amount) values (142,220,5);
insert into formula (craftable_id, resource_id, amount) values (142,222,15);
insert into formula (craftable_id, resource_id, amount) values (142,206,50);
insert into formula (craftable_id, resource_id, amount) values (142,190,50);
insert into formula (craftable_id, resource_id, amount) values (142,160,5);
insert into formula (craftable_id, resource_id, amount) values (142,3,50);
insert into craftable (id, category, name, batch, workload, level) values (143,'book','Concentrate [Adv]',10,2800000,47);
insert into formula (craftable_id, resource_id, amount) values (143,96,20);
insert into formula (craftable_id, resource_id, amount) values (143,221,4);
insert into formula (craftable_id, resource_id, amount) values (143,220,5);
insert into formula (craftable_id, resource_id, amount) values (143,222,15);
insert into formula (craftable_id, resource_id, amount) values (143,206,50);
insert into formula (craftable_id, resource_id, amount) values (143,190,50);
insert into formula (craftable_id, resource_id, amount) values (143,160,5);
insert into formula (craftable_id, resource_id, amount) values (143,3,50);
insert into craftable (id, category, name, batch, workload, level) values (144,'book','Rusty Axe [Adv]',10,2800000,47);
insert into formula (craftable_id, resource_id, amount) values (144,93,20);
insert into formula (craftable_id, resource_id, amount) values (144,221,4);
insert into formula (craftable_id, resource_id, amount) values (144,220,5);
insert into formula (craftable_id, resource_id, amount) values (144,222,15);
insert into formula (craftable_id, resource_id, amount) values (144,206,50);
insert into formula (craftable_id, resource_id, amount) values (144,190,50);
insert into formula (craftable_id, resource_id, amount) values (144,160,5);
insert into formula (craftable_id, resource_id, amount) values (144,3,50);
insert into craftable (id, category, name, batch, workload, level) values (145,'book','Broken Spear [Adv]',10,2800000,47);
insert into formula (craftable_id, resource_id, amount) values (145,90,20);
insert into formula (craftable_id, resource_id, amount) values (145,221,4);
insert into formula (craftable_id, resource_id, amount) values (145,220,5);
insert into formula (craftable_id, resource_id, amount) values (145,222,15);
insert into formula (craftable_id, resource_id, amount) values (145,206,50);
insert into formula (craftable_id, resource_id, amount) values (145,190,50);
insert into formula (craftable_id, resource_id, amount) values (145,160,5);
insert into formula (craftable_id, resource_id, amount) values (145,3,50);
insert into craftable (id, category, name, batch, workload, level) values (146,'book','Healing [Adv]',10,3000000,48);
insert into formula (craftable_id, resource_id, amount) values (146,99,20);
insert into formula (craftable_id, resource_id, amount) values (146,221,4);
insert into formula (craftable_id, resource_id, amount) values (146,220,5);
insert into formula (craftable_id, resource_id, amount) values (146,222,15);
insert into formula (craftable_id, resource_id, amount) values (146,206,50);
insert into formula (craftable_id, resource_id, amount) values (146,190,50);
insert into formula (craftable_id, resource_id, amount) values (146,160,5);
insert into formula (craftable_id, resource_id, amount) values (146,3,50);
insert into craftable (id, category, name, batch, workload, level) values (147,'book','Seths Will [Adv]',10,3000000,48);
insert into formula (craftable_id, resource_id, amount) values (147,105,20);
insert into formula (craftable_id, resource_id, amount) values (147,221,4);
insert into formula (craftable_id, resource_id, amount) values (147,220,5);
insert into formula (craftable_id, resource_id, amount) values (147,222,15);
insert into formula (craftable_id, resource_id, amount) values (147,206,50);
insert into formula (craftable_id, resource_id, amount) values (147,190,50);
insert into formula (craftable_id, resource_id, amount) values (147,160,5);
insert into formula (craftable_id, resource_id, amount) values (147,3,50);
insert into craftable (id, category, name, batch, workload, level) values (148,'book','Vortex [Adv]',10,3000000,48);
insert into formula (craftable_id, resource_id, amount) values (148,102,20);
insert into formula (craftable_id, resource_id, amount) values (148,221,4);
insert into formula (craftable_id, resource_id, amount) values (148,220,5);
insert into formula (craftable_id, resource_id, amount) values (148,222,15);
insert into formula (craftable_id, resource_id, amount) values (148,206,50);
insert into formula (craftable_id, resource_id, amount) values (148,190,50);
insert into formula (craftable_id, resource_id, amount) values (148,160,5);
insert into formula (craftable_id, resource_id, amount) values (148,3,50);
insert into craftable (id, category, name, batch, workload, level) values (149,'book','Summon Machine [Adv]',10,3200000,49);
insert into formula (craftable_id, resource_id, amount) values (149,108,20);
insert into formula (craftable_id, resource_id, amount) values (149,221,4);
insert into formula (craftable_id, resource_id, amount) values (149,220,5);
insert into formula (craftable_id, resource_id, amount) values (149,222,15);
insert into formula (craftable_id, resource_id, amount) values (149,206,50);
insert into formula (craftable_id, resource_id, amount) values (149,190,50);
insert into formula (craftable_id, resource_id, amount) values (149,160,5);
insert into formula (craftable_id, resource_id, amount) values (149,3,50);
insert into craftable (id, category, name, batch, workload, level) values (150,'book','Smoke Bomb [Adv]',10,3200000,50);
insert into formula (craftable_id, resource_id, amount) values (150,111,20);
insert into formula (craftable_id, resource_id, amount) values (150,221,4);
insert into formula (craftable_id, resource_id, amount) values (150,220,5);
insert into formula (craftable_id, resource_id, amount) values (150,222,15);
insert into formula (craftable_id, resource_id, amount) values (150,206,50);
insert into formula (craftable_id, resource_id, amount) values (150,190,50);
insert into formula (craftable_id, resource_id, amount) values (150,160,5);
insert into formula (craftable_id, resource_id, amount) values (150,3,50);
insert into craftable (id, category, name, batch, workload, level) values (151,'book','Noble Sacrifice [Adv]',10,3600000,51);
insert into formula (craftable_id, resource_id, amount) values (151,114,20);
insert into formula (craftable_id, resource_id, amount) values (151,221,4);
insert into formula (craftable_id, resource_id, amount) values (151,220,5);
insert into formula (craftable_id, resource_id, amount) values (151,222,15);
insert into formula (craftable_id, resource_id, amount) values (151,206,50);
insert into formula (craftable_id, resource_id, amount) values (151,190,50);
insert into formula (craftable_id, resource_id, amount) values (151,160,5);
insert into formula (craftable_id, resource_id, amount) values (151,3,50);
insert into craftable (id, category, name, batch, workload, level) values (152,'book','Deadly Strike [Adv]',10,3600000,51);
insert into formula (craftable_id, resource_id, amount) values (152,114,20);
insert into formula (craftable_id, resource_id, amount) values (152,221,4);
insert into formula (craftable_id, resource_id, amount) values (152,220,5);
insert into formula (craftable_id, resource_id, amount) values (152,222,15);
insert into formula (craftable_id, resource_id, amount) values (152,206,50);
insert into formula (craftable_id, resource_id, amount) values (152,190,50);
insert into formula (craftable_id, resource_id, amount) values (152,160,5);
insert into formula (craftable_id, resource_id, amount) values (152,3,50);
insert into craftable (id, category, name, batch, workload, level) values (153,'book','Evanescent Scud [Adv]',10,3600000,51);
insert into formula (craftable_id, resource_id, amount) values (153,135,20);
insert into formula (craftable_id, resource_id, amount) values (153,221,4);
insert into formula (craftable_id, resource_id, amount) values (153,220,5);
insert into formula (craftable_id, resource_id, amount) values (153,222,15);
insert into formula (craftable_id, resource_id, amount) values (153,206,50);
insert into formula (craftable_id, resource_id, amount) values (153,190,50);
insert into formula (craftable_id, resource_id, amount) values (153,160,5);
insert into formula (craftable_id, resource_id, amount) values (153,3,50);
insert into craftable (id, category, name, batch, workload, level) values (154,'book','Chaos Wind [Adv]',10,3600000,51);
insert into formula (craftable_id, resource_id, amount) values (154,132,20);
insert into formula (craftable_id, resource_id, amount) values (154,221,4);
insert into formula (craftable_id, resource_id, amount) values (154,220,5);
insert into formula (craftable_id, resource_id, amount) values (154,222,15);
insert into formula (craftable_id, resource_id, amount) values (154,206,50);
insert into formula (craftable_id, resource_id, amount) values (154,190,50);
insert into formula (craftable_id, resource_id, amount) values (154,160,5);
insert into formula (craftable_id, resource_id, amount) values (154,3,50);
insert into craftable (id, category, name, batch, workload, level) values (155,'book','Break Down [Adv]',10,3600000,51);
insert into formula (craftable_id, resource_id, amount) values (155,129,20);
insert into formula (craftable_id, resource_id, amount) values (155,221,4);
insert into formula (craftable_id, resource_id, amount) values (155,220,5);
insert into formula (craftable_id, resource_id, amount) values (155,222,15);
insert into formula (craftable_id, resource_id, amount) values (155,206,50);
insert into formula (craftable_id, resource_id, amount) values (155,190,50);
insert into formula (craftable_id, resource_id, amount) values (155,160,5);
insert into formula (craftable_id, resource_id, amount) values (155,3,50);
insert into craftable (id, category, name, batch, workload, level) values (156,'book','Dark Seed [Adv]',10,3600000,51);
insert into formula (craftable_id, resource_id, amount) values (156,126,20);
insert into formula (craftable_id, resource_id, amount) values (156,221,4);
insert into formula (craftable_id, resource_id, amount) values (156,220,5);
insert into formula (craftable_id, resource_id, amount) values (156,222,15);
insert into formula (craftable_id, resource_id, amount) values (156,206,50);
insert into formula (craftable_id, resource_id, amount) values (156,190,50);
insert into formula (craftable_id, resource_id, amount) values (156,160,5);
insert into formula (craftable_id, resource_id, amount) values (156,3,50);
insert into craftable (id, category, name, batch, workload, level) values (157,'book','Deadly Shot [Adv]',10,3600000,51);
insert into formula (craftable_id, resource_id, amount) values (157,123,20);
insert into formula (craftable_id, resource_id, amount) values (157,221,4);
insert into formula (craftable_id, resource_id, amount) values (157,220,5);
insert into formula (craftable_id, resource_id, amount) values (157,222,15);
insert into formula (craftable_id, resource_id, amount) values (157,206,50);
insert into formula (craftable_id, resource_id, amount) values (157,190,50);
insert into formula (craftable_id, resource_id, amount) values (157,160,5);
insert into formula (craftable_id, resource_id, amount) values (157,3,50);
insert into craftable (id, category, name, batch, workload, level) values (158,'book','Light Slash [Adv]',10,3800000,52);
insert into formula (craftable_id, resource_id, amount) values (158,138,20);
insert into formula (craftable_id, resource_id, amount) values (158,221,4);
insert into formula (craftable_id, resource_id, amount) values (158,220,5);
insert into formula (craftable_id, resource_id, amount) values (158,222,15);
insert into formula (craftable_id, resource_id, amount) values (158,206,50);
insert into formula (craftable_id, resource_id, amount) values (158,190,50);
insert into formula (craftable_id, resource_id, amount) values (158,160,5);
insert into formula (craftable_id, resource_id, amount) values (158,3,50);
insert into craftable (id, category, name, batch, workload, level) values (159,'book','Shooting Stance [Adv]',10,3800000,52);
insert into formula (craftable_id, resource_id, amount) values (159,141,20);
insert into formula (craftable_id, resource_id, amount) values (159,221,4);
insert into formula (craftable_id, resource_id, amount) values (159,220,5);
insert into formula (craftable_id, resource_id, amount) values (159,222,15);
insert into formula (craftable_id, resource_id, amount) values (159,206,50);
insert into formula (craftable_id, resource_id, amount) values (159,190,50);
insert into formula (craftable_id, resource_id, amount) values (159,160,5);
insert into formula (craftable_id, resource_id, amount) values (159,3,50);
insert into craftable (id, category, name, batch, workload, level) values (160,'book','Warcries [Int]',10,4000000,53);
insert into formula (craftable_id, resource_id, amount) values (160,143,20);
insert into formula (craftable_id, resource_id, amount) values (160,224,4);
insert into formula (craftable_id, resource_id, amount) values (160,223,4);
insert into formula (craftable_id, resource_id, amount) values (160,208,15);
insert into formula (craftable_id, resource_id, amount) values (160,207,150);
insert into formula (craftable_id, resource_id, amount) values (160,199,30);
insert into formula (craftable_id, resource_id, amount) values (160,160,10);
insert into formula (craftable_id, resource_id, amount) values (160,3,5);
insert into craftable (id, category, name, batch, workload, level) values (161,'book','Warcries [Adv]',10,4200000,54);
insert into formula (craftable_id, resource_id, amount) values (161,144,20);
insert into formula (craftable_id, resource_id, amount) values (161,224,4);
insert into formula (craftable_id, resource_id, amount) values (161,223,4);
insert into formula (craftable_id, resource_id, amount) values (161,208,15);
insert into formula (craftable_id, resource_id, amount) values (161,207,150);
insert into formula (craftable_id, resource_id, amount) values (161,199,30);
insert into formula (craftable_id, resource_id, amount) values (161,160,10);
insert into formula (craftable_id, resource_id, amount) values (161,3,5);
insert into craftable (id, category, name, batch, workload, level) values (162,'bow','Spirit Bow',1,450,1);
insert into formula (craftable_id, resource_id, amount) values (162,385,5);
insert into formula (craftable_id, resource_id, amount) values (162,534,4);
insert into craftable (id, category, name, batch, workload, level) values (163,'bow','Deep-Sea Bow',1,2800,4);
insert into formula (craftable_id, resource_id, amount) values (163,415,2);
insert into formula (craftable_id, resource_id, amount) values (163,407,4);
insert into formula (craftable_id, resource_id, amount) values (163,377,2);
insert into formula (craftable_id, resource_id, amount) values (163,397,4);
insert into formula (craftable_id, resource_id, amount) values (163,176,3);
insert into craftable (id, category, name, batch, workload, level) values (164,'bow','Ogre Bow',1,9200,9);
insert into formula (craftable_id, resource_id, amount) values (164,533,3);
insert into formula (craftable_id, resource_id, amount) values (164,377,8);
insert into formula (craftable_id, resource_id, amount) values (164,379,2);
insert into formula (craftable_id, resource_id, amount) values (164,385,12);
insert into formula (craftable_id, resource_id, amount) values (164,386,6);
insert into formula (craftable_id, resource_id, amount) values (164,397,4);
insert into formula (craftable_id, resource_id, amount) values (164,416,3);
insert into formula (craftable_id, resource_id, amount) values (164,176,15);
insert into craftable (id, category, name, batch, workload, level) values (165,'bow','Assassins Bow',1,25300,15);
insert into formula (craftable_id, resource_id, amount) values (165,379,10);
insert into formula (craftable_id, resource_id, amount) values (165,386,25);
insert into formula (craftable_id, resource_id, amount) values (165,184,10);
insert into formula (craftable_id, resource_id, amount) values (165,204,12);
insert into formula (craftable_id, resource_id, amount) values (165,397,10);
insert into formula (craftable_id, resource_id, amount) values (165,532,10);
insert into formula (craftable_id, resource_id, amount) values (165,176,50);
insert into formula (craftable_id, resource_id, amount) values (165,177,5);
insert into craftable (id, category, name, batch, workload, level) values (166,'bow','Walachia Bow',1,69600,23);
insert into formula (craftable_id, resource_id, amount) values (166,184,20);
insert into formula (craftable_id, resource_id, amount) values (166,204,20);
insert into formula (craftable_id, resource_id, amount) values (166,379,10);
insert into formula (craftable_id, resource_id, amount) values (166,386,20);
insert into formula (craftable_id, resource_id, amount) values (166,390,5);
insert into formula (craftable_id, resource_id, amount) values (166,393,10);
insert into formula (craftable_id, resource_id, amount) values (166,397,15);
insert into formula (craftable_id, resource_id, amount) values (166,177,10);
insert into craftable (id, category, name, batch, workload, level) values (167,'bow','Blood Knight Bow',1,125200,28);
insert into formula (craftable_id, resource_id, amount) values (167,184,6);
insert into formula (craftable_id, resource_id, amount) values (167,204,8);
insert into formula (craftable_id, resource_id, amount) values (167,379,4);
insert into formula (craftable_id, resource_id, amount) values (167,386,8);
insert into formula (craftable_id, resource_id, amount) values (167,390,4);
insert into formula (craftable_id, resource_id, amount) values (167,393,4);
insert into formula (craftable_id, resource_id, amount) values (167,397,5);
insert into formula (craftable_id, resource_id, amount) values (167,176,20);
insert into formula (craftable_id, resource_id, amount) values (167,177,10);
insert into formula (craftable_id, resource_id, amount) values (167,348,1);
insert into formula (craftable_id, resource_id, amount) values (167,469,1);
insert into formula (craftable_id, resource_id, amount) values (167,466,1);
insert into craftable (id, category, name, batch, workload, level) values (168,'bow','Anu Warrior Bow',1,191400,32);
insert into formula (craftable_id, resource_id, amount) values (168,381,4);
insert into formula (craftable_id, resource_id, amount) values (168,445,1);
insert into formula (craftable_id, resource_id, amount) values (168,387,20);
insert into formula (craftable_id, resource_id, amount) values (168,394,10);
insert into formula (craftable_id, resource_id, amount) values (168,399,20);
insert into formula (craftable_id, resource_id, amount) values (168,395,3);
insert into formula (craftable_id, resource_id, amount) values (168,535,20);
insert into formula (craftable_id, resource_id, amount) values (168,177,10);
insert into formula (craftable_id, resource_id, amount) values (168,178,5);
insert into craftable (id, category, name, batch, workload, level) values (169,'bow','Gilgamesh Bow',1,287100,35);
insert into formula (craftable_id, resource_id, amount) values (169,381,5);
insert into formula (craftable_id, resource_id, amount) values (169,387,20);
insert into formula (craftable_id, resource_id, amount) values (169,394,10);
insert into formula (craftable_id, resource_id, amount) values (169,399,20);
insert into formula (craftable_id, resource_id, amount) values (169,397,20);
insert into formula (craftable_id, resource_id, amount) values (169,535,20);
insert into formula (craftable_id, resource_id, amount) values (169,177,10);
insert into formula (craftable_id, resource_id, amount) values (169,178,5);
insert into formula (craftable_id, resource_id, amount) values (169,466,1);
insert into formula (craftable_id, resource_id, amount) values (169,467,1);
insert into formula (craftable_id, resource_id, amount) values (169,469,1);
insert into craftable (id, category, name, batch, workload, level) values (170,'bow','Amons Bow',1,526400,44);
insert into formula (craftable_id, resource_id, amount) values (170,394,20);
insert into formula (craftable_id, resource_id, amount) values (170,388,20);
insert into formula (craftable_id, resource_id, amount) values (170,445,10);
insert into formula (craftable_id, resource_id, amount) values (170,383,2);
insert into formula (craftable_id, resource_id, amount) values (170,527,20);
insert into formula (craftable_id, resource_id, amount) values (170,399,30);
insert into formula (craftable_id, resource_id, amount) values (170,400,15);
insert into formula (craftable_id, resource_id, amount) values (170,410,10);
insert into formula (craftable_id, resource_id, amount) values (170,396,10);
insert into formula (craftable_id, resource_id, amount) values (170,177,20);
insert into formula (craftable_id, resource_id, amount) values (170,178,20);
insert into craftable (id, category, name, batch, workload, level) values (171,'bow','Ghost Gunner Bow',1,1447600,50);
insert into formula (craftable_id, resource_id, amount) values (171,477,1);
insert into formula (craftable_id, resource_id, amount) values (171,530,10);
insert into formula (craftable_id, resource_id, amount) values (171,373,20);
insert into formula (craftable_id, resource_id, amount) values (171,394,20);
insert into formula (craftable_id, resource_id, amount) values (171,400,20);
insert into formula (craftable_id, resource_id, amount) values (171,412,10);
insert into formula (craftable_id, resource_id, amount) values (171,180,4);
insert into formula (craftable_id, resource_id, amount) values (171,179,4);
insert into formula (craftable_id, resource_id, amount) values (171,417,4);
insert into formula (craftable_id, resource_id, amount) values (171,452,30);
insert into formula (craftable_id, resource_id, amount) values (171,419,20);
insert into formula (craftable_id, resource_id, amount) values (171,420,10);
insert into craftable (id, category, name, batch, workload, level) values (172,'bow','Dragon Slayer Bow',1,3980900,56);
insert into formula (craftable_id, resource_id, amount) values (172,384,4);
insert into formula (craftable_id, resource_id, amount) values (172,446,20);
insert into formula (craftable_id, resource_id, amount) values (172,530,20);
insert into formula (craftable_id, resource_id, amount) values (172,430,10);
insert into formula (craftable_id, resource_id, amount) values (172,401,100);
insert into formula (craftable_id, resource_id, amount) values (172,413,40);
insert into formula (craftable_id, resource_id, amount) values (172,179,10);
insert into formula (craftable_id, resource_id, amount) values (172,180,10);
insert into formula (craftable_id, resource_id, amount) values (172,417,10);
insert into formula (craftable_id, resource_id, amount) values (172,452,30);
insert into formula (craftable_id, resource_id, amount) values (172,419,20);
insert into formula (craftable_id, resource_id, amount) values (172,420,10);
insert into craftable (id, category, name, batch, workload, level) values (173,'bow','Gold Dragon Bow',1,7961800,60);
insert into formula (craftable_id, resource_id, amount) values (173,384,10);
insert into formula (craftable_id, resource_id, amount) values (173,413,50);
insert into formula (craftable_id, resource_id, amount) values (173,431,20);
insert into formula (craftable_id, resource_id, amount) values (173,391,30);
insert into formula (craftable_id, resource_id, amount) values (173,417,20);
insert into formula (craftable_id, resource_id, amount) values (173,180,15);
insert into formula (craftable_id, resource_id, amount) values (173,452,30);
insert into formula (craftable_id, resource_id, amount) values (173,419,20);
insert into formula (craftable_id, resource_id, amount) values (173,420,10);
insert into formula (craftable_id, resource_id, amount) values (173,468,5);
insert into formula (craftable_id, resource_id, amount) values (173,467,2);
insert into formula (craftable_id, resource_id, amount) values (173,466,4);
insert into craftable (id, category, name, batch, workload, level) values (174,'bow','Conquerors Bow',1,15923600,65);
insert into formula (craftable_id, resource_id, amount) values (174,384,15);
insert into formula (craftable_id, resource_id, amount) values (174,446,40);
insert into formula (craftable_id, resource_id, amount) values (174,376,20);
insert into formula (craftable_id, resource_id, amount) values (174,413,50);
insert into formula (craftable_id, resource_id, amount) values (174,431,40);
insert into formula (craftable_id, resource_id, amount) values (174,418,1);
insert into formula (craftable_id, resource_id, amount) values (174,180,10);
insert into formula (craftable_id, resource_id, amount) values (174,181,10);
insert into formula (craftable_id, resource_id, amount) values (174,421,30);
insert into formula (craftable_id, resource_id, amount) values (174,427,50);
insert into formula (craftable_id, resource_id, amount) values (174,476,1);
insert into craftable (id, category, name, batch, workload, level) values (175,'bow','Freezing Bow',1,19108320,70);
insert into formula (craftable_id, resource_id, amount) values (175,418,1);
insert into formula (craftable_id, resource_id, amount) values (175,432,15);
insert into formula (craftable_id, resource_id, amount) values (175,446,100);
insert into formula (craftable_id, resource_id, amount) values (175,181,10);
insert into formula (craftable_id, resource_id, amount) values (175,461,30);
insert into formula (craftable_id, resource_id, amount) values (175,459,10);
insert into formula (craftable_id, resource_id, amount) values (175,413,100);
insert into formula (craftable_id, resource_id, amount) values (175,421,100);
insert into formula (craftable_id, resource_id, amount) values (175,478,30);
insert into formula (craftable_id, resource_id, amount) values (175,479,300);
insert into craftable (id, category, name, batch, workload, level) values (176,'bow','Divine Bow',1,38000000,75);
insert into formula (craftable_id, resource_id, amount) values (176,418,1);
insert into formula (craftable_id, resource_id, amount) values (176,433,2);
insert into formula (craftable_id, resource_id, amount) values (176,432,40);
insert into formula (craftable_id, resource_id, amount) values (176,414,4);
insert into formula (craftable_id, resource_id, amount) values (176,424,2);
insert into formula (craftable_id, resource_id, amount) values (176,520,10);
insert into formula (craftable_id, resource_id, amount) values (176,181,10);
insert into formula (craftable_id, resource_id, amount) values (176,427,60);
insert into formula (craftable_id, resource_id, amount) values (176,428,40);
insert into craftable (id, category, name, batch, workload, level) values (177,'building','Small Tree',1,500,1);
insert into formula (craftable_id, resource_id, amount) values (177,528,18);
insert into formula (craftable_id, resource_id, amount) values (177,529,14);
insert into formula (craftable_id, resource_id, amount) values (177,527,4);
insert into craftable (id, category, name, batch, workload, level) values (178,'building','Medium Tree',1,1000,1);
insert into formula (craftable_id, resource_id, amount) values (178,528,20);
insert into formula (craftable_id, resource_id, amount) values (178,529,20);
insert into formula (craftable_id, resource_id, amount) values (178,527,12);
insert into craftable (id, category, name, batch, workload, level) values (179,'building','Large Tree',1,1500,1);
insert into formula (craftable_id, resource_id, amount) values (179,528,50);
insert into formula (craftable_id, resource_id, amount) values (179,529,40);
insert into formula (craftable_id, resource_id, amount) values (179,527,13);
insert into craftable (id, category, name, batch, workload, level) values (180,'building','Chosun-style House',1,30000,4);
insert into formula (craftable_id, resource_id, amount) values (180,528,100);
insert into formula (craftable_id, resource_id, amount) values (180,529,60);
insert into formula (craftable_id, resource_id, amount) values (180,527,33);
insert into formula (craftable_id, resource_id, amount) values (180,184,55);
insert into formula (craftable_id, resource_id, amount) values (180,379,25);
insert into craftable (id, category, name, batch, workload, level) values (181,'building','Chosun Farm',1,40000,7);
insert into formula (craftable_id, resource_id, amount) values (181,529,200);
insert into formula (craftable_id, resource_id, amount) values (181,527,159);
insert into formula (craftable_id, resource_id, amount) values (181,184,80);
insert into formula (craftable_id, resource_id, amount) values (181,379,30);
insert into formula (craftable_id, resource_id, amount) values (181,381,20);
insert into craftable (id, category, name, batch, workload, level) values (182,'building','Chosun Warehouse',1,52000,10);
insert into formula (craftable_id, resource_id, amount) values (182,529,200);
insert into formula (craftable_id, resource_id, amount) values (182,527,159);
insert into formula (craftable_id, resource_id, amount) values (182,184,80);
insert into formula (craftable_id, resource_id, amount) values (182,379,30);
insert into formula (craftable_id, resource_id, amount) values (182,381,20);
insert into craftable (id, category, name, batch, workload, level) values (183,'building','North European Market',1,52000,10);
insert into formula (craftable_id, resource_id, amount) values (183,529,355);
insert into formula (craftable_id, resource_id, amount) values (183,527,250);
insert into formula (craftable_id, resource_id, amount) values (183,185,185);
insert into formula (craftable_id, resource_id, amount) values (183,379,60);
insert into formula (craftable_id, resource_id, amount) values (183,381,55);
insert into formula (craftable_id, resource_id, amount) values (183,393,80);
insert into craftable (id, category, name, batch, workload, level) values (184,'building','Chosun Market',1,64000,13);
insert into formula (craftable_id, resource_id, amount) values (184,529,355);
insert into formula (craftable_id, resource_id, amount) values (184,527,250);
insert into formula (craftable_id, resource_id, amount) values (184,185,185);
insert into formula (craftable_id, resource_id, amount) values (184,379,60);
insert into formula (craftable_id, resource_id, amount) values (184,381,55);
insert into formula (craftable_id, resource_id, amount) values (184,393,80);
insert into craftable (id, category, name, batch, workload, level) values (185,'building','North European Farm',1,64000,13);
insert into formula (craftable_id, resource_id, amount) values (185,529,200);
insert into formula (craftable_id, resource_id, amount) values (185,527,159);
insert into formula (craftable_id, resource_id, amount) values (185,184,80);
insert into formula (craftable_id, resource_id, amount) values (185,379,30);
insert into formula (craftable_id, resource_id, amount) values (185,381,20);
insert into craftable (id, category, name, batch, workload, level) values (186,'building','Chosun Factory',1,80000,16);
insert into formula (craftable_id, resource_id, amount) values (186,529,449);
insert into formula (craftable_id, resource_id, amount) values (186,527,250);
insert into formula (craftable_id, resource_id, amount) values (186,185,170);
insert into formula (craftable_id, resource_id, amount) values (186,379,67);
insert into formula (craftable_id, resource_id, amount) values (186,381,50);
insert into formula (craftable_id, resource_id, amount) values (186,388,100);
insert into formula (craftable_id, resource_id, amount) values (186,391,40);
insert into formula (craftable_id, resource_id, amount) values (186,394,80);
insert into craftable (id, category, name, batch, workload, level) values (187,'building','Chosun Guard Post',1,96000,19);
insert into formula (craftable_id, resource_id, amount) values (187,529,150);
insert into formula (craftable_id, resource_id, amount) values (187,527,240);
insert into formula (craftable_id, resource_id, amount) values (187,185,300);
insert into formula (craftable_id, resource_id, amount) values (187,379,50);
insert into formula (craftable_id, resource_id, amount) values (187,381,85);
insert into formula (craftable_id, resource_id, amount) values (187,388,150);
insert into formula (craftable_id, resource_id, amount) values (187,391,70);
insert into formula (craftable_id, resource_id, amount) values (187,394,90);
insert into formula (craftable_id, resource_id, amount) values (187,410,35);
insert into craftable (id, category, name, batch, workload, level) values (188,'building','Chosun Hospital',1,120000,22);
insert into formula (craftable_id, resource_id, amount) values (188,529,450);
insert into formula (craftable_id, resource_id, amount) values (188,527,245);
insert into formula (craftable_id, resource_id, amount) values (188,185,170);
insert into formula (craftable_id, resource_id, amount) values (188,379,100);
insert into formula (craftable_id, resource_id, amount) values (188,381,125);
insert into formula (craftable_id, resource_id, amount) values (188,388,165);
insert into formula (craftable_id, resource_id, amount) values (188,391,150);
insert into formula (craftable_id, resource_id, amount) values (188,394,160);
insert into formula (craftable_id, resource_id, amount) values (188,410,63);
insert into craftable (id, category, name, batch, workload, level) values (189,'building','Chosun School',1,150000,25);
insert into formula (craftable_id, resource_id, amount) values (189,528,205);
insert into formula (craftable_id, resource_id, amount) values (189,529,250);
insert into formula (craftable_id, resource_id, amount) values (189,527,300);
insert into formula (craftable_id, resource_id, amount) values (189,185,200);
insert into formula (craftable_id, resource_id, amount) values (189,188,200);
insert into formula (craftable_id, resource_id, amount) values (189,379,175);
insert into formula (craftable_id, resource_id, amount) values (189,381,150);
insert into formula (craftable_id, resource_id, amount) values (189,390,200);
insert into formula (craftable_id, resource_id, amount) values (189,393,250);
insert into formula (craftable_id, resource_id, amount) values (189,394,220);
insert into formula (craftable_id, resource_id, amount) values (189,410,86);
insert into craftable (id, category, name, batch, workload, level) values (190,'bullet','Lead Bullet',30,150,1);
insert into formula (craftable_id, resource_id, amount) values (190,377,4);
insert into formula (craftable_id, resource_id, amount) values (190,437,4);
insert into formula (craftable_id, resource_id, amount) values (190,176,5);
insert into craftable (id, category, name, batch, workload, level) values (191,'bullet','Copper Bullet',100,1000,5);
insert into formula (craftable_id, resource_id, amount) values (191,377,20);
insert into formula (craftable_id, resource_id, amount) values (191,385,30);
insert into formula (craftable_id, resource_id, amount) values (191,437,30);
insert into formula (craftable_id, resource_id, amount) values (191,176,10);
insert into craftable (id, category, name, batch, workload, level) values (192,'bullet','Iron-clad Bullet',100,2700,10);
insert into formula (craftable_id, resource_id, amount) values (192,379,5);
insert into formula (craftable_id, resource_id, amount) values (192,386,20);
insert into formula (craftable_id, resource_id, amount) values (192,437,40);
insert into formula (craftable_id, resource_id, amount) values (192,177,5);
insert into craftable (id, category, name, batch, workload, level) values (193,'bullet','Enriched Bullet',200,12500,15);
insert into formula (craftable_id, resource_id, amount) values (193,381,4);
insert into formula (craftable_id, resource_id, amount) values (193,413,4);
insert into formula (craftable_id, resource_id, amount) values (193,399,3);
insert into formula (craftable_id, resource_id, amount) values (193,437,20);
insert into formula (craftable_id, resource_id, amount) values (193,178,3);
insert into craftable (id, category, name, batch, workload, level) values (194,'bullet','Adamantium Bullet',300,450000,25);
insert into formula (craftable_id, resource_id, amount) values (194,430,2);
insert into formula (craftable_id, resource_id, amount) values (194,401,20);
insert into formula (craftable_id, resource_id, amount) values (194,437,200);
insert into formula (craftable_id, resource_id, amount) values (194,312,1);
insert into formula (craftable_id, resource_id, amount) values (194,178,10);
insert into craftable (id, category, name, batch, workload, level) values (195,'bullet','Enriched Adamantium Bullet',400,169000,30);
insert into formula (craftable_id, resource_id, amount) values (195,431,5);
insert into formula (craftable_id, resource_id, amount) values (195,401,80);
insert into formula (craftable_id, resource_id, amount) values (195,438,50);
insert into formula (craftable_id, resource_id, amount) values (195,314,1);
insert into formula (craftable_id, resource_id, amount) values (195,179,10);
insert into formula (craftable_id, resource_id, amount) values (195,318,10);
insert into craftable (id, category, name, batch, workload, level) values (196,'cannon','Spirit Cannon',1,450,1);
insert into formula (craftable_id, resource_id, amount) values (196,385,5);
insert into formula (craftable_id, resource_id, amount) values (196,534,4);
insert into craftable (id, category, name, batch, workload, level) values (197,'cannon','Deep-Sea Cannon',1,2800,4);
insert into formula (craftable_id, resource_id, amount) values (197,415,2);
insert into formula (craftable_id, resource_id, amount) values (197,407,4);
insert into formula (craftable_id, resource_id, amount) values (197,377,2);
insert into formula (craftable_id, resource_id, amount) values (197,397,4);
insert into formula (craftable_id, resource_id, amount) values (197,176,3);
insert into craftable (id, category, name, batch, workload, level) values (198,'cannon','Ogre Cannon',1,9200,9);
insert into formula (craftable_id, resource_id, amount) values (198,533,3);
insert into formula (craftable_id, resource_id, amount) values (198,377,8);
insert into formula (craftable_id, resource_id, amount) values (198,379,2);
insert into formula (craftable_id, resource_id, amount) values (198,385,12);
insert into formula (craftable_id, resource_id, amount) values (198,386,6);
insert into formula (craftable_id, resource_id, amount) values (198,397,4);
insert into formula (craftable_id, resource_id, amount) values (198,416,3);
insert into formula (craftable_id, resource_id, amount) values (198,176,15);
insert into craftable (id, category, name, batch, workload, level) values (199,'cannon','Assassins Cannon',1,25300,15);
insert into formula (craftable_id, resource_id, amount) values (199,379,10);
insert into formula (craftable_id, resource_id, amount) values (199,386,25);
insert into formula (craftable_id, resource_id, amount) values (199,184,10);
insert into formula (craftable_id, resource_id, amount) values (199,204,12);
insert into formula (craftable_id, resource_id, amount) values (199,397,10);
insert into formula (craftable_id, resource_id, amount) values (199,532,10);
insert into formula (craftable_id, resource_id, amount) values (199,176,50);
insert into formula (craftable_id, resource_id, amount) values (199,177,5);
insert into craftable (id, category, name, batch, workload, level) values (200,'cannon','Walachias Cannon',1,69600,23);
insert into formula (craftable_id, resource_id, amount) values (200,184,20);
insert into formula (craftable_id, resource_id, amount) values (200,204,20);
insert into formula (craftable_id, resource_id, amount) values (200,379,10);
insert into formula (craftable_id, resource_id, amount) values (200,386,20);
insert into formula (craftable_id, resource_id, amount) values (200,390,5);
insert into formula (craftable_id, resource_id, amount) values (200,393,10);
insert into formula (craftable_id, resource_id, amount) values (200,397,15);
insert into formula (craftable_id, resource_id, amount) values (200,177,10);
insert into craftable (id, category, name, batch, workload, level) values (201,'cannon','Blood knight Cannon',1,125200,28);
insert into formula (craftable_id, resource_id, amount) values (201,184,6);
insert into formula (craftable_id, resource_id, amount) values (201,204,8);
insert into formula (craftable_id, resource_id, amount) values (201,379,4);
insert into formula (craftable_id, resource_id, amount) values (201,386,8);
insert into formula (craftable_id, resource_id, amount) values (201,390,4);
insert into formula (craftable_id, resource_id, amount) values (201,393,4);
insert into formula (craftable_id, resource_id, amount) values (201,397,5);
insert into formula (craftable_id, resource_id, amount) values (201,176,20);
insert into formula (craftable_id, resource_id, amount) values (201,177,10);
insert into formula (craftable_id, resource_id, amount) values (201,348,1);
insert into formula (craftable_id, resource_id, amount) values (201,469,1);
insert into formula (craftable_id, resource_id, amount) values (201,466,1);
insert into craftable (id, category, name, batch, workload, level) values (202,'cannon','Anu Warrior Cannon',1,191400,32);
insert into formula (craftable_id, resource_id, amount) values (202,381,4);
insert into formula (craftable_id, resource_id, amount) values (202,445,1);
insert into formula (craftable_id, resource_id, amount) values (202,387,20);
insert into formula (craftable_id, resource_id, amount) values (202,394,10);
insert into formula (craftable_id, resource_id, amount) values (202,399,20);
insert into formula (craftable_id, resource_id, amount) values (202,395,3);
insert into formula (craftable_id, resource_id, amount) values (202,535,20);
insert into formula (craftable_id, resource_id, amount) values (202,177,10);
insert into formula (craftable_id, resource_id, amount) values (202,178,5);
insert into craftable (id, category, name, batch, workload, level) values (203,'cannon','Gilgamesh Cannon',1,287100,35);
insert into formula (craftable_id, resource_id, amount) values (203,381,5);
insert into formula (craftable_id, resource_id, amount) values (203,387,20);
insert into formula (craftable_id, resource_id, amount) values (203,394,10);
insert into formula (craftable_id, resource_id, amount) values (203,399,20);
insert into formula (craftable_id, resource_id, amount) values (203,397,20);
insert into formula (craftable_id, resource_id, amount) values (203,535,20);
insert into formula (craftable_id, resource_id, amount) values (203,177,10);
insert into formula (craftable_id, resource_id, amount) values (203,178,5);
insert into formula (craftable_id, resource_id, amount) values (203,466,1);
insert into formula (craftable_id, resource_id, amount) values (203,467,1);
insert into formula (craftable_id, resource_id, amount) values (203,469,1);
insert into craftable (id, category, name, batch, workload, level) values (204,'cannon','Amons Cannon',1,526400,44);
insert into formula (craftable_id, resource_id, amount) values (204,394,20);
insert into formula (craftable_id, resource_id, amount) values (204,388,20);
insert into formula (craftable_id, resource_id, amount) values (204,445,10);
insert into formula (craftable_id, resource_id, amount) values (204,383,2);
insert into formula (craftable_id, resource_id, amount) values (204,527,20);
insert into formula (craftable_id, resource_id, amount) values (204,399,30);
insert into formula (craftable_id, resource_id, amount) values (204,400,15);
insert into formula (craftable_id, resource_id, amount) values (204,410,10);
insert into formula (craftable_id, resource_id, amount) values (204,396,10);
insert into formula (craftable_id, resource_id, amount) values (204,177,20);
insert into formula (craftable_id, resource_id, amount) values (204,178,20);
insert into craftable (id, category, name, batch, workload, level) values (205,'cannon','Ghost Gunner Cannon',1,1447600,50);
insert into formula (craftable_id, resource_id, amount) values (205,477,1);
insert into formula (craftable_id, resource_id, amount) values (205,530,10);
insert into formula (craftable_id, resource_id, amount) values (205,373,20);
insert into formula (craftable_id, resource_id, amount) values (205,394,20);
insert into formula (craftable_id, resource_id, amount) values (205,400,20);
insert into formula (craftable_id, resource_id, amount) values (205,412,10);
insert into formula (craftable_id, resource_id, amount) values (205,180,4);
insert into formula (craftable_id, resource_id, amount) values (205,179,4);
insert into formula (craftable_id, resource_id, amount) values (205,417,4);
insert into formula (craftable_id, resource_id, amount) values (205,452,30);
insert into formula (craftable_id, resource_id, amount) values (205,419,20);
insert into formula (craftable_id, resource_id, amount) values (205,420,10);
insert into craftable (id, category, name, batch, workload, level) values (206,'cannon','Dragon Slayer Cannon',1,3980900,56);
insert into formula (craftable_id, resource_id, amount) values (206,384,4);
insert into formula (craftable_id, resource_id, amount) values (206,446,20);
insert into formula (craftable_id, resource_id, amount) values (206,530,20);
insert into formula (craftable_id, resource_id, amount) values (206,430,10);
insert into formula (craftable_id, resource_id, amount) values (206,401,100);
insert into formula (craftable_id, resource_id, amount) values (206,413,40);
insert into formula (craftable_id, resource_id, amount) values (206,179,10);
insert into formula (craftable_id, resource_id, amount) values (206,180,10);
insert into formula (craftable_id, resource_id, amount) values (206,417,10);
insert into formula (craftable_id, resource_id, amount) values (206,452,30);
insert into formula (craftable_id, resource_id, amount) values (206,419,20);
insert into formula (craftable_id, resource_id, amount) values (206,420,10);
insert into craftable (id, category, name, batch, workload, level) values (207,'cannon','Gold Dragon Cannon',1,7961800,60);
insert into formula (craftable_id, resource_id, amount) values (207,384,10);
insert into formula (craftable_id, resource_id, amount) values (207,413,50);
insert into formula (craftable_id, resource_id, amount) values (207,431,20);
insert into formula (craftable_id, resource_id, amount) values (207,391,30);
insert into formula (craftable_id, resource_id, amount) values (207,417,20);
insert into formula (craftable_id, resource_id, amount) values (207,180,15);
insert into formula (craftable_id, resource_id, amount) values (207,452,30);
insert into formula (craftable_id, resource_id, amount) values (207,419,20);
insert into formula (craftable_id, resource_id, amount) values (207,420,10);
insert into formula (craftable_id, resource_id, amount) values (207,468,5);
insert into formula (craftable_id, resource_id, amount) values (207,467,2);
insert into formula (craftable_id, resource_id, amount) values (207,466,4);
insert into craftable (id, category, name, batch, workload, level) values (208,'cannon','Conquerors Cannon',1,15923600,65);
insert into formula (craftable_id, resource_id, amount) values (208,384,15);
insert into formula (craftable_id, resource_id, amount) values (208,446,40);
insert into formula (craftable_id, resource_id, amount) values (208,376,20);
insert into formula (craftable_id, resource_id, amount) values (208,413,50);
insert into formula (craftable_id, resource_id, amount) values (208,431,40);
insert into formula (craftable_id, resource_id, amount) values (208,418,1);
insert into formula (craftable_id, resource_id, amount) values (208,180,10);
insert into formula (craftable_id, resource_id, amount) values (208,181,10);
insert into formula (craftable_id, resource_id, amount) values (208,421,30);
insert into formula (craftable_id, resource_id, amount) values (208,427,50);
insert into formula (craftable_id, resource_id, amount) values (208,476,1);
insert into craftable (id, category, name, batch, workload, level) values (209,'cannon','Freezing Cannon',1,19108320,70);
insert into formula (craftable_id, resource_id, amount) values (209,418,1);
insert into formula (craftable_id, resource_id, amount) values (209,432,15);
insert into formula (craftable_id, resource_id, amount) values (209,446,100);
insert into formula (craftable_id, resource_id, amount) values (209,181,10);
insert into formula (craftable_id, resource_id, amount) values (209,461,30);
insert into formula (craftable_id, resource_id, amount) values (209,459,10);
insert into formula (craftable_id, resource_id, amount) values (209,413,100);
insert into formula (craftable_id, resource_id, amount) values (209,421,100);
insert into formula (craftable_id, resource_id, amount) values (209,478,30);
insert into formula (craftable_id, resource_id, amount) values (209,479,300);
insert into craftable (id, category, name, batch, workload, level) values (210,'cannon','Divine Cannon',1,38000000,75);
insert into formula (craftable_id, resource_id, amount) values (210,418,1);
insert into formula (craftable_id, resource_id, amount) values (210,433,2);
insert into formula (craftable_id, resource_id, amount) values (210,432,40);
insert into formula (craftable_id, resource_id, amount) values (210,414,4);
insert into formula (craftable_id, resource_id, amount) values (210,424,2);
insert into formula (craftable_id, resource_id, amount) values (210,520,10);
insert into formula (craftable_id, resource_id, amount) values (210,181,10);
insert into formula (craftable_id, resource_id, amount) values (210,427,60);
insert into formula (craftable_id, resource_id, amount) values (210,428,40);
insert into craftable (id, category, name, batch, workload, level) values (211,'cannonball','Steel Cannonball',30,150,1);
insert into formula (craftable_id, resource_id, amount) values (211,377,4);
insert into formula (craftable_id, resource_id, amount) values (211,437,3);
insert into formula (craftable_id, resource_id, amount) values (211,402,3);
insert into formula (craftable_id, resource_id, amount) values (211,176,3);
insert into craftable (id, category, name, batch, workload, level) values (212,'cannonball','Iron-Clad Cannonball',100,1000,5);
insert into formula (craftable_id, resource_id, amount) values (212,379,7);
insert into formula (craftable_id, resource_id, amount) values (212,437,10);
insert into formula (craftable_id, resource_id, amount) values (212,402,10);
insert into formula (craftable_id, resource_id, amount) values (212,176,10);
insert into craftable (id, category, name, batch, workload, level) values (213,'cannonball','Flame Cannonball',100,2700,10);
insert into formula (craftable_id, resource_id, amount) values (213,399,10);
insert into formula (craftable_id, resource_id, amount) values (213,410,3);
insert into formula (craftable_id, resource_id, amount) values (213,437,10);
insert into formula (craftable_id, resource_id, amount) values (213,403,10);
insert into formula (craftable_id, resource_id, amount) values (213,177,5);
insert into craftable (id, category, name, batch, workload, level) values (214,'cannonball','Explosive Cannonball',200,12500,15);
insert into formula (craftable_id, resource_id, amount) values (214,401,10);
insert into formula (craftable_id, resource_id, amount) values (214,413,4);
insert into formula (craftable_id, resource_id, amount) values (214,437,50);
insert into formula (craftable_id, resource_id, amount) values (214,404,5);
insert into formula (craftable_id, resource_id, amount) values (214,178,3);
insert into craftable (id, category, name, batch, workload, level) values (215,'cannonball','Adamantium Cannonball',300,450000,25);
insert into formula (craftable_id, resource_id, amount) values (215,430,2);
insert into formula (craftable_id, resource_id, amount) values (215,401,20);
insert into formula (craftable_id, resource_id, amount) values (215,437,200);
insert into formula (craftable_id, resource_id, amount) values (215,404,100);
insert into formula (craftable_id, resource_id, amount) values (215,312,1);
insert into formula (craftable_id, resource_id, amount) values (215,178,10);
insert into craftable (id, category, name, batch, workload, level) values (216,'cannonball','Enriched Admaantium Cannonball',400,16900,30);
insert into formula (craftable_id, resource_id, amount) values (216,431,5);
insert into formula (craftable_id, resource_id, amount) values (216,401,50);
insert into formula (craftable_id, resource_id, amount) values (216,438,50);
insert into formula (craftable_id, resource_id, amount) values (216,404,200);
insert into formula (craftable_id, resource_id, amount) values (216,314,1);
insert into formula (craftable_id, resource_id, amount) values (216,179,10);
insert into formula (craftable_id, resource_id, amount) values (216,318,10);
insert into craftable (id, category, name, batch, workload, level) values (217,'charm','Saviors Charm',200,4400,1);
insert into formula (craftable_id, resource_id, amount) values (217,325,10);
insert into formula (craftable_id, resource_id, amount) values (217,337,10);
insert into formula (craftable_id, resource_id, amount) values (217,348,5);
insert into formula (craftable_id, resource_id, amount) values (217,176,100);
insert into formula (craftable_id, resource_id, amount) values (217,477,1);
insert into formula (craftable_id, resource_id, amount) values (217,214,10);
insert into formula (craftable_id, resource_id, amount) values (217,453,5);
insert into craftable (id, category, name, batch, workload, level) values (218,'charm','Assassins Charm',200,8600,10);
insert into formula (craftable_id, resource_id, amount) values (218,321,15);
insert into formula (craftable_id, resource_id, amount) values (218,333,15);
insert into formula (craftable_id, resource_id, amount) values (218,348,5);
insert into formula (craftable_id, resource_id, amount) values (218,177,20);
insert into formula (craftable_id, resource_id, amount) values (218,477,1);
insert into formula (craftable_id, resource_id, amount) values (218,214,10);
insert into formula (craftable_id, resource_id, amount) values (218,461,1);
insert into craftable (id, category, name, batch, workload, level) values (219,'charm','Destroyers Charm',200,13000,15);
insert into formula (craftable_id, resource_id, amount) values (219,321,15);
insert into formula (craftable_id, resource_id, amount) values (219,337,15);
insert into formula (craftable_id, resource_id, amount) values (219,348,5);
insert into formula (craftable_id, resource_id, amount) values (219,178,5);
insert into formula (craftable_id, resource_id, amount) values (219,477,1);
insert into formula (craftable_id, resource_id, amount) values (219,214,10);
insert into formula (craftable_id, resource_id, amount) values (219,457,2);
insert into craftable (id, category, name, batch, workload, level) values (220,'cooking','Dumplings',10,500,1);
insert into formula (craftable_id, resource_id, amount) values (220,262,4);
insert into formula (craftable_id, resource_id, amount) values (220,261,6);
insert into craftable (id, category, name, batch, workload, level) values (221,'cooking','Grilled Pork',10,600,2);
insert into formula (craftable_id, resource_id, amount) values (221,262,8);
insert into formula (craftable_id, resource_id, amount) values (221,270,4);
insert into craftable (id, category, name, batch, workload, level) values (222,'cooking','Grilled Shrimp',10,800,4);
insert into formula (craftable_id, resource_id, amount) values (222,273,10);
insert into formula (craftable_id, resource_id, amount) values (222,270,5);
insert into craftable (id, category, name, batch, workload, level) values (223,'cooking','Octopus Soup',10,960,5);
insert into formula (craftable_id, resource_id, amount) values (223,272,12);
insert into formula (craftable_id, resource_id, amount) values (223,270,6);
insert into craftable (id, category, name, batch, workload, level) values (224,'cooking','Tandoori',10,1280,7);
insert into formula (craftable_id, resource_id, amount) values (224,255,2);
insert into formula (craftable_id, resource_id, amount) values (224,258,4);
insert into formula (craftable_id, resource_id, amount) values (224,265,2);
insert into formula (craftable_id, resource_id, amount) values (224,267,1);
insert into craftable (id, category, name, batch, workload, level) values (225,'cooking','Thali',10,1540,10);
insert into formula (craftable_id, resource_id, amount) values (225,247,10);
insert into formula (craftable_id, resource_id, amount) values (225,258,5);
insert into formula (craftable_id, resource_id, amount) values (225,252,7);
insert into craftable (id, category, name, batch, workload, level) values (226,'cooking','Stew',10,2050,13);
insert into formula (craftable_id, resource_id, amount) values (226,254,4);
insert into formula (craftable_id, resource_id, amount) values (226,252,8);
insert into formula (craftable_id, resource_id, amount) values (226,257,4);
insert into formula (craftable_id, resource_id, amount) values (226,263,5);
insert into craftable (id, category, name, batch, workload, level) values (227,'cooking','Roasted Mushroom',10,2460,16);
insert into formula (craftable_id, resource_id, amount) values (227,250,10);
insert into formula (craftable_id, resource_id, amount) values (227,259,8);
insert into formula (craftable_id, resource_id, amount) values (227,266,7);
insert into formula (craftable_id, resource_id, amount) values (227,258,3);
insert into craftable (id, category, name, batch, workload, level) values (228,'cooking','Steak',10,3280,20);
insert into formula (craftable_id, resource_id, amount) values (228,263,10);
insert into formula (craftable_id, resource_id, amount) values (228,254,3);
insert into formula (craftable_id, resource_id, amount) values (228,259,7);
insert into formula (craftable_id, resource_id, amount) values (228,269,2);
insert into craftable (id, category, name, batch, workload, level) values (229,'cooking','Roasted Mutton',10,3940,25);
insert into formula (craftable_id, resource_id, amount) values (229,264,10);
insert into formula (craftable_id, resource_id, amount) values (229,257,1);
insert into formula (craftable_id, resource_id, amount) values (229,360,3);
insert into formula (craftable_id, resource_id, amount) values (229,269,1);
insert into craftable (id, category, name, batch, workload, level) values (230,'cooking','Barley Bimbimhap',10,7000,33);
insert into formula (craftable_id, resource_id, amount) values (230,251,25);
insert into formula (craftable_id, resource_id, amount) values (230,253,20);
insert into formula (craftable_id, resource_id, amount) values (230,260,20);
insert into formula (craftable_id, resource_id, amount) values (230,270,15);
insert into formula (craftable_id, resource_id, amount) values (230,268,5);
insert into craftable (id, category, name, batch, workload, level) values (231,'cooking','Simmered Carp',10,8800,40);
insert into formula (craftable_id, resource_id, amount) values (231,271,20);
insert into formula (craftable_id, resource_id, amount) values (231,249,15);
insert into formula (craftable_id, resource_id, amount) values (231,256,15);
insert into formula (craftable_id, resource_id, amount) values (231,248,10);
insert into formula (craftable_id, resource_id, amount) values (231,268,5);
insert into craftable (id, category, name, batch, workload, level) values (232,'crystal','Multi-Hued Crystal Shard',5,46000,1);
insert into formula (craftable_id, resource_id, amount) values (232,155,1);
insert into formula (craftable_id, resource_id, amount) values (232,153,1);
insert into formula (craftable_id, resource_id, amount) values (232,154,1);
insert into formula (craftable_id, resource_id, amount) values (232,156,1);
insert into formula (craftable_id, resource_id, amount) values (232,152,1);
insert into craftable (id, category, name, batch, workload, level) values (233,'crystal','Crystal of Knowledge',20,10000,1);
insert into formula (craftable_id, resource_id, amount) values (233,152,10);
insert into formula (craftable_id, resource_id, amount) values (233,313,1);
insert into craftable (id, category, name, batch, workload, level) values (234,'crystal','Crystal of Anguish',10,50000,10);
insert into formula (craftable_id, resource_id, amount) values (234,157,3);
insert into formula (craftable_id, resource_id, amount) values (234,158,3);
insert into formula (craftable_id, resource_id, amount) values (234,159,3);
insert into formula (craftable_id, resource_id, amount) values (234,313,1);
insert into craftable (id, category, name, batch, workload, level) values (235,'crystal','Multi-Hued Crystal',5,200000,15);
insert into formula (craftable_id, resource_id, amount) values (235,157,5);
insert into formula (craftable_id, resource_id, amount) values (235,311,2);
insert into formula (craftable_id, resource_id, amount) values (235,401,5);
insert into formula (craftable_id, resource_id, amount) values (235,406,100);
insert into formula (craftable_id, resource_id, amount) values (235,413,5);
insert into formula (craftable_id, resource_id, amount) values (235,425,20);
insert into craftable (id, category, name, batch, workload, level) values (236,'crystal','Ashen Jewel',5,45000,18);
insert into formula (craftable_id, resource_id, amount) values (236,152,60);
insert into formula (craftable_id, resource_id, amount) values (236,453,10);
insert into formula (craftable_id, resource_id, amount) values (236,176,100);
insert into craftable (id, category, name, batch, workload, level) values (237,'crystal','Multi-Hued Jewel Shard',5,800000,20);
insert into formula (craftable_id, resource_id, amount) values (237,165,1);
insert into formula (craftable_id, resource_id, amount) values (237,167,1);
insert into formula (craftable_id, resource_id, amount) values (237,166,1);
insert into formula (craftable_id, resource_id, amount) values (237,164,1);
insert into formula (craftable_id, resource_id, amount) values (237,162,1);
insert into craftable (id, category, name, batch, workload, level) values (238,'crystal','Dragon Jewel',2,350000,22);
insert into formula (craftable_id, resource_id, amount) values (238,156,4);
insert into formula (craftable_id, resource_id, amount) values (238,461,2);
insert into formula (craftable_id, resource_id, amount) values (238,177,40);
insert into craftable (id, category, name, batch, workload, level) values (239,'crystal','Phoenix Jewel',2,400000,24);
insert into formula (craftable_id, resource_id, amount) values (239,155,20);
insert into formula (craftable_id, resource_id, amount) values (239,457,4);
insert into formula (craftable_id, resource_id, amount) values (239,178,40);
insert into craftable (id, category, name, batch, workload, level) values (240,'crystal','Redemption Jewel',2,650000,26);
insert into formula (craftable_id, resource_id, amount) values (240,154,60);
insert into formula (craftable_id, resource_id, amount) values (240,458,5);
insert into formula (craftable_id, resource_id, amount) values (240,179,10);
insert into craftable (id, category, name, batch, workload, level) values (241,'crystal','Giant Jewel',2,520000,28);
insert into formula (craftable_id, resource_id, amount) values (241,153,60);
insert into formula (craftable_id, resource_id, amount) values (241,454,10);
insert into formula (craftable_id, resource_id, amount) values (241,180,8);
insert into craftable (id, category, name, batch, workload, level) values (242,'crystal','Multi-Hued Jewel',5,2500000,30);
insert into formula (craftable_id, resource_id, amount) values (242,163,5);
insert into formula (craftable_id, resource_id, amount) values (242,313,1);
insert into formula (craftable_id, resource_id, amount) values (242,314,1);
insert into formula (craftable_id, resource_id, amount) values (242,312,1);
insert into formula (craftable_id, resource_id, amount) values (242,311,3);
insert into formula (craftable_id, resource_id, amount) values (242,455,5);
insert into formula (craftable_id, resource_id, amount) values (242,459,3);
insert into craftable (id, category, name, batch, workload, level) values (243,'crystal','Giant Soul Crystal',10,2195000,35);
insert into formula (craftable_id, resource_id, amount) values (243,167,20);
insert into formula (craftable_id, resource_id, amount) values (243,481,5);
insert into formula (craftable_id, resource_id, amount) values (243,454,20);
insert into formula (craftable_id, resource_id, amount) values (243,180,20);
insert into formula (craftable_id, resource_id, amount) values (243,312,2);
insert into craftable (id, category, name, batch, workload, level) values (244,'crystal','Giant Soul Jewel',5,5800000,40);
insert into formula (craftable_id, resource_id, amount) values (244,169,10);
insert into formula (craftable_id, resource_id, amount) values (244,481,15);
insert into formula (craftable_id, resource_id, amount) values (244,455,15);
insert into formula (craftable_id, resource_id, amount) values (244,180,50);
insert into formula (craftable_id, resource_id, amount) values (244,312,5);
insert into craftable (id, category, name, batch, workload, level) values (245,'fishing','Thin Fishing Line',20,18000,1);
insert into formula (craftable_id, resource_id, amount) values (245,203,300);
insert into formula (craftable_id, resource_id, amount) values (245,350,10);
insert into formula (craftable_id, resource_id, amount) values (245,191,300);
insert into craftable (id, category, name, batch, workload, level) values (246,'fishing','Thin Fishhook',20,9400,5);
insert into formula (craftable_id, resource_id, amount) values (246,379,15);
insert into formula (craftable_id, resource_id, amount) values (246,443,100);
insert into craftable (id, category, name, batch, workload, level) values (247,'fishing','Bamboo Fishing Rod',10,162000,10);
insert into formula (craftable_id, resource_id, amount) values (247,531,120);
insert into formula (craftable_id, resource_id, amount) values (247,239,5);
insert into formula (craftable_id, resource_id, amount) values (247,240,10);
insert into formula (craftable_id, resource_id, amount) values (247,176,100);
insert into craftable (id, category, name, batch, workload, level) values (248,'fishing','Spoiled Bait',100,13100,10);
insert into formula (craftable_id, resource_id, amount) values (248,251,25);
insert into formula (craftable_id, resource_id, amount) values (248,250,10);
insert into formula (craftable_id, resource_id, amount) values (248,248,25);
insert into craftable (id, category, name, batch, workload, level) values (249,'fishing','Crude Bait',100,20000,15);
insert into formula (craftable_id, resource_id, amount) values (249,249,150);
insert into formula (craftable_id, resource_id, amount) values (249,253,100);
insert into formula (craftable_id, resource_id, amount) values (249,252,150);
insert into craftable (id, category, name, batch, workload, level) values (250,'fishing','Thick Fishing Line',20,38500,20);
insert into formula (craftable_id, resource_id, amount) values (250,204,350);
insert into formula (craftable_id, resource_id, amount) values (250,350,20);
insert into formula (craftable_id, resource_id, amount) values (250,192,350);
insert into craftable (id, category, name, batch, workload, level) values (251,'fishing','Iron Fishing Rod',10,335000,24);
insert into formula (craftable_id, resource_id, amount) values (251,381,50);
insert into formula (craftable_id, resource_id, amount) values (251,373,50);
insert into formula (craftable_id, resource_id, amount) values (251,245,20);
insert into formula (craftable_id, resource_id, amount) values (251,231,30);
insert into formula (craftable_id, resource_id, amount) values (251,178,30);
insert into craftable (id, category, name, batch, workload, level) values (252,'fishing','Mediocre Bait',100,32600,24);
insert into formula (craftable_id, resource_id, amount) values (252,260,250);
insert into formula (craftable_id, resource_id, amount) values (252,256,300);
insert into formula (craftable_id, resource_id, amount) values (252,266,230);
insert into craftable (id, category, name, batch, workload, level) values (253,'fishing','Mithril Fishing Rod',10,480000,26);
insert into formula (craftable_id, resource_id, amount) values (253,412,40);
insert into formula (craftable_id, resource_id, amount) values (253,402,100);
insert into formula (craftable_id, resource_id, amount) values (253,245,20);
insert into formula (craftable_id, resource_id, amount) values (253,231,40);
insert into formula (craftable_id, resource_id, amount) values (253,179,5);
insert into craftable (id, category, name, batch, workload, level) values (254,'fishing','Good Bait',100,47100,26);
insert into formula (craftable_id, resource_id, amount) values (254,262,400);
insert into formula (craftable_id, resource_id, amount) values (254,247,350);
insert into formula (craftable_id, resource_id, amount) values (254,268,100);
insert into craftable (id, category, name, batch, workload, level) values (255,'fishing','Sturdy Fishing Line',20,83000,28);
insert into formula (craftable_id, resource_id, amount) values (255,205,300);
insert into formula (craftable_id, resource_id, amount) values (255,350,100);
insert into formula (craftable_id, resource_id, amount) values (255,193,50);
insert into craftable (id, category, name, batch, workload, level) values (256,'fishing','Sturdy Fishhook',20,41800,30);
insert into formula (craftable_id, resource_id, amount) values (256,383,5);
insert into formula (craftable_id, resource_id, amount) values (256,445,100);
insert into craftable (id, category, name, batch, workload, level) values (257,'fishing','Maple Fishing Rod',10,224000,30);
insert into formula (craftable_id, resource_id, amount) values (257,534,700);
insert into formula (craftable_id, resource_id, amount) values (257,239,40);
insert into formula (craftable_id, resource_id, amount) values (257,240,40);
insert into formula (craftable_id, resource_id, amount) values (257,177,100);
insert into craftable (id, category, name, batch, workload, level) values (258,'fishing','Adamantium Fishing Rod',10,796000,32);
insert into formula (craftable_id, resource_id, amount) values (258,431,2);
insert into formula (craftable_id, resource_id, amount) values (258,374,10);
insert into formula (craftable_id, resource_id, amount) values (258,236,20);
insert into formula (craftable_id, resource_id, amount) values (258,237,40);
insert into formula (craftable_id, resource_id, amount) values (258,180,2);
insert into craftable (id, category, name, batch, workload, level) values (259,'fishing','Best Bait',100,71600,32);
insert into formula (craftable_id, resource_id, amount) values (259,271,250);
insert into formula (craftable_id, resource_id, amount) values (259,263,250);
insert into formula (craftable_id, resource_id, amount) values (259,269,50);
insert into craftable (id, category, name, batch, workload, level) values (260,'gauntlet','Spirit Gloves',1,150,1);
insert into formula (craftable_id, resource_id, amount) values (260,385,2);
insert into formula (craftable_id, resource_id, amount) values (260,534,1);
insert into craftable (id, category, name, batch, workload, level) values (261,'gauntlet','Red Soul Gloves',1,1000,3);
insert into formula (craftable_id, resource_id, amount) values (261,415,1);
insert into formula (craftable_id, resource_id, amount) values (261,407,1);
insert into formula (craftable_id, resource_id, amount) values (261,377,2);
insert into formula (craftable_id, resource_id, amount) values (261,184,2);
insert into formula (craftable_id, resource_id, amount) values (261,176,1);
insert into craftable (id, category, name, batch, workload, level) values (262,'gauntlet','Deep-Sea Chain Gauntlets',1,1000,4);
insert into formula (craftable_id, resource_id, amount) values (262,415,1);
insert into formula (craftable_id, resource_id, amount) values (262,407,1);
insert into formula (craftable_id, resource_id, amount) values (262,377,2);
insert into formula (craftable_id, resource_id, amount) values (262,184,2);
insert into formula (craftable_id, resource_id, amount) values (262,176,1);
insert into craftable (id, category, name, batch, workload, level) values (263,'gauntlet','Ocean Gauntlets',1,1000,5);
insert into formula (craftable_id, resource_id, amount) values (263,415,1);
insert into formula (craftable_id, resource_id, amount) values (263,407,1);
insert into formula (craftable_id, resource_id, amount) values (263,377,2);
insert into formula (craftable_id, resource_id, amount) values (263,184,2);
insert into formula (craftable_id, resource_id, amount) values (263,176,1);
insert into craftable (id, category, name, batch, workload, level) values (264,'gauntlet','Krishnas Gloves',1,3200,8);
insert into formula (craftable_id, resource_id, amount) values (264,377,4);
insert into formula (craftable_id, resource_id, amount) values (264,385,8);
insert into formula (craftable_id, resource_id, amount) values (264,183,5);
insert into formula (craftable_id, resource_id, amount) values (264,195,5);
insert into formula (craftable_id, resource_id, amount) values (264,203,5);
insert into formula (craftable_id, resource_id, amount) values (264,176,2);
insert into craftable (id, category, name, batch, workload, level) values (265,'gauntlet','Ogre Chain Gauntlet',1,3200,9);
insert into formula (craftable_id, resource_id, amount) values (265,377,4);
insert into formula (craftable_id, resource_id, amount) values (265,385,8);
insert into formula (craftable_id, resource_id, amount) values (265,183,5);
insert into formula (craftable_id, resource_id, amount) values (265,195,5);
insert into formula (craftable_id, resource_id, amount) values (265,203,5);
insert into formula (craftable_id, resource_id, amount) values (265,176,2);
insert into craftable (id, category, name, batch, workload, level) values (266,'gauntlet','Rakshasas Gauntlet',1,3200,10);
insert into formula (craftable_id, resource_id, amount) values (266,377,4);
insert into formula (craftable_id, resource_id, amount) values (266,385,8);
insert into formula (craftable_id, resource_id, amount) values (266,183,5);
insert into formula (craftable_id, resource_id, amount) values (266,195,5);
insert into formula (craftable_id, resource_id, amount) values (266,203,5);
insert into formula (craftable_id, resource_id, amount) values (266,176,2);
insert into craftable (id, category, name, batch, workload, level) values (267,'gauntlet','Saviors Gloves',1,8700,14);
insert into formula (craftable_id, resource_id, amount) values (267,379,2);
insert into formula (craftable_id, resource_id, amount) values (267,386,8);
insert into formula (craftable_id, resource_id, amount) values (267,184,2);
insert into formula (craftable_id, resource_id, amount) values (267,196,3);
insert into formula (craftable_id, resource_id, amount) values (267,204,5);
insert into formula (craftable_id, resource_id, amount) values (267,408,4);
insert into formula (craftable_id, resource_id, amount) values (267,176,14);
insert into formula (craftable_id, resource_id, amount) values (267,177,2);
insert into craftable (id, category, name, batch, workload, level) values (268,'gauntlet','Assasins Chain Gauntlets',1,8700,16);
insert into formula (craftable_id, resource_id, amount) values (268,379,2);
insert into formula (craftable_id, resource_id, amount) values (268,386,8);
insert into formula (craftable_id, resource_id, amount) values (268,184,2);
insert into formula (craftable_id, resource_id, amount) values (268,196,3);
insert into formula (craftable_id, resource_id, amount) values (268,204,5);
insert into formula (craftable_id, resource_id, amount) values (268,408,4);
insert into formula (craftable_id, resource_id, amount) values (268,176,14);
insert into formula (craftable_id, resource_id, amount) values (268,177,2);
insert into craftable (id, category, name, batch, workload, level) values (269,'gauntlet','Destroyers Gauntlets',1,8700,18);
insert into formula (craftable_id, resource_id, amount) values (269,379,2);
insert into formula (craftable_id, resource_id, amount) values (269,386,8);
insert into formula (craftable_id, resource_id, amount) values (269,184,2);
insert into formula (craftable_id, resource_id, amount) values (269,196,3);
insert into formula (craftable_id, resource_id, amount) values (269,204,5);
insert into formula (craftable_id, resource_id, amount) values (269,408,4);
insert into formula (craftable_id, resource_id, amount) values (269,176,14);
insert into formula (craftable_id, resource_id, amount) values (269,177,2);
insert into craftable (id, category, name, batch, workload, level) values (270,'gauntlet','Walachia Gloves',1,23900,23);
insert into formula (craftable_id, resource_id, amount) values (270,184,5);
insert into formula (craftable_id, resource_id, amount) values (270,196,5);
insert into formula (craftable_id, resource_id, amount) values (270,373,5);
insert into formula (craftable_id, resource_id, amount) values (270,379,7);
insert into formula (craftable_id, resource_id, amount) values (270,393,10);
insert into formula (craftable_id, resource_id, amount) values (270,390,10);
insert into formula (craftable_id, resource_id, amount) values (270,407,2);
insert into formula (craftable_id, resource_id, amount) values (270,177,2);
insert into craftable (id, category, name, batch, workload, level) values (271,'gauntlet','Walachia Chain Gauntlets',1,23900,25);
insert into formula (craftable_id, resource_id, amount) values (271,184,5);
insert into formula (craftable_id, resource_id, amount) values (271,196,5);
insert into formula (craftable_id, resource_id, amount) values (271,373,5);
insert into formula (craftable_id, resource_id, amount) values (271,379,7);
insert into formula (craftable_id, resource_id, amount) values (271,393,10);
insert into formula (craftable_id, resource_id, amount) values (271,390,10);
insert into formula (craftable_id, resource_id, amount) values (271,407,2);
insert into formula (craftable_id, resource_id, amount) values (271,177,2);
insert into craftable (id, category, name, batch, workload, level) values (272,'gauntlet','Walachia Gauntlets',1,23900,27);
insert into formula (craftable_id, resource_id, amount) values (272,184,5);
insert into formula (craftable_id, resource_id, amount) values (272,196,5);
insert into formula (craftable_id, resource_id, amount) values (272,373,5);
insert into formula (craftable_id, resource_id, amount) values (272,379,7);
insert into formula (craftable_id, resource_id, amount) values (272,393,10);
insert into formula (craftable_id, resource_id, amount) values (272,390,10);
insert into formula (craftable_id, resource_id, amount) values (272,407,2);
insert into formula (craftable_id, resource_id, amount) values (272,177,2);
insert into craftable (id, category, name, batch, workload, level) values (273,'gauntlet','Blood Knight Gloves',1,43000,27);
insert into formula (craftable_id, resource_id, amount) values (273,184,2);
insert into formula (craftable_id, resource_id, amount) values (273,196,2);
insert into formula (craftable_id, resource_id, amount) values (273,373,2);
insert into formula (craftable_id, resource_id, amount) values (273,379,2);
insert into formula (craftable_id, resource_id, amount) values (273,393,3);
insert into formula (craftable_id, resource_id, amount) values (273,390,3);
insert into formula (craftable_id, resource_id, amount) values (273,407,1);
insert into formula (craftable_id, resource_id, amount) values (273,177,15);
insert into formula (craftable_id, resource_id, amount) values (273,348,1);
insert into formula (craftable_id, resource_id, amount) values (273,469,1);
insert into formula (craftable_id, resource_id, amount) values (273,466,1);
insert into craftable (id, category, name, batch, workload, level) values (274,'gauntlet','Blood Knight Chain Gauntlets',1,43000,30);
insert into formula (craftable_id, resource_id, amount) values (274,184,2);
insert into formula (craftable_id, resource_id, amount) values (274,196,2);
insert into formula (craftable_id, resource_id, amount) values (274,373,2);
insert into formula (craftable_id, resource_id, amount) values (274,379,2);
insert into formula (craftable_id, resource_id, amount) values (274,393,3);
insert into formula (craftable_id, resource_id, amount) values (274,390,3);
insert into formula (craftable_id, resource_id, amount) values (274,407,1);
insert into formula (craftable_id, resource_id, amount) values (274,177,15);
insert into formula (craftable_id, resource_id, amount) values (274,348,1);
insert into formula (craftable_id, resource_id, amount) values (274,469,1);
insert into formula (craftable_id, resource_id, amount) values (274,466,1);
insert into craftable (id, category, name, batch, workload, level) values (275,'gauntlet','Blood Knight Gauntlets',1,43000,32);
insert into formula (craftable_id, resource_id, amount) values (275,184,2);
insert into formula (craftable_id, resource_id, amount) values (275,196,2);
insert into formula (craftable_id, resource_id, amount) values (275,373,2);
insert into formula (craftable_id, resource_id, amount) values (275,379,2);
insert into formula (craftable_id, resource_id, amount) values (275,393,3);
insert into formula (craftable_id, resource_id, amount) values (275,390,3);
insert into formula (craftable_id, resource_id, amount) values (275,407,1);
insert into formula (craftable_id, resource_id, amount) values (275,177,15);
insert into formula (craftable_id, resource_id, amount) values (275,348,1);
insert into formula (craftable_id, resource_id, amount) values (275,469,1);
insert into formula (craftable_id, resource_id, amount) values (275,466,1);
insert into craftable (id, category, name, batch, workload, level) values (276,'gauntlet','Anu Priest Glove',1,65700,32);
insert into formula (craftable_id, resource_id, amount) values (276,374,10);
insert into formula (craftable_id, resource_id, amount) values (276,394,7);
insert into formula (craftable_id, resource_id, amount) values (276,387,20);
insert into formula (craftable_id, resource_id, amount) values (276,185,10);
insert into formula (craftable_id, resource_id, amount) values (276,197,10);
insert into formula (craftable_id, resource_id, amount) values (276,445,10);
insert into formula (craftable_id, resource_id, amount) values (276,441,10);
insert into formula (craftable_id, resource_id, amount) values (276,395,2);
insert into formula (craftable_id, resource_id, amount) values (276,177,10);
insert into formula (craftable_id, resource_id, amount) values (276,178,6);
insert into craftable (id, category, name, batch, workload, level) values (277,'gauntlet','Anu Warrior Chian Gauntlets',1,65700,35);
insert into formula (craftable_id, resource_id, amount) values (277,374,10);
insert into formula (craftable_id, resource_id, amount) values (277,394,7);
insert into formula (craftable_id, resource_id, amount) values (277,387,20);
insert into formula (craftable_id, resource_id, amount) values (277,185,10);
insert into formula (craftable_id, resource_id, amount) values (277,197,10);
insert into formula (craftable_id, resource_id, amount) values (277,445,10);
insert into formula (craftable_id, resource_id, amount) values (277,441,10);
insert into formula (craftable_id, resource_id, amount) values (277,395,2);
insert into formula (craftable_id, resource_id, amount) values (277,177,10);
insert into formula (craftable_id, resource_id, amount) values (277,178,6);
insert into craftable (id, category, name, batch, workload, level) values (278,'gauntlet','Anu Warrior Gauntlets',1,65700,38);
insert into formula (craftable_id, resource_id, amount) values (278,374,10);
insert into formula (craftable_id, resource_id, amount) values (278,394,7);
insert into formula (craftable_id, resource_id, amount) values (278,387,20);
insert into formula (craftable_id, resource_id, amount) values (278,185,10);
insert into formula (craftable_id, resource_id, amount) values (278,197,10);
insert into formula (craftable_id, resource_id, amount) values (278,445,10);
insert into formula (craftable_id, resource_id, amount) values (278,441,10);
insert into formula (craftable_id, resource_id, amount) values (278,395,2);
insert into formula (craftable_id, resource_id, amount) values (278,177,10);
insert into formula (craftable_id, resource_id, amount) values (278,178,6);
insert into craftable (id, category, name, batch, workload, level) values (279,'gauntlet','Gilgamesh Gloves',1,98550,40);
insert into formula (craftable_id, resource_id, amount) values (279,374,10);
insert into formula (craftable_id, resource_id, amount) values (279,394,7);
insert into formula (craftable_id, resource_id, amount) values (279,387,20);
insert into formula (craftable_id, resource_id, amount) values (279,185,10);
insert into formula (craftable_id, resource_id, amount) values (279,197,10);
insert into formula (craftable_id, resource_id, amount) values (279,441,10);
insert into formula (craftable_id, resource_id, amount) values (279,395,2);
insert into formula (craftable_id, resource_id, amount) values (279,177,10);
insert into formula (craftable_id, resource_id, amount) values (279,178,6);
insert into formula (craftable_id, resource_id, amount) values (279,466,1);
insert into formula (craftable_id, resource_id, amount) values (279,467,1);
insert into formula (craftable_id, resource_id, amount) values (279,469,1);
insert into craftable (id, category, name, batch, workload, level) values (280,'gauntlet','Thoths Gloves',1,180700,40);
insert into formula (craftable_id, resource_id, amount) values (280,394,20);
insert into formula (craftable_id, resource_id, amount) values (280,388,20);
insert into formula (craftable_id, resource_id, amount) values (280,375,30);
insert into formula (craftable_id, resource_id, amount) values (280,400,10);
insert into formula (craftable_id, resource_id, amount) values (280,445,10);
insert into formula (craftable_id, resource_id, amount) values (280,527,20);
insert into formula (craftable_id, resource_id, amount) values (280,199,1);
insert into formula (craftable_id, resource_id, amount) values (280,373,20);
insert into formula (craftable_id, resource_id, amount) values (280,395,5);
insert into formula (craftable_id, resource_id, amount) values (280,416,20);
insert into formula (craftable_id, resource_id, amount) values (280,178,10);
insert into craftable (id, category, name, batch, workload, level) values (281,'gauntlet','Amons Chain Gauntlets',1,180700,42);
insert into formula (craftable_id, resource_id, amount) values (281,394,20);
insert into formula (craftable_id, resource_id, amount) values (281,388,20);
insert into formula (craftable_id, resource_id, amount) values (281,375,30);
insert into formula (craftable_id, resource_id, amount) values (281,400,10);
insert into formula (craftable_id, resource_id, amount) values (281,445,10);
insert into formula (craftable_id, resource_id, amount) values (281,527,20);
insert into formula (craftable_id, resource_id, amount) values (281,199,1);
insert into formula (craftable_id, resource_id, amount) values (281,373,20);
insert into formula (craftable_id, resource_id, amount) values (281,395,5);
insert into formula (craftable_id, resource_id, amount) values (281,416,20);
insert into formula (craftable_id, resource_id, amount) values (281,178,10);
insert into craftable (id, category, name, batch, workload, level) values (282,'gauntlet','Gilgamesh Chain Gauntlets',1,98550,42);
insert into formula (craftable_id, resource_id, amount) values (282,374,10);
insert into formula (craftable_id, resource_id, amount) values (282,394,7);
insert into formula (craftable_id, resource_id, amount) values (282,387,20);
insert into formula (craftable_id, resource_id, amount) values (282,185,10);
insert into formula (craftable_id, resource_id, amount) values (282,197,10);
insert into formula (craftable_id, resource_id, amount) values (282,441,10);
insert into formula (craftable_id, resource_id, amount) values (282,395,2);
insert into formula (craftable_id, resource_id, amount) values (282,177,10);
insert into formula (craftable_id, resource_id, amount) values (282,178,6);
insert into formula (craftable_id, resource_id, amount) values (282,466,1);
insert into formula (craftable_id, resource_id, amount) values (282,467,1);
insert into formula (craftable_id, resource_id, amount) values (282,469,1);
insert into craftable (id, category, name, batch, workload, level) values (283,'gauntlet','Gilgamesh Gauntlets',1,98550,44);
insert into formula (craftable_id, resource_id, amount) values (283,374,10);
insert into formula (craftable_id, resource_id, amount) values (283,394,7);
insert into formula (craftable_id, resource_id, amount) values (283,387,20);
insert into formula (craftable_id, resource_id, amount) values (283,185,10);
insert into formula (craftable_id, resource_id, amount) values (283,197,10);
insert into formula (craftable_id, resource_id, amount) values (283,441,10);
insert into formula (craftable_id, resource_id, amount) values (283,395,2);
insert into formula (craftable_id, resource_id, amount) values (283,177,10);
insert into formula (craftable_id, resource_id, amount) values (283,178,6);
insert into formula (craftable_id, resource_id, amount) values (283,466,1);
insert into formula (craftable_id, resource_id, amount) values (283,467,1);
insert into formula (craftable_id, resource_id, amount) values (283,469,1);
insert into craftable (id, category, name, batch, workload, level) values (284,'gauntlet','Amons Gauntlets',1,180700,44);
insert into formula (craftable_id, resource_id, amount) values (284,394,20);
insert into formula (craftable_id, resource_id, amount) values (284,388,20);
insert into formula (craftable_id, resource_id, amount) values (284,375,30);
insert into formula (craftable_id, resource_id, amount) values (284,400,10);
insert into formula (craftable_id, resource_id, amount) values (284,445,10);
insert into formula (craftable_id, resource_id, amount) values (284,527,20);
insert into formula (craftable_id, resource_id, amount) values (284,199,1);
insert into formula (craftable_id, resource_id, amount) values (284,373,20);
insert into formula (craftable_id, resource_id, amount) values (284,395,5);
insert into formula (craftable_id, resource_id, amount) values (284,416,20);
insert into formula (craftable_id, resource_id, amount) values (284,178,10);
insert into craftable (id, category, name, batch, workload, level) values (285,'gauntlet','Ghost Conjuror Gloves',1,496925,46);
insert into formula (craftable_id, resource_id, amount) values (285,530,15);
insert into formula (craftable_id, resource_id, amount) values (285,199,2);
insert into formula (craftable_id, resource_id, amount) values (285,477,1);
insert into formula (craftable_id, resource_id, amount) values (285,373,10);
insert into formula (craftable_id, resource_id, amount) values (285,394,10);
insert into formula (craftable_id, resource_id, amount) values (285,400,10);
insert into formula (craftable_id, resource_id, amount) values (285,446,20);
insert into formula (craftable_id, resource_id, amount) values (285,180,2);
insert into formula (craftable_id, resource_id, amount) values (285,179,2);
insert into formula (craftable_id, resource_id, amount) values (285,452,30);
insert into formula (craftable_id, resource_id, amount) values (285,419,20);
insert into formula (craftable_id, resource_id, amount) values (285,420,10);
insert into craftable (id, category, name, batch, workload, level) values (286,'gauntlet','Ghost Gunner Chain Gauntlets',1,496925,48);
insert into formula (craftable_id, resource_id, amount) values (286,530,15);
insert into formula (craftable_id, resource_id, amount) values (286,199,2);
insert into formula (craftable_id, resource_id, amount) values (286,477,1);
insert into formula (craftable_id, resource_id, amount) values (286,373,10);
insert into formula (craftable_id, resource_id, amount) values (286,394,10);
insert into formula (craftable_id, resource_id, amount) values (286,400,10);
insert into formula (craftable_id, resource_id, amount) values (286,446,20);
insert into formula (craftable_id, resource_id, amount) values (286,180,2);
insert into formula (craftable_id, resource_id, amount) values (286,179,2);
insert into formula (craftable_id, resource_id, amount) values (286,452,30);
insert into formula (craftable_id, resource_id, amount) values (286,419,20);
insert into formula (craftable_id, resource_id, amount) values (286,420,10);
insert into craftable (id, category, name, batch, workload, level) values (287,'gauntlet','Ghost Warrior Gauntlets',1,496925,50);
insert into formula (craftable_id, resource_id, amount) values (287,530,15);
insert into formula (craftable_id, resource_id, amount) values (287,199,2);
insert into formula (craftable_id, resource_id, amount) values (287,477,1);
insert into formula (craftable_id, resource_id, amount) values (287,373,10);
insert into formula (craftable_id, resource_id, amount) values (287,394,10);
insert into formula (craftable_id, resource_id, amount) values (287,400,10);
insert into formula (craftable_id, resource_id, amount) values (287,446,20);
insert into formula (craftable_id, resource_id, amount) values (287,180,2);
insert into formula (craftable_id, resource_id, amount) values (287,179,2);
insert into formula (craftable_id, resource_id, amount) values (287,452,30);
insert into formula (craftable_id, resource_id, amount) values (287,419,20);
insert into formula (craftable_id, resource_id, amount) values (287,420,10);
insert into craftable (id, category, name, batch, workload, level) values (288,'gauntlet','Dragon Breath Gauntlets',1,1366500,52);
insert into formula (craftable_id, resource_id, amount) values (288,530,15);
insert into formula (craftable_id, resource_id, amount) values (288,446,20);
insert into formula (craftable_id, resource_id, amount) values (288,199,5);
insert into formula (craftable_id, resource_id, amount) values (288,430,10);
insert into formula (craftable_id, resource_id, amount) values (288,401,100);
insert into formula (craftable_id, resource_id, amount) values (288,417,8);
insert into formula (craftable_id, resource_id, amount) values (288,413,20);
insert into formula (craftable_id, resource_id, amount) values (288,179,3);
insert into formula (craftable_id, resource_id, amount) values (288,180,10);
insert into formula (craftable_id, resource_id, amount) values (288,452,50);
insert into formula (craftable_id, resource_id, amount) values (288,419,30);
insert into formula (craftable_id, resource_id, amount) values (288,420,20);
insert into craftable (id, category, name, batch, workload, level) values (289,'gauntlet','Dragon Slayer Chain Gauntlets',1,1366500,54);
insert into formula (craftable_id, resource_id, amount) values (289,530,15);
insert into formula (craftable_id, resource_id, amount) values (289,446,20);
insert into formula (craftable_id, resource_id, amount) values (289,199,5);
insert into formula (craftable_id, resource_id, amount) values (289,430,10);
insert into formula (craftable_id, resource_id, amount) values (289,401,100);
insert into formula (craftable_id, resource_id, amount) values (289,417,8);
insert into formula (craftable_id, resource_id, amount) values (289,413,20);
insert into formula (craftable_id, resource_id, amount) values (289,179,3);
insert into formula (craftable_id, resource_id, amount) values (289,180,10);
insert into formula (craftable_id, resource_id, amount) values (289,452,50);
insert into formula (craftable_id, resource_id, amount) values (289,419,30);
insert into formula (craftable_id, resource_id, amount) values (289,420,20);
insert into craftable (id, category, name, batch, workload, level) values (290,'gauntlet','Dragon Heart Gauntlets',1,1366500,56);
insert into formula (craftable_id, resource_id, amount) values (290,530,15);
insert into formula (craftable_id, resource_id, amount) values (290,446,20);
insert into formula (craftable_id, resource_id, amount) values (290,199,5);
insert into formula (craftable_id, resource_id, amount) values (290,430,10);
insert into formula (craftable_id, resource_id, amount) values (290,401,100);
insert into formula (craftable_id, resource_id, amount) values (290,417,8);
insert into formula (craftable_id, resource_id, amount) values (290,413,20);
insert into formula (craftable_id, resource_id, amount) values (290,179,3);
insert into formula (craftable_id, resource_id, amount) values (290,180,10);
insert into formula (craftable_id, resource_id, amount) values (290,452,50);
insert into formula (craftable_id, resource_id, amount) values (290,419,30);
insert into formula (craftable_id, resource_id, amount) values (290,420,20);
insert into craftable (id, category, name, batch, workload, level) values (291,'gauntlet','Gold Dragon Gloves',1,2733000,58);
insert into formula (craftable_id, resource_id, amount) values (291,384,10);
insert into formula (craftable_id, resource_id, amount) values (291,413,50);
insert into formula (craftable_id, resource_id, amount) values (291,431,20);
insert into formula (craftable_id, resource_id, amount) values (291,391,20);
insert into formula (craftable_id, resource_id, amount) values (291,417,20);
insert into formula (craftable_id, resource_id, amount) values (291,180,15);
insert into formula (craftable_id, resource_id, amount) values (291,452,30);
insert into formula (craftable_id, resource_id, amount) values (291,419,20);
insert into formula (craftable_id, resource_id, amount) values (291,420,10);
insert into formula (craftable_id, resource_id, amount) values (291,468,5);
insert into formula (craftable_id, resource_id, amount) values (291,467,2);
insert into formula (craftable_id, resource_id, amount) values (291,466,4);
insert into craftable (id, category, name, batch, workload, level) values (292,'gauntlet','Gold Dragon Chain Gauntlets',1,2733000,60);
insert into formula (craftable_id, resource_id, amount) values (292,384,10);
insert into formula (craftable_id, resource_id, amount) values (292,413,50);
insert into formula (craftable_id, resource_id, amount) values (292,431,20);
insert into formula (craftable_id, resource_id, amount) values (292,391,20);
insert into formula (craftable_id, resource_id, amount) values (292,417,20);
insert into formula (craftable_id, resource_id, amount) values (292,180,15);
insert into formula (craftable_id, resource_id, amount) values (292,452,30);
insert into formula (craftable_id, resource_id, amount) values (292,419,20);
insert into formula (craftable_id, resource_id, amount) values (292,420,10);
insert into formula (craftable_id, resource_id, amount) values (292,468,5);
insert into formula (craftable_id, resource_id, amount) values (292,467,2);
insert into formula (craftable_id, resource_id, amount) values (292,466,4);
insert into craftable (id, category, name, batch, workload, level) values (293,'gauntlet','Gold Dragon Gauntlets',1,2733000,62);
insert into formula (craftable_id, resource_id, amount) values (293,384,10);
insert into formula (craftable_id, resource_id, amount) values (293,413,50);
insert into formula (craftable_id, resource_id, amount) values (293,431,20);
insert into formula (craftable_id, resource_id, amount) values (293,391,20);
insert into formula (craftable_id, resource_id, amount) values (293,417,20);
insert into formula (craftable_id, resource_id, amount) values (293,180,15);
insert into formula (craftable_id, resource_id, amount) values (293,452,30);
insert into formula (craftable_id, resource_id, amount) values (293,419,20);
insert into formula (craftable_id, resource_id, amount) values (293,420,10);
insert into formula (craftable_id, resource_id, amount) values (293,468,5);
insert into formula (craftable_id, resource_id, amount) values (293,467,2);
insert into formula (craftable_id, resource_id, amount) values (293,466,4);
insert into craftable (id, category, name, batch, workload, level) values (294,'gauntlet','Conquerors Gloves',1,5466000,64);
insert into formula (craftable_id, resource_id, amount) values (294,199,20);
insert into formula (craftable_id, resource_id, amount) values (294,446,40);
insert into formula (craftable_id, resource_id, amount) values (294,376,20);
insert into formula (craftable_id, resource_id, amount) values (294,413,50);
insert into formula (craftable_id, resource_id, amount) values (294,431,35);
insert into formula (craftable_id, resource_id, amount) values (294,418,1);
insert into formula (craftable_id, resource_id, amount) values (294,180,10);
insert into formula (craftable_id, resource_id, amount) values (294,181,7);
insert into formula (craftable_id, resource_id, amount) values (294,421,30);
insert into formula (craftable_id, resource_id, amount) values (294,426,20);
insert into formula (craftable_id, resource_id, amount) values (294,476,1);
insert into craftable (id, category, name, batch, workload, level) values (295,'gauntlet','Conquerors Chain Gauntlets',1,5466000,66);
insert into formula (craftable_id, resource_id, amount) values (295,199,20);
insert into formula (craftable_id, resource_id, amount) values (295,446,40);
insert into formula (craftable_id, resource_id, amount) values (295,376,20);
insert into formula (craftable_id, resource_id, amount) values (295,413,50);
insert into formula (craftable_id, resource_id, amount) values (295,431,35);
insert into formula (craftable_id, resource_id, amount) values (295,418,1);
insert into formula (craftable_id, resource_id, amount) values (295,180,10);
insert into formula (craftable_id, resource_id, amount) values (295,181,7);
insert into formula (craftable_id, resource_id, amount) values (295,421,30);
insert into formula (craftable_id, resource_id, amount) values (295,426,20);
insert into formula (craftable_id, resource_id, amount) values (295,476,1);
insert into craftable (id, category, name, batch, workload, level) values (296,'gauntlet','Conquerors Gauntlets',1,5466000,68);
insert into formula (craftable_id, resource_id, amount) values (296,199,20);
insert into formula (craftable_id, resource_id, amount) values (296,446,40);
insert into formula (craftable_id, resource_id, amount) values (296,376,20);
insert into formula (craftable_id, resource_id, amount) values (296,413,50);
insert into formula (craftable_id, resource_id, amount) values (296,431,35);
insert into formula (craftable_id, resource_id, amount) values (296,418,1);
insert into formula (craftable_id, resource_id, amount) values (296,180,10);
insert into formula (craftable_id, resource_id, amount) values (296,181,7);
insert into formula (craftable_id, resource_id, amount) values (296,421,30);
insert into formula (craftable_id, resource_id, amount) values (296,426,20);
insert into formula (craftable_id, resource_id, amount) values (296,476,1);
insert into craftable (id, category, name, batch, workload, level) values (297,'gauntlet','Freezing Glove',1,6559200,70);
insert into formula (craftable_id, resource_id, amount) values (297,199,50);
insert into formula (craftable_id, resource_id, amount) values (297,432,15);
insert into formula (craftable_id, resource_id, amount) values (297,446,100);
insert into formula (craftable_id, resource_id, amount) values (297,181,10);
insert into formula (craftable_id, resource_id, amount) values (297,461,30);
insert into formula (craftable_id, resource_id, amount) values (297,459,10);
insert into formula (craftable_id, resource_id, amount) values (297,413,100);
insert into formula (craftable_id, resource_id, amount) values (297,421,100);
insert into formula (craftable_id, resource_id, amount) values (297,478,20);
insert into formula (craftable_id, resource_id, amount) values (297,479,300);
insert into craftable (id, category, name, batch, workload, level) values (298,'gauntlet','Freezing Chain Glove',1,6559200,72);
insert into formula (craftable_id, resource_id, amount) values (298,199,50);
insert into formula (craftable_id, resource_id, amount) values (298,432,15);
insert into formula (craftable_id, resource_id, amount) values (298,446,100);
insert into formula (craftable_id, resource_id, amount) values (298,181,10);
insert into formula (craftable_id, resource_id, amount) values (298,461,30);
insert into formula (craftable_id, resource_id, amount) values (298,459,10);
insert into formula (craftable_id, resource_id, amount) values (298,413,100);
insert into formula (craftable_id, resource_id, amount) values (298,421,100);
insert into formula (craftable_id, resource_id, amount) values (298,478,20);
insert into formula (craftable_id, resource_id, amount) values (298,479,300);
insert into craftable (id, category, name, batch, workload, level) values (299,'gauntlet','Freezing Gauntlet',1,6559200,74);
insert into formula (craftable_id, resource_id, amount) values (299,199,50);
insert into formula (craftable_id, resource_id, amount) values (299,432,15);
insert into formula (craftable_id, resource_id, amount) values (299,446,100);
insert into formula (craftable_id, resource_id, amount) values (299,181,10);
insert into formula (craftable_id, resource_id, amount) values (299,461,30);
insert into formula (craftable_id, resource_id, amount) values (299,459,10);
insert into formula (craftable_id, resource_id, amount) values (299,413,100);
insert into formula (craftable_id, resource_id, amount) values (299,421,100);
insert into formula (craftable_id, resource_id, amount) values (299,478,20);
insert into formula (craftable_id, resource_id, amount) values (299,479,300);
insert into craftable (id, category, name, batch, workload, level) values (300,'gauntlet','Divine Glove',1,13000000,76);
insert into formula (craftable_id, resource_id, amount) values (300,202,20);
insert into formula (craftable_id, resource_id, amount) values (300,433,2);
insert into formula (craftable_id, resource_id, amount) values (300,432,20);
insert into formula (craftable_id, resource_id, amount) values (300,414,2);
insert into formula (craftable_id, resource_id, amount) values (300,424,2);
insert into formula (craftable_id, resource_id, amount) values (300,520,10);
insert into formula (craftable_id, resource_id, amount) values (300,181,10);
insert into formula (craftable_id, resource_id, amount) values (300,427,40);
insert into formula (craftable_id, resource_id, amount) values (300,428,20);
insert into craftable (id, category, name, batch, workload, level) values (301,'gauntlet','Divine Chain Glove',1,13000000,78);
insert into formula (craftable_id, resource_id, amount) values (301,202,20);
insert into formula (craftable_id, resource_id, amount) values (301,433,2);
insert into formula (craftable_id, resource_id, amount) values (301,432,20);
insert into formula (craftable_id, resource_id, amount) values (301,414,2);
insert into formula (craftable_id, resource_id, amount) values (301,424,2);
insert into formula (craftable_id, resource_id, amount) values (301,520,10);
insert into formula (craftable_id, resource_id, amount) values (301,181,10);
insert into formula (craftable_id, resource_id, amount) values (301,427,40);
insert into formula (craftable_id, resource_id, amount) values (301,428,20);
insert into craftable (id, category, name, batch, workload, level) values (302,'gauntlet','Divine Gauntlet',1,13000000,80);
insert into formula (craftable_id, resource_id, amount) values (302,202,20);
insert into formula (craftable_id, resource_id, amount) values (302,433,2);
insert into formula (craftable_id, resource_id, amount) values (302,432,20);
insert into formula (craftable_id, resource_id, amount) values (302,414,2);
insert into formula (craftable_id, resource_id, amount) values (302,424,2);
insert into formula (craftable_id, resource_id, amount) values (302,520,10);
insert into formula (craftable_id, resource_id, amount) values (302,181,10);
insert into formula (craftable_id, resource_id, amount) values (302,427,40);
insert into formula (craftable_id, resource_id, amount) values (302,428,20);
insert into craftable (id, category, name, batch, workload, level) values (303,'helmet','Spirit Helmet',1,250,1);
insert into formula (craftable_id, resource_id, amount) values (303,385,2);
insert into formula (craftable_id, resource_id, amount) values (303,534,1);
insert into formula (craftable_id, resource_id, amount) values (303,443,1);
insert into craftable (id, category, name, batch, workload, level) values (304,'helmet','Red Soul Hat',1,1400,3);
insert into formula (craftable_id, resource_id, amount) values (304,415,5);
insert into formula (craftable_id, resource_id, amount) values (304,407,1);
insert into formula (craftable_id, resource_id, amount) values (304,377,4);
insert into formula (craftable_id, resource_id, amount) values (304,184,2);
insert into formula (craftable_id, resource_id, amount) values (304,176,1);
insert into craftable (id, category, name, batch, workload, level) values (305,'helmet','Deep-Sea chain Helmet',1,1400,4);
insert into formula (craftable_id, resource_id, amount) values (305,415,5);
insert into formula (craftable_id, resource_id, amount) values (305,407,1);
insert into formula (craftable_id, resource_id, amount) values (305,377,4);
insert into formula (craftable_id, resource_id, amount) values (305,184,2);
insert into formula (craftable_id, resource_id, amount) values (305,176,1);
insert into craftable (id, category, name, batch, workload, level) values (306,'helmet','Ocean Helmet',1,1400,5);
insert into formula (craftable_id, resource_id, amount) values (306,415,5);
insert into formula (craftable_id, resource_id, amount) values (306,407,1);
insert into formula (craftable_id, resource_id, amount) values (306,377,4);
insert into formula (craftable_id, resource_id, amount) values (306,184,2);
insert into formula (craftable_id, resource_id, amount) values (306,176,1);
insert into craftable (id, category, name, batch, workload, level) values (307,'helmet','Krishnas Hat',1,4600,8);
insert into formula (craftable_id, resource_id, amount) values (307,377,10);
insert into formula (craftable_id, resource_id, amount) values (307,533,8);
insert into formula (craftable_id, resource_id, amount) values (307,385,4);
insert into formula (craftable_id, resource_id, amount) values (307,398,4);
insert into formula (craftable_id, resource_id, amount) values (307,183,4);
insert into formula (craftable_id, resource_id, amount) values (307,195,3);
insert into formula (craftable_id, resource_id, amount) values (307,176,3);
insert into craftable (id, category, name, batch, workload, level) values (308,'helmet','Ogre Chain Helm',1,4600,9);
insert into formula (craftable_id, resource_id, amount) values (308,377,10);
insert into formula (craftable_id, resource_id, amount) values (308,533,8);
insert into formula (craftable_id, resource_id, amount) values (308,385,4);
insert into formula (craftable_id, resource_id, amount) values (308,398,4);
insert into formula (craftable_id, resource_id, amount) values (308,183,4);
insert into formula (craftable_id, resource_id, amount) values (308,195,3);
insert into formula (craftable_id, resource_id, amount) values (308,176,3);
insert into craftable (id, category, name, batch, workload, level) values (309,'helmet','Rakshasas Helmet',1,4600,10);
insert into formula (craftable_id, resource_id, amount) values (309,377,10);
insert into formula (craftable_id, resource_id, amount) values (309,533,8);
insert into formula (craftable_id, resource_id, amount) values (309,385,4);
insert into formula (craftable_id, resource_id, amount) values (309,398,4);
insert into formula (craftable_id, resource_id, amount) values (309,183,4);
insert into formula (craftable_id, resource_id, amount) values (309,195,3);
insert into formula (craftable_id, resource_id, amount) values (309,176,3);
insert into craftable (id, category, name, batch, workload, level) values (310,'helmet','Saviors Hat',1,12700,14);
insert into formula (craftable_id, resource_id, amount) values (310,379,7);
insert into formula (craftable_id, resource_id, amount) values (310,373,3);
insert into formula (craftable_id, resource_id, amount) values (310,386,4);
insert into formula (craftable_id, resource_id, amount) values (310,184,4);
insert into formula (craftable_id, resource_id, amount) values (310,196,4);
insert into formula (craftable_id, resource_id, amount) values (310,408,2);
insert into formula (craftable_id, resource_id, amount) values (310,176,20);
insert into formula (craftable_id, resource_id, amount) values (310,177,2);
insert into craftable (id, category, name, batch, workload, level) values (311,'helmet','Assasins Chain Helm',1,12700,16);
insert into formula (craftable_id, resource_id, amount) values (311,379,7);
insert into formula (craftable_id, resource_id, amount) values (311,373,3);
insert into formula (craftable_id, resource_id, amount) values (311,386,4);
insert into formula (craftable_id, resource_id, amount) values (311,184,4);
insert into formula (craftable_id, resource_id, amount) values (311,196,4);
insert into formula (craftable_id, resource_id, amount) values (311,408,2);
insert into formula (craftable_id, resource_id, amount) values (311,176,20);
insert into formula (craftable_id, resource_id, amount) values (311,177,2);
insert into craftable (id, category, name, batch, workload, level) values (312,'helmet','Destroyers Helmet',1,12700,18);
insert into formula (craftable_id, resource_id, amount) values (312,379,7);
insert into formula (craftable_id, resource_id, amount) values (312,373,3);
insert into formula (craftable_id, resource_id, amount) values (312,386,4);
insert into formula (craftable_id, resource_id, amount) values (312,184,4);
insert into formula (craftable_id, resource_id, amount) values (312,196,4);
insert into formula (craftable_id, resource_id, amount) values (312,408,2);
insert into formula (craftable_id, resource_id, amount) values (312,176,20);
insert into formula (craftable_id, resource_id, amount) values (312,177,2);
insert into craftable (id, category, name, batch, workload, level) values (313,'helmet','Walachia Hat',1,34900,23);
insert into formula (craftable_id, resource_id, amount) values (313,184,10);
insert into formula (craftable_id, resource_id, amount) values (313,196,5);
insert into formula (craftable_id, resource_id, amount) values (313,373,10);
insert into formula (craftable_id, resource_id, amount) values (313,379,7);
insert into formula (craftable_id, resource_id, amount) values (313,393,15);
insert into formula (craftable_id, resource_id, amount) values (313,390,10);
insert into formula (craftable_id, resource_id, amount) values (313,407,4);
insert into formula (craftable_id, resource_id, amount) values (313,177,4);
insert into craftable (id, category, name, batch, workload, level) values (314,'helmet','Walachia Chain Helm',1,34900,25);
insert into formula (craftable_id, resource_id, amount) values (314,184,10);
insert into formula (craftable_id, resource_id, amount) values (314,196,5);
insert into formula (craftable_id, resource_id, amount) values (314,373,10);
insert into formula (craftable_id, resource_id, amount) values (314,379,7);
insert into formula (craftable_id, resource_id, amount) values (314,393,15);
insert into formula (craftable_id, resource_id, amount) values (314,390,10);
insert into formula (craftable_id, resource_id, amount) values (314,407,4);
insert into formula (craftable_id, resource_id, amount) values (314,177,4);
insert into craftable (id, category, name, batch, workload, level) values (315,'helmet','Blood Knight Hat',1,62800,25);
insert into formula (craftable_id, resource_id, amount) values (315,184,3);
insert into formula (craftable_id, resource_id, amount) values (315,196,2);
insert into formula (craftable_id, resource_id, amount) values (315,373,3);
insert into formula (craftable_id, resource_id, amount) values (315,379,2);
insert into formula (craftable_id, resource_id, amount) values (315,393,5);
insert into formula (craftable_id, resource_id, amount) values (315,390,3);
insert into formula (craftable_id, resource_id, amount) values (315,407,1);
insert into formula (craftable_id, resource_id, amount) values (315,177,20);
insert into formula (craftable_id, resource_id, amount) values (315,348,1);
insert into formula (craftable_id, resource_id, amount) values (315,469,1);
insert into formula (craftable_id, resource_id, amount) values (315,466,1);
insert into craftable (id, category, name, batch, workload, level) values (316,'helmet','Walachia Helmet',1,34900,27);
insert into formula (craftable_id, resource_id, amount) values (316,184,10);
insert into formula (craftable_id, resource_id, amount) values (316,196,5);
insert into formula (craftable_id, resource_id, amount) values (316,373,10);
insert into formula (craftable_id, resource_id, amount) values (316,379,7);
insert into formula (craftable_id, resource_id, amount) values (316,393,15);
insert into formula (craftable_id, resource_id, amount) values (316,390,10);
insert into formula (craftable_id, resource_id, amount) values (316,407,4);
insert into formula (craftable_id, resource_id, amount) values (316,177,4);
insert into craftable (id, category, name, batch, workload, level) values (317,'helmet','Blood Knight Chain Helm',1,62800,30);
insert into formula (craftable_id, resource_id, amount) values (317,184,3);
insert into formula (craftable_id, resource_id, amount) values (317,196,2);
insert into formula (craftable_id, resource_id, amount) values (317,373,3);
insert into formula (craftable_id, resource_id, amount) values (317,379,2);
insert into formula (craftable_id, resource_id, amount) values (317,393,5);
insert into formula (craftable_id, resource_id, amount) values (317,390,3);
insert into formula (craftable_id, resource_id, amount) values (317,407,1);
insert into formula (craftable_id, resource_id, amount) values (317,177,20);
insert into formula (craftable_id, resource_id, amount) values (317,348,1);
insert into formula (craftable_id, resource_id, amount) values (317,469,1);
insert into formula (craftable_id, resource_id, amount) values (317,466,1);
insert into craftable (id, category, name, batch, workload, level) values (318,'helmet','Blood Knight Helmet',1,62800,32);
insert into formula (craftable_id, resource_id, amount) values (318,184,3);
insert into formula (craftable_id, resource_id, amount) values (318,196,2);
insert into formula (craftable_id, resource_id, amount) values (318,373,3);
insert into formula (craftable_id, resource_id, amount) values (318,379,2);
insert into formula (craftable_id, resource_id, amount) values (318,393,5);
insert into formula (craftable_id, resource_id, amount) values (318,390,3);
insert into formula (craftable_id, resource_id, amount) values (318,407,1);
insert into formula (craftable_id, resource_id, amount) values (318,177,20);
insert into formula (craftable_id, resource_id, amount) values (318,348,1);
insert into formula (craftable_id, resource_id, amount) values (318,469,1);
insert into formula (craftable_id, resource_id, amount) values (318,466,1);
insert into craftable (id, category, name, batch, workload, level) values (319,'helmet','Anu Priest Hat',1,96000,32);
insert into formula (craftable_id, resource_id, amount) values (319,374,10);
insert into formula (craftable_id, resource_id, amount) values (319,394,7);
insert into formula (craftable_id, resource_id, amount) values (319,387,20);
insert into formula (craftable_id, resource_id, amount) values (319,185,10);
insert into formula (craftable_id, resource_id, amount) values (319,197,10);
insert into formula (craftable_id, resource_id, amount) values (319,445,10);
insert into formula (craftable_id, resource_id, amount) values (319,441,10);
insert into formula (craftable_id, resource_id, amount) values (319,395,2);
insert into formula (craftable_id, resource_id, amount) values (319,177,10);
insert into formula (craftable_id, resource_id, amount) values (319,178,6);
insert into craftable (id, category, name, batch, workload, level) values (320,'helmet','Anu Warrior Chain Helmet',1,96000,35);
insert into formula (craftable_id, resource_id, amount) values (320,374,10);
insert into formula (craftable_id, resource_id, amount) values (320,394,7);
insert into formula (craftable_id, resource_id, amount) values (320,387,20);
insert into formula (craftable_id, resource_id, amount) values (320,185,10);
insert into formula (craftable_id, resource_id, amount) values (320,197,10);
insert into formula (craftable_id, resource_id, amount) values (320,445,10);
insert into formula (craftable_id, resource_id, amount) values (320,441,10);
insert into formula (craftable_id, resource_id, amount) values (320,395,2);
insert into formula (craftable_id, resource_id, amount) values (320,177,10);
insert into formula (craftable_id, resource_id, amount) values (320,178,6);
insert into craftable (id, category, name, batch, workload, level) values (321,'helmet','Anu Warrior Helmet',1,96000,38);
insert into formula (craftable_id, resource_id, amount) values (321,374,10);
insert into formula (craftable_id, resource_id, amount) values (321,394,7);
insert into formula (craftable_id, resource_id, amount) values (321,387,20);
insert into formula (craftable_id, resource_id, amount) values (321,185,10);
insert into formula (craftable_id, resource_id, amount) values (321,197,10);
insert into formula (craftable_id, resource_id, amount) values (321,445,10);
insert into formula (craftable_id, resource_id, amount) values (321,441,10);
insert into formula (craftable_id, resource_id, amount) values (321,395,2);
insert into formula (craftable_id, resource_id, amount) values (321,177,10);
insert into formula (craftable_id, resource_id, amount) values (321,178,6);
insert into craftable (id, category, name, batch, workload, level) values (322,'helmet','Gilgamesh Hat',1,144000,40);
insert into formula (craftable_id, resource_id, amount) values (322,374,10);
insert into formula (craftable_id, resource_id, amount) values (322,394,7);
insert into formula (craftable_id, resource_id, amount) values (322,387,20);
insert into formula (craftable_id, resource_id, amount) values (322,185,10);
insert into formula (craftable_id, resource_id, amount) values (322,197,10);
insert into formula (craftable_id, resource_id, amount) values (322,441,10);
insert into formula (craftable_id, resource_id, amount) values (322,395,2);
insert into formula (craftable_id, resource_id, amount) values (322,177,10);
insert into formula (craftable_id, resource_id, amount) values (322,178,6);
insert into formula (craftable_id, resource_id, amount) values (322,466,1);
insert into formula (craftable_id, resource_id, amount) values (322,467,1);
insert into formula (craftable_id, resource_id, amount) values (322,469,1);
insert into craftable (id, category, name, batch, workload, level) values (323,'helmet','Thoths Hat',1,26400,40);
insert into formula (craftable_id, resource_id, amount) values (323,394,20);
insert into formula (craftable_id, resource_id, amount) values (323,388,20);
insert into formula (craftable_id, resource_id, amount) values (323,375,30);
insert into formula (craftable_id, resource_id, amount) values (323,400,10);
insert into formula (craftable_id, resource_id, amount) values (323,445,10);
insert into formula (craftable_id, resource_id, amount) values (323,527,20);
insert into formula (craftable_id, resource_id, amount) values (323,199,1);
insert into formula (craftable_id, resource_id, amount) values (323,373,20);
insert into formula (craftable_id, resource_id, amount) values (323,395,5);
insert into formula (craftable_id, resource_id, amount) values (323,416,20);
insert into formula (craftable_id, resource_id, amount) values (323,178,10);
insert into craftable (id, category, name, batch, workload, level) values (324,'helmet','Amons Chain Helm',1,26400,42);
insert into formula (craftable_id, resource_id, amount) values (324,394,20);
insert into formula (craftable_id, resource_id, amount) values (324,388,20);
insert into formula (craftable_id, resource_id, amount) values (324,375,30);
insert into formula (craftable_id, resource_id, amount) values (324,400,10);
insert into formula (craftable_id, resource_id, amount) values (324,445,10);
insert into formula (craftable_id, resource_id, amount) values (324,527,20);
insert into formula (craftable_id, resource_id, amount) values (324,199,1);
insert into formula (craftable_id, resource_id, amount) values (324,373,20);
insert into formula (craftable_id, resource_id, amount) values (324,395,5);
insert into formula (craftable_id, resource_id, amount) values (324,416,20);
insert into formula (craftable_id, resource_id, amount) values (324,178,10);
insert into craftable (id, category, name, batch, workload, level) values (325,'helmet','Gilgamesh Chain Helm',1,144000,42);
insert into formula (craftable_id, resource_id, amount) values (325,374,10);
insert into formula (craftable_id, resource_id, amount) values (325,394,7);
insert into formula (craftable_id, resource_id, amount) values (325,387,20);
insert into formula (craftable_id, resource_id, amount) values (325,185,10);
insert into formula (craftable_id, resource_id, amount) values (325,197,10);
insert into formula (craftable_id, resource_id, amount) values (325,441,10);
insert into formula (craftable_id, resource_id, amount) values (325,395,2);
insert into formula (craftable_id, resource_id, amount) values (325,177,10);
insert into formula (craftable_id, resource_id, amount) values (325,178,6);
insert into formula (craftable_id, resource_id, amount) values (325,466,1);
insert into formula (craftable_id, resource_id, amount) values (325,467,1);
insert into formula (craftable_id, resource_id, amount) values (325,469,1);
insert into craftable (id, category, name, batch, workload, level) values (326,'helmet','Gilgamesh Helmet',1,144000,44);
insert into formula (craftable_id, resource_id, amount) values (326,374,10);
insert into formula (craftable_id, resource_id, amount) values (326,394,7);
insert into formula (craftable_id, resource_id, amount) values (326,387,20);
insert into formula (craftable_id, resource_id, amount) values (326,185,10);
insert into formula (craftable_id, resource_id, amount) values (326,197,10);
insert into formula (craftable_id, resource_id, amount) values (326,441,10);
insert into formula (craftable_id, resource_id, amount) values (326,395,2);
insert into formula (craftable_id, resource_id, amount) values (326,177,10);
insert into formula (craftable_id, resource_id, amount) values (326,178,6);
insert into formula (craftable_id, resource_id, amount) values (326,466,1);
insert into formula (craftable_id, resource_id, amount) values (326,467,1);
insert into formula (craftable_id, resource_id, amount) values (326,469,1);
insert into craftable (id, category, name, batch, workload, level) values (327,'helmet','Amons Helmet',1,26400,44);
insert into formula (craftable_id, resource_id, amount) values (327,394,20);
insert into formula (craftable_id, resource_id, amount) values (327,388,20);
insert into formula (craftable_id, resource_id, amount) values (327,375,30);
insert into formula (craftable_id, resource_id, amount) values (327,400,10);
insert into formula (craftable_id, resource_id, amount) values (327,445,10);
insert into formula (craftable_id, resource_id, amount) values (327,527,20);
insert into formula (craftable_id, resource_id, amount) values (327,199,1);
insert into formula (craftable_id, resource_id, amount) values (327,373,20);
insert into formula (craftable_id, resource_id, amount) values (327,395,5);
insert into formula (craftable_id, resource_id, amount) values (327,416,20);
insert into formula (craftable_id, resource_id, amount) values (327,178,10);
insert into craftable (id, category, name, batch, workload, level) values (328,'helmet','Ghost Conjuror Hat',1,726000,46);
insert into formula (craftable_id, resource_id, amount) values (328,530,15);
insert into formula (craftable_id, resource_id, amount) values (328,199,2);
insert into formula (craftable_id, resource_id, amount) values (328,477,1);
insert into formula (craftable_id, resource_id, amount) values (328,373,10);
insert into formula (craftable_id, resource_id, amount) values (328,394,10);
insert into formula (craftable_id, resource_id, amount) values (328,400,10);
insert into formula (craftable_id, resource_id, amount) values (328,446,20);
insert into formula (craftable_id, resource_id, amount) values (328,180,2);
insert into formula (craftable_id, resource_id, amount) values (328,179,2);
insert into formula (craftable_id, resource_id, amount) values (328,452,30);
insert into formula (craftable_id, resource_id, amount) values (328,419,20);
insert into formula (craftable_id, resource_id, amount) values (328,420,10);
insert into craftable (id, category, name, batch, workload, level) values (329,'helmet','Ghost Gunner Chain Helmet',1,726000,48);
insert into formula (craftable_id, resource_id, amount) values (329,530,15);
insert into formula (craftable_id, resource_id, amount) values (329,199,2);
insert into formula (craftable_id, resource_id, amount) values (329,477,1);
insert into formula (craftable_id, resource_id, amount) values (329,373,10);
insert into formula (craftable_id, resource_id, amount) values (329,394,10);
insert into formula (craftable_id, resource_id, amount) values (329,400,10);
insert into formula (craftable_id, resource_id, amount) values (329,446,20);
insert into formula (craftable_id, resource_id, amount) values (329,180,2);
insert into formula (craftable_id, resource_id, amount) values (329,179,2);
insert into formula (craftable_id, resource_id, amount) values (329,452,30);
insert into formula (craftable_id, resource_id, amount) values (329,419,20);
insert into formula (craftable_id, resource_id, amount) values (329,420,10);
insert into craftable (id, category, name, batch, workload, level) values (330,'helmet','Ghost Warrior Helmet',1,726000,50);
insert into formula (craftable_id, resource_id, amount) values (330,530,15);
insert into formula (craftable_id, resource_id, amount) values (330,199,2);
insert into formula (craftable_id, resource_id, amount) values (330,477,1);
insert into formula (craftable_id, resource_id, amount) values (330,373,10);
insert into formula (craftable_id, resource_id, amount) values (330,394,10);
insert into formula (craftable_id, resource_id, amount) values (330,400,10);
insert into formula (craftable_id, resource_id, amount) values (330,446,20);
insert into formula (craftable_id, resource_id, amount) values (330,180,2);
insert into formula (craftable_id, resource_id, amount) values (330,179,2);
insert into formula (craftable_id, resource_id, amount) values (330,452,30);
insert into formula (craftable_id, resource_id, amount) values (330,419,20);
insert into formula (craftable_id, resource_id, amount) values (330,420,10);
insert into craftable (id, category, name, batch, workload, level) values (331,'helmet','Dragon Breath Hat',1,1996500,52);
insert into formula (craftable_id, resource_id, amount) values (331,530,15);
insert into formula (craftable_id, resource_id, amount) values (331,446,20);
insert into formula (craftable_id, resource_id, amount) values (331,199,5);
insert into formula (craftable_id, resource_id, amount) values (331,430,10);
insert into formula (craftable_id, resource_id, amount) values (331,401,100);
insert into formula (craftable_id, resource_id, amount) values (331,417,8);
insert into formula (craftable_id, resource_id, amount) values (331,413,20);
insert into formula (craftable_id, resource_id, amount) values (331,179,3);
insert into formula (craftable_id, resource_id, amount) values (331,180,10);
insert into formula (craftable_id, resource_id, amount) values (331,452,50);
insert into formula (craftable_id, resource_id, amount) values (331,419,30);
insert into formula (craftable_id, resource_id, amount) values (331,420,20);
insert into craftable (id, category, name, batch, workload, level) values (332,'helmet','Dragon Slayer Chain Helm',1,1996500,54);
insert into formula (craftable_id, resource_id, amount) values (332,530,15);
insert into formula (craftable_id, resource_id, amount) values (332,446,20);
insert into formula (craftable_id, resource_id, amount) values (332,199,5);
insert into formula (craftable_id, resource_id, amount) values (332,430,10);
insert into formula (craftable_id, resource_id, amount) values (332,401,100);
insert into formula (craftable_id, resource_id, amount) values (332,417,8);
insert into formula (craftable_id, resource_id, amount) values (332,413,20);
insert into formula (craftable_id, resource_id, amount) values (332,179,3);
insert into formula (craftable_id, resource_id, amount) values (332,180,10);
insert into formula (craftable_id, resource_id, amount) values (332,452,50);
insert into formula (craftable_id, resource_id, amount) values (332,419,30);
insert into formula (craftable_id, resource_id, amount) values (332,420,20);
insert into craftable (id, category, name, batch, workload, level) values (333,'helmet','Dragon Heart Helmet',1,1996500,56);
insert into formula (craftable_id, resource_id, amount) values (333,530,15);
insert into formula (craftable_id, resource_id, amount) values (333,446,20);
insert into formula (craftable_id, resource_id, amount) values (333,199,5);
insert into formula (craftable_id, resource_id, amount) values (333,430,10);
insert into formula (craftable_id, resource_id, amount) values (333,401,100);
insert into formula (craftable_id, resource_id, amount) values (333,417,8);
insert into formula (craftable_id, resource_id, amount) values (333,413,20);
insert into formula (craftable_id, resource_id, amount) values (333,179,3);
insert into formula (craftable_id, resource_id, amount) values (333,180,10);
insert into formula (craftable_id, resource_id, amount) values (333,452,50);
insert into formula (craftable_id, resource_id, amount) values (333,419,30);
insert into formula (craftable_id, resource_id, amount) values (333,420,20);
insert into craftable (id, category, name, batch, workload, level) values (334,'helmet','Gold Dragon Hat',1,3993000,58);
insert into formula (craftable_id, resource_id, amount) values (334,384,10);
insert into formula (craftable_id, resource_id, amount) values (334,413,50);
insert into formula (craftable_id, resource_id, amount) values (334,431,20);
insert into formula (craftable_id, resource_id, amount) values (334,391,20);
insert into formula (craftable_id, resource_id, amount) values (334,417,20);
insert into formula (craftable_id, resource_id, amount) values (334,180,15);
insert into formula (craftable_id, resource_id, amount) values (334,452,30);
insert into formula (craftable_id, resource_id, amount) values (334,419,20);
insert into formula (craftable_id, resource_id, amount) values (334,420,10);
insert into formula (craftable_id, resource_id, amount) values (334,468,5);
insert into formula (craftable_id, resource_id, amount) values (334,467,2);
insert into formula (craftable_id, resource_id, amount) values (334,466,4);
insert into craftable (id, category, name, batch, workload, level) values (335,'helmet','Gold Dragon Chain Helmet',1,3993000,60);
insert into formula (craftable_id, resource_id, amount) values (335,384,10);
insert into formula (craftable_id, resource_id, amount) values (335,413,50);
insert into formula (craftable_id, resource_id, amount) values (335,431,20);
insert into formula (craftable_id, resource_id, amount) values (335,391,20);
insert into formula (craftable_id, resource_id, amount) values (335,417,20);
insert into formula (craftable_id, resource_id, amount) values (335,180,15);
insert into formula (craftable_id, resource_id, amount) values (335,452,30);
insert into formula (craftable_id, resource_id, amount) values (335,419,20);
insert into formula (craftable_id, resource_id, amount) values (335,420,10);
insert into formula (craftable_id, resource_id, amount) values (335,468,5);
insert into formula (craftable_id, resource_id, amount) values (335,467,2);
insert into formula (craftable_id, resource_id, amount) values (335,466,4);
insert into craftable (id, category, name, batch, workload, level) values (336,'helmet','Gold Dragon Helmet',1,3993000,62);
insert into formula (craftable_id, resource_id, amount) values (336,384,10);
insert into formula (craftable_id, resource_id, amount) values (336,413,50);
insert into formula (craftable_id, resource_id, amount) values (336,431,20);
insert into formula (craftable_id, resource_id, amount) values (336,391,20);
insert into formula (craftable_id, resource_id, amount) values (336,417,20);
insert into formula (craftable_id, resource_id, amount) values (336,180,15);
insert into formula (craftable_id, resource_id, amount) values (336,452,30);
insert into formula (craftable_id, resource_id, amount) values (336,419,20);
insert into formula (craftable_id, resource_id, amount) values (336,420,10);
insert into formula (craftable_id, resource_id, amount) values (336,468,5);
insert into formula (craftable_id, resource_id, amount) values (336,467,2);
insert into formula (craftable_id, resource_id, amount) values (336,466,4);
insert into craftable (id, category, name, batch, workload, level) values (337,'helmet','Conquerors Hat',1,7986000,64);
insert into formula (craftable_id, resource_id, amount) values (337,199,20);
insert into formula (craftable_id, resource_id, amount) values (337,446,40);
insert into formula (craftable_id, resource_id, amount) values (337,376,20);
insert into formula (craftable_id, resource_id, amount) values (337,413,50);
insert into formula (craftable_id, resource_id, amount) values (337,431,35);
insert into formula (craftable_id, resource_id, amount) values (337,418,1);
insert into formula (craftable_id, resource_id, amount) values (337,180,10);
insert into formula (craftable_id, resource_id, amount) values (337,181,7);
insert into formula (craftable_id, resource_id, amount) values (337,421,30);
insert into formula (craftable_id, resource_id, amount) values (337,426,20);
insert into formula (craftable_id, resource_id, amount) values (337,476,1);
insert into craftable (id, category, name, batch, workload, level) values (338,'helmet','Conquerors Chain Helm',1,7986000,66);
insert into formula (craftable_id, resource_id, amount) values (338,199,20);
insert into formula (craftable_id, resource_id, amount) values (338,446,40);
insert into formula (craftable_id, resource_id, amount) values (338,376,20);
insert into formula (craftable_id, resource_id, amount) values (338,413,50);
insert into formula (craftable_id, resource_id, amount) values (338,431,35);
insert into formula (craftable_id, resource_id, amount) values (338,418,1);
insert into formula (craftable_id, resource_id, amount) values (338,180,10);
insert into formula (craftable_id, resource_id, amount) values (338,181,7);
insert into formula (craftable_id, resource_id, amount) values (338,421,30);
insert into formula (craftable_id, resource_id, amount) values (338,426,20);
insert into formula (craftable_id, resource_id, amount) values (338,476,1);
insert into craftable (id, category, name, batch, workload, level) values (339,'helmet','Conquerors Helmet',1,7986000,68);
insert into formula (craftable_id, resource_id, amount) values (339,199,20);
insert into formula (craftable_id, resource_id, amount) values (339,446,40);
insert into formula (craftable_id, resource_id, amount) values (339,376,20);
insert into formula (craftable_id, resource_id, amount) values (339,413,50);
insert into formula (craftable_id, resource_id, amount) values (339,431,35);
insert into formula (craftable_id, resource_id, amount) values (339,418,1);
insert into formula (craftable_id, resource_id, amount) values (339,180,10);
insert into formula (craftable_id, resource_id, amount) values (339,181,7);
insert into formula (craftable_id, resource_id, amount) values (339,421,30);
insert into formula (craftable_id, resource_id, amount) values (339,426,20);
insert into formula (craftable_id, resource_id, amount) values (339,476,1);
insert into craftable (id, category, name, batch, workload, level) values (340,'helmet','Freezing Hat',1,9583200,70);
insert into formula (craftable_id, resource_id, amount) values (340,199,50);
insert into formula (craftable_id, resource_id, amount) values (340,432,15);
insert into formula (craftable_id, resource_id, amount) values (340,446,100);
insert into formula (craftable_id, resource_id, amount) values (340,181,10);
insert into formula (craftable_id, resource_id, amount) values (340,461,30);
insert into formula (craftable_id, resource_id, amount) values (340,459,10);
insert into formula (craftable_id, resource_id, amount) values (340,413,100);
insert into formula (craftable_id, resource_id, amount) values (340,421,100);
insert into formula (craftable_id, resource_id, amount) values (340,478,20);
insert into formula (craftable_id, resource_id, amount) values (340,479,300);
insert into craftable (id, category, name, batch, workload, level) values (341,'helmet','Freezing Chain Helmet',1,9583200,72);
insert into formula (craftable_id, resource_id, amount) values (341,199,50);
insert into formula (craftable_id, resource_id, amount) values (341,432,15);
insert into formula (craftable_id, resource_id, amount) values (341,446,100);
insert into formula (craftable_id, resource_id, amount) values (341,181,10);
insert into formula (craftable_id, resource_id, amount) values (341,461,30);
insert into formula (craftable_id, resource_id, amount) values (341,459,10);
insert into formula (craftable_id, resource_id, amount) values (341,413,100);
insert into formula (craftable_id, resource_id, amount) values (341,421,100);
insert into formula (craftable_id, resource_id, amount) values (341,478,20);
insert into formula (craftable_id, resource_id, amount) values (341,479,300);
insert into craftable (id, category, name, batch, workload, level) values (342,'helmet','Freezing Helmet',1,9583200,74);
insert into formula (craftable_id, resource_id, amount) values (342,199,50);
insert into formula (craftable_id, resource_id, amount) values (342,432,15);
insert into formula (craftable_id, resource_id, amount) values (342,446,100);
insert into formula (craftable_id, resource_id, amount) values (342,181,10);
insert into formula (craftable_id, resource_id, amount) values (342,461,30);
insert into formula (craftable_id, resource_id, amount) values (342,459,10);
insert into formula (craftable_id, resource_id, amount) values (342,413,100);
insert into formula (craftable_id, resource_id, amount) values (342,421,100);
insert into formula (craftable_id, resource_id, amount) values (342,478,20);
insert into formula (craftable_id, resource_id, amount) values (342,479,300);
insert into craftable (id, category, name, batch, workload, level) values (343,'helmet','Divine Hat',1,19100000,76);
insert into formula (craftable_id, resource_id, amount) values (343,202,20);
insert into formula (craftable_id, resource_id, amount) values (343,433,2);
insert into formula (craftable_id, resource_id, amount) values (343,432,20);
insert into formula (craftable_id, resource_id, amount) values (343,414,2);
insert into formula (craftable_id, resource_id, amount) values (343,424,2);
insert into formula (craftable_id, resource_id, amount) values (343,520,10);
insert into formula (craftable_id, resource_id, amount) values (343,181,10);
insert into formula (craftable_id, resource_id, amount) values (343,427,40);
insert into formula (craftable_id, resource_id, amount) values (343,428,20);
insert into craftable (id, category, name, batch, workload, level) values (344,'helmet','Divine Chain Helmet',1,19100000,78);
insert into formula (craftable_id, resource_id, amount) values (344,202,20);
insert into formula (craftable_id, resource_id, amount) values (344,433,2);
insert into formula (craftable_id, resource_id, amount) values (344,432,20);
insert into formula (craftable_id, resource_id, amount) values (344,414,2);
insert into formula (craftable_id, resource_id, amount) values (344,424,2);
insert into formula (craftable_id, resource_id, amount) values (344,520,10);
insert into formula (craftable_id, resource_id, amount) values (344,181,10);
insert into formula (craftable_id, resource_id, amount) values (344,427,40);
insert into formula (craftable_id, resource_id, amount) values (344,428,20);
insert into craftable (id, category, name, batch, workload, level) values (345,'helmet','Divine Helmet',1,19100000,80);
insert into formula (craftable_id, resource_id, amount) values (345,202,20);
insert into formula (craftable_id, resource_id, amount) values (345,433,2);
insert into formula (craftable_id, resource_id, amount) values (345,432,20);
insert into formula (craftable_id, resource_id, amount) values (345,414,2);
insert into formula (craftable_id, resource_id, amount) values (345,424,2);
insert into formula (craftable_id, resource_id, amount) values (345,520,10);
insert into formula (craftable_id, resource_id, amount) values (345,181,10);
insert into formula (craftable_id, resource_id, amount) values (345,427,40);
insert into formula (craftable_id, resource_id, amount) values (345,428,20);
insert into craftable (id, category, name, batch, workload, level) values (346,'license','Secrets of Time: Beast Master',5,100000,1);
insert into formula (craftable_id, resource_id, amount) values (346,49,1);
insert into formula (craftable_id, resource_id, amount) values (346,312,1);
insert into formula (craftable_id, resource_id, amount) values (346,153,3);
insert into formula (craftable_id, resource_id, amount) values (346,167,1);
insert into craftable (id, category, name, batch, workload, level) values (347,'license','Power Up Scroll(20hrs)',10,150000,5);
insert into formula (craftable_id, resource_id, amount) values (347,226,150);
insert into formula (craftable_id, resource_id, amount) values (347,533,50);
insert into formula (craftable_id, resource_id, amount) values (347,152,200);
insert into formula (craftable_id, resource_id, amount) values (347,352,200);
insert into craftable (id, category, name, batch, workload, level) values (348,'license','Secrets of Time: Legend of Iron Doll',5,60000,7);
insert into formula (craftable_id, resource_id, amount) values (348,152,100);
insert into formula (craftable_id, resource_id, amount) values (348,226,20);
insert into formula (craftable_id, resource_id, amount) values (348,533,5);
insert into formula (craftable_id, resource_id, amount) values (348,227,20);
insert into formula (craftable_id, resource_id, amount) values (348,363,50);
insert into craftable (id, category, name, batch, workload, level) values (349,'license','Secrets of Time: Discovering Great Perfume',5,130000,9);
insert into formula (craftable_id, resource_id, amount) values (349,457,15);
insert into formula (craftable_id, resource_id, amount) values (349,228,20);
insert into formula (craftable_id, resource_id, amount) values (349,229,4);
insert into formula (craftable_id, resource_id, amount) values (349,209,20);
insert into formula (craftable_id, resource_id, amount) values (349,360,50);
insert into craftable (id, category, name, batch, workload, level) values (350,'license','Secrets of Time: Witch',5,200000,10);
insert into formula (craftable_id, resource_id, amount) values (350,58,1);
insert into formula (craftable_id, resource_id, amount) values (350,312,1);
insert into formula (craftable_id, resource_id, amount) values (350,154,3);
insert into formula (craftable_id, resource_id, amount) values (350,166,1);
insert into craftable (id, category, name, batch, workload, level) values (351,'license','Secrets of Time: Exorcist',5,400000,15);
insert into formula (craftable_id, resource_id, amount) values (351,73,1);
insert into formula (craftable_id, resource_id, amount) values (351,313,1);
insert into formula (craftable_id, resource_id, amount) values (351,153,3);
insert into formula (craftable_id, resource_id, amount) values (351,167,1);
insert into craftable (id, category, name, batch, workload, level) values (352,'license','Secrets of Time: Abyss of Taj Mahal',5,800000,20);
insert into formula (craftable_id, resource_id, amount) values (352,470,3);
insert into formula (craftable_id, resource_id, amount) values (352,313,1);
insert into formula (craftable_id, resource_id, amount) values (352,152,100);
insert into formula (craftable_id, resource_id, amount) values (352,162,10);
insert into craftable (id, category, name, batch, workload, level) values (353,'license','Secrets of Time: Destiny of Marduke',5,650000,23);
insert into formula (craftable_id, resource_id, amount) values (353,454,5);
insert into formula (craftable_id, resource_id, amount) values (353,210,20);
insert into formula (craftable_id, resource_id, amount) values (353,211,4);
insert into formula (craftable_id, resource_id, amount) values (353,212,15);
insert into formula (craftable_id, resource_id, amount) values (353,349,100);
insert into craftable (id, category, name, batch, workload, level) values (354,'license','Secrets of Time: Cursing of Mummy',5,800000,24);
insert into formula (craftable_id, resource_id, amount) values (354,461,10);
insert into formula (craftable_id, resource_id, amount) values (354,210,20);
insert into formula (craftable_id, resource_id, amount) values (354,211,5);
insert into formula (craftable_id, resource_id, amount) values (354,212,20);
insert into formula (craftable_id, resource_id, amount) values (354,446,500);
insert into craftable (id, category, name, batch, workload, level) values (355,'license','Secrets of Time: Curious Scientist',5,1000000,25);
insert into formula (craftable_id, resource_id, amount) values (355,458,4);
insert into formula (craftable_id, resource_id, amount) values (355,210,20);
insert into formula (craftable_id, resource_id, amount) values (355,211,5);
insert into formula (craftable_id, resource_id, amount) values (355,212,20);
insert into formula (craftable_id, resource_id, amount) values (355,301,100);
insert into craftable (id, category, name, batch, workload, level) values (356,'license','Secrets of Time: Princess',10,1500000,25);
insert into formula (craftable_id, resource_id, amount) values (356,76,1);
insert into formula (craftable_id, resource_id, amount) values (356,314,1);
insert into formula (craftable_id, resource_id, amount) values (356,154,3);
insert into formula (craftable_id, resource_id, amount) values (356,166,1);
insert into craftable (id, category, name, batch, workload, level) values (357,'license','Secrets of Time: Oracle',10,1900000,35);
insert into formula (craftable_id, resource_id, amount) values (357,100,1);
insert into formula (craftable_id, resource_id, amount) values (357,313,2);
insert into formula (craftable_id, resource_id, amount) values (357,154,3);
insert into formula (craftable_id, resource_id, amount) values (357,166,1);
insert into craftable (id, category, name, batch, workload, level) values (358,'license','Secrets of Time: Road of Warrior',5,2000000,37);
insert into formula (craftable_id, resource_id, amount) values (358,477,20);
insert into formula (craftable_id, resource_id, amount) values (358,312,1);
insert into formula (craftable_id, resource_id, amount) values (358,454,10);
insert into craftable (id, category, name, batch, workload, level) values (359,'license','Secrets of Time: Inventor',10,2100000,40);
insert into formula (craftable_id, resource_id, amount) values (359,109,1);
insert into formula (craftable_id, resource_id, amount) values (359,314,1);
insert into formula (craftable_id, resource_id, amount) values (359,156,3);
insert into formula (craftable_id, resource_id, amount) values (359,164,1);
insert into craftable (id, category, name, batch, workload, level) values (360,'license','Secrets of Time: Momotaro',5,1830000,42);
insert into formula (craftable_id, resource_id, amount) values (360,199,10);
insert into formula (craftable_id, resource_id, amount) values (360,405,200);
insert into formula (craftable_id, resource_id, amount) values (360,442,200);
insert into formula (craftable_id, resource_id, amount) values (360,178,100);
insert into craftable (id, category, name, batch, workload, level) values (361,'license','Secrets of Time: Cannoneer',10,2300000,43);
insert into formula (craftable_id, resource_id, amount) values (361,112,1);
insert into formula (craftable_id, resource_id, amount) values (361,314,1);
insert into formula (craftable_id, resource_id, amount) values (361,156,3);
insert into formula (craftable_id, resource_id, amount) values (361,164,1);
insert into craftable (id, category, name, batch, workload, level) values (362,'license','Secrets of Time: Lady Knight',10,2500000,45);
insert into formula (craftable_id, resource_id, amount) values (362,139,1);
insert into formula (craftable_id, resource_id, amount) values (362,312,4);
insert into formula (craftable_id, resource_id, amount) values (362,155,3);
insert into formula (craftable_id, resource_id, amount) values (362,165,1);
insert into craftable (id, category, name, batch, workload, level) values (363,'license','Secrets of Time: Necorpolice',5,3000000,47);
insert into formula (craftable_id, resource_id, amount) values (363,471,3);
insert into formula (craftable_id, resource_id, amount) values (363,314,1);
insert into formula (craftable_id, resource_id, amount) values (363,161,3);
insert into formula (craftable_id, resource_id, amount) values (363,168,1);
insert into craftable (id, category, name, batch, workload, level) values (364,'license','Secrets of Time: Janissary',10,3500000,47);
insert into formula (craftable_id, resource_id, amount) values (364,142,1);
insert into formula (craftable_id, resource_id, amount) values (364,314,2);
insert into formula (craftable_id, resource_id, amount) values (364,156,3);
insert into formula (craftable_id, resource_id, amount) values (364,164,1);
insert into craftable (id, category, name, batch, workload, level) values (365,'license','Secrets of Time: Spartan',1,4000000,48);
insert into formula (craftable_id, resource_id, amount) values (365,145,1);
insert into formula (craftable_id, resource_id, amount) values (365,312,2);
insert into formula (craftable_id, resource_id, amount) values (365,169,3);
insert into formula (craftable_id, resource_id, amount) values (365,170,1);
insert into craftable (id, category, name, batch, workload, level) values (366,'machine','Search Robot VC1',200,210000,1);
insert into formula (craftable_id, resource_id, amount) values (366,385,20);
insert into formula (craftable_id, resource_id, amount) values (366,377,10);
insert into formula (craftable_id, resource_id, amount) values (366,350,1);
insert into formula (craftable_id, resource_id, amount) values (366,392,100);
insert into formula (craftable_id, resource_id, amount) values (366,157,5);
insert into craftable (id, category, name, batch, workload, level) values (367,'machine','Small Catapult',200,520000,20);
insert into formula (craftable_id, resource_id, amount) values (367,385,40);
insert into formula (craftable_id, resource_id, amount) values (367,377,20);
insert into formula (craftable_id, resource_id, amount) values (367,383,2);
insert into formula (craftable_id, resource_id, amount) values (367,350,10);
insert into formula (craftable_id, resource_id, amount) values (367,392,150);
insert into formula (craftable_id, resource_id, amount) values (367,389,200);
insert into formula (craftable_id, resource_id, amount) values (367,157,10);
insert into craftable (id, category, name, batch, workload, level) values (368,'machine','Crude Automaton',5,1830000,20);
insert into formula (craftable_id, resource_id, amount) values (368,472,1);
insert into formula (craftable_id, resource_id, amount) values (368,313,1);
insert into formula (craftable_id, resource_id, amount) values (368,176,300);
insert into formula (craftable_id, resource_id, amount) values (368,4,100);
insert into formula (craftable_id, resource_id, amount) values (368,347,10);
insert into formula (craftable_id, resource_id, amount) values (368,389,150);
insert into formula (craftable_id, resource_id, amount) values (368,375,15);
insert into formula (craftable_id, resource_id, amount) values (368,525,15);
insert into craftable (id, category, name, batch, workload, level) values (369,'machine','Auto Fishing Doll MK-I',5,2220000,25);
insert into formula (craftable_id, resource_id, amount) values (369,475,1);
insert into formula (craftable_id, resource_id, amount) values (369,312,3);
insert into formula (craftable_id, resource_id, amount) values (369,177,100);
insert into formula (craftable_id, resource_id, amount) values (369,518,10);
insert into formula (craftable_id, resource_id, amount) values (369,347,100);
insert into formula (craftable_id, resource_id, amount) values (369,389,150);
insert into formula (craftable_id, resource_id, amount) values (369,375,20);
insert into formula (craftable_id, resource_id, amount) values (369,525,20);
insert into craftable (id, category, name, batch, workload, level) values (370,'machine','Siege Catapult',200,1200000,30);
insert into formula (craftable_id, resource_id, amount) values (370,398,100);
insert into formula (craftable_id, resource_id, amount) values (370,387,50);
insert into formula (craftable_id, resource_id, amount) values (370,381,25);
insert into formula (craftable_id, resource_id, amount) values (370,526,10);
insert into formula (craftable_id, resource_id, amount) values (370,350,20);
insert into formula (craftable_id, resource_id, amount) values (370,163,2);
insert into formula (craftable_id, resource_id, amount) values (370,518,2);
insert into formula (craftable_id, resource_id, amount) values (370,375,20);
insert into formula (craftable_id, resource_id, amount) values (370,525,10);
insert into craftable (id, category, name, batch, workload, level) values (371,'machine','Elaborate Automation',5,3500000,30);
insert into formula (craftable_id, resource_id, amount) values (371,472,1);
insert into formula (craftable_id, resource_id, amount) values (371,313,2);
insert into formula (craftable_id, resource_id, amount) values (371,177,200);
insert into formula (craftable_id, resource_id, amount) values (371,5,50);
insert into formula (craftable_id, resource_id, amount) values (371,347,10);
insert into formula (craftable_id, resource_id, amount) values (371,401,5);
insert into formula (craftable_id, resource_id, amount) values (371,375,30);
insert into formula (craftable_id, resource_id, amount) values (371,525,30);
insert into craftable (id, category, name, batch, workload, level) values (372,'machine','Ballista',200,3020000,30);
insert into formula (craftable_id, resource_id, amount) values (372,384,4);
insert into formula (craftable_id, resource_id, amount) values (372,376,30);
insert into formula (craftable_id, resource_id, amount) values (372,517,10);
insert into formula (craftable_id, resource_id, amount) values (372,309,10);
insert into formula (craftable_id, resource_id, amount) values (372,518,10);
insert into formula (craftable_id, resource_id, amount) values (372,525,100);
insert into craftable (id, category, name, batch, workload, level) values (373,'machine','Auto Fishing Doll MK-II',5,4450000,32);
insert into formula (craftable_id, resource_id, amount) values (373,475,1);
insert into formula (craftable_id, resource_id, amount) values (373,313,6);
insert into formula (craftable_id, resource_id, amount) values (373,178,100);
insert into formula (craftable_id, resource_id, amount) values (373,518,20);
insert into formula (craftable_id, resource_id, amount) values (373,348,10);
insert into formula (craftable_id, resource_id, amount) values (373,401,10);
insert into formula (craftable_id, resource_id, amount) values (373,375,50);
insert into formula (craftable_id, resource_id, amount) values (373,525,50);
insert into craftable (id, category, name, batch, workload, level) values (374,'mana stone','Armor Enhance Stone [Beg]',20,11000,1);
insert into formula (craftable_id, resource_id, amount) values (374,501,5);
insert into formula (craftable_id, resource_id, amount) values (374,519,1);
insert into formula (craftable_id, resource_id, amount) values (374,176,50);
insert into formula (craftable_id, resource_id, amount) values (374,157,1);
insert into formula (craftable_id, resource_id, amount) values (374,521,10);
insert into formula (craftable_id, resource_id, amount) values (374,443,200);
insert into craftable (id, category, name, batch, workload, level) values (375,'mana stone','Weapon Enhance Stone [Beg]',20,15000,10);
insert into formula (craftable_id, resource_id, amount) values (375,493,5);
insert into formula (craftable_id, resource_id, amount) values (375,519,2);
insert into formula (craftable_id, resource_id, amount) values (375,176,100);
insert into formula (craftable_id, resource_id, amount) values (375,157,1);
insert into formula (craftable_id, resource_id, amount) values (375,521,10);
insert into formula (craftable_id, resource_id, amount) values (375,443,200);
insert into craftable (id, category, name, batch, workload, level) values (376,'mana stone','Accessory Enhance Stone [Beg]',20,37000,13);
insert into formula (craftable_id, resource_id, amount) values (376,505,5);
insert into formula (craftable_id, resource_id, amount) values (376,519,4);
insert into formula (craftable_id, resource_id, amount) values (376,176,200);
insert into formula (craftable_id, resource_id, amount) values (376,157,1);
insert into formula (craftable_id, resource_id, amount) values (376,521,10);
insert into formula (craftable_id, resource_id, amount) values (376,443,200);
insert into craftable (id, category, name, batch, workload, level) values (377,'mana stone','Armor Enhance Stone [Int]',10,75000,16);
insert into formula (craftable_id, resource_id, amount) values (377,502,5);
insert into formula (craftable_id, resource_id, amount) values (377,519,10);
insert into formula (craftable_id, resource_id, amount) values (377,177,50);
insert into formula (craftable_id, resource_id, amount) values (377,161,1);
insert into formula (craftable_id, resource_id, amount) values (377,522,10);
insert into formula (craftable_id, resource_id, amount) values (377,444,200);
insert into craftable (id, category, name, batch, workload, level) values (378,'mana stone','Weapon Enhance Stone [Int]',10,100000,19);
insert into formula (craftable_id, resource_id, amount) values (378,494,5);
insert into formula (craftable_id, resource_id, amount) values (378,519,15);
insert into formula (craftable_id, resource_id, amount) values (378,177,100);
insert into formula (craftable_id, resource_id, amount) values (378,161,1);
insert into formula (craftable_id, resource_id, amount) values (378,522,10);
insert into formula (craftable_id, resource_id, amount) values (378,444,200);
insert into craftable (id, category, name, batch, workload, level) values (379,'mana stone','Accessory Enhance Stone [Int]',10,180000,22);
insert into formula (craftable_id, resource_id, amount) values (379,506,5);
insert into formula (craftable_id, resource_id, amount) values (379,519,20);
insert into formula (craftable_id, resource_id, amount) values (379,177,200);
insert into formula (craftable_id, resource_id, amount) values (379,161,1);
insert into formula (craftable_id, resource_id, amount) values (379,522,10);
insert into formula (craftable_id, resource_id, amount) values (379,444,200);
insert into craftable (id, category, name, batch, workload, level) values (380,'mana stone','Armor Enhance Stone [Adv]',10,170000,25);
insert into formula (craftable_id, resource_id, amount) values (380,503,5);
insert into formula (craftable_id, resource_id, amount) values (380,519,30);
insert into formula (craftable_id, resource_id, amount) values (380,178,30);
insert into formula (craftable_id, resource_id, amount) values (380,161,1);
insert into formula (craftable_id, resource_id, amount) values (380,523,10);
insert into formula (craftable_id, resource_id, amount) values (380,445,200);
insert into craftable (id, category, name, batch, workload, level) values (381,'mana stone','Weapon Enhance Stone [Adv]',10,200000,28);
insert into formula (craftable_id, resource_id, amount) values (381,495,5);
insert into formula (craftable_id, resource_id, amount) values (381,519,35);
insert into formula (craftable_id, resource_id, amount) values (381,178,35);
insert into formula (craftable_id, resource_id, amount) values (381,161,1);
insert into formula (craftable_id, resource_id, amount) values (381,523,10);
insert into formula (craftable_id, resource_id, amount) values (381,445,200);
insert into craftable (id, category, name, batch, workload, level) values (382,'mana stone','Accessory Enhance Stone [Adv]',10,350000,31);
insert into formula (craftable_id, resource_id, amount) values (382,507,5);
insert into formula (craftable_id, resource_id, amount) values (382,519,40);
insert into formula (craftable_id, resource_id, amount) values (382,178,70);
insert into formula (craftable_id, resource_id, amount) values (382,161,1);
insert into formula (craftable_id, resource_id, amount) values (382,523,10);
insert into formula (craftable_id, resource_id, amount) values (382,445,200);
insert into craftable (id, category, name, batch, workload, level) values (383,'mana stone','Guardian Stone [Beg]',500,110000,33);
insert into formula (craftable_id, resource_id, amount) values (383,481,1);
insert into formula (craftable_id, resource_id, amount) values (383,520,1);
insert into formula (craftable_id, resource_id, amount) values (383,434,1);
insert into formula (craftable_id, resource_id, amount) values (383,199,1);
insert into craftable (id, category, name, batch, workload, level) values (384,'mana stone','Armor Enhance Stone [Pre]',10,390000,35);
insert into formula (craftable_id, resource_id, amount) values (384,504,5);
insert into formula (craftable_id, resource_id, amount) values (384,519,100);
insert into formula (craftable_id, resource_id, amount) values (384,318,40);
insert into formula (craftable_id, resource_id, amount) values (384,481,2);
insert into craftable (id, category, name, batch, workload, level) values (385,'mana stone','Weapon Enhance Stone [Pre]',10,540000,37);
insert into formula (craftable_id, resource_id, amount) values (385,496,5);
insert into formula (craftable_id, resource_id, amount) values (385,519,100);
insert into formula (craftable_id, resource_id, amount) values (385,318,40);
insert into formula (craftable_id, resource_id, amount) values (385,481,2);
insert into craftable (id, category, name, batch, workload, level) values (386,'mana stone','Accessory Enhance Stone [Pre]',10,700000,39);
insert into formula (craftable_id, resource_id, amount) values (386,508,5);
insert into formula (craftable_id, resource_id, amount) values (386,519,100);
insert into formula (craftable_id, resource_id, amount) values (386,318,40);
insert into formula (craftable_id, resource_id, amount) values (386,481,2);
insert into craftable (id, category, name, batch, workload, level) values (387,'mana stone','Guardian Stone [Int]',500,320000,41);
insert into formula (craftable_id, resource_id, amount) values (387,481,2);
insert into formula (craftable_id, resource_id, amount) values (387,520,2);
insert into formula (craftable_id, resource_id, amount) values (387,435,1);
insert into formula (craftable_id, resource_id, amount) values (387,202,1);
insert into craftable (id, category, name, batch, workload, level) values (388,'medicine','Healing Potion [Low]',10,260,1);
insert into formula (craftable_id, resource_id, amount) values (388,351,10);
insert into formula (craftable_id, resource_id, amount) values (388,353,5);
insert into craftable (id, category, name, batch, workload, level) values (389,'medicine','Antidote [Low]',5,270,3);
insert into formula (craftable_id, resource_id, amount) values (389,354,15);
insert into craftable (id, category, name, batch, workload, level) values (390,'medicine','Life Potion [Low]',10,280,3);
insert into formula (craftable_id, resource_id, amount) values (390,351,7);
insert into formula (craftable_id, resource_id, amount) values (390,353,8);
insert into craftable (id, category, name, batch, workload, level) values (391,'medicine','Mana Potion [Low]',10,300,5);
insert into formula (craftable_id, resource_id, amount) values (391,351,5);
insert into formula (craftable_id, resource_id, amount) values (391,353,10);
insert into craftable (id, category, name, batch, workload, level) values (392,'medicine','Elixir [Beg]',10,1050,6);
insert into formula (craftable_id, resource_id, amount) values (392,319,10);
insert into formula (craftable_id, resource_id, amount) values (392,323,10);
insert into formula (craftable_id, resource_id, amount) values (392,348,1);
insert into craftable (id, category, name, batch, workload, level) values (393,'medicine','Healing Potion [Mid]',10,1750,7);
insert into formula (craftable_id, resource_id, amount) values (393,351,20);
insert into formula (craftable_id, resource_id, amount) values (393,360,15);
insert into formula (craftable_id, resource_id, amount) values (393,356,15);
insert into craftable (id, category, name, batch, workload, level) values (394,'medicine','Antidote [Mid]',5,900,8);
insert into formula (craftable_id, resource_id, amount) values (394,355,10);
insert into formula (craftable_id, resource_id, amount) values (394,356,10);
insert into craftable (id, category, name, batch, workload, level) values (395,'medicine','Mana Potion [Mid]',10,1900,9);
insert into formula (craftable_id, resource_id, amount) values (395,353,20);
insert into formula (craftable_id, resource_id, amount) values (395,361,10);
insert into formula (craftable_id, resource_id, amount) values (395,360,15);
insert into craftable (id, category, name, batch, workload, level) values (396,'medicine','Elixir [Int]',10,6500,10);
insert into formula (craftable_id, resource_id, amount) values (396,320,10);
insert into formula (craftable_id, resource_id, amount) values (396,324,10);
insert into formula (craftable_id, resource_id, amount) values (396,348,5);
insert into craftable (id, category, name, batch, workload, level) values (397,'medicine','Healing Potion [High]',10,3600,12);
insert into formula (craftable_id, resource_id, amount) values (397,356,10);
insert into formula (craftable_id, resource_id, amount) values (397,357,30);
insert into formula (craftable_id, resource_id, amount) values (397,363,20);
insert into craftable (id, category, name, batch, workload, level) values (398,'medicine','Life Potion [Mid]',10,800,13);
insert into formula (craftable_id, resource_id, amount) values (398,351,10);
insert into formula (craftable_id, resource_id, amount) values (398,353,8);
insert into formula (craftable_id, resource_id, amount) values (398,363,4);
insert into craftable (id, category, name, batch, workload, level) values (399,'medicine','Antidote [High]',5,3200,15);
insert into formula (craftable_id, resource_id, amount) values (399,355,15);
insert into formula (craftable_id, resource_id, amount) values (399,358,20);
insert into formula (craftable_id, resource_id, amount) values (399,363,15);
insert into craftable (id, category, name, batch, workload, level) values (400,'medicine','Life Potion [Adv]',10,2300,16);
insert into formula (craftable_id, resource_id, amount) values (400,351,12);
insert into formula (craftable_id, resource_id, amount) values (400,353,8);
insert into formula (craftable_id, resource_id, amount) values (400,363,10);
insert into formula (craftable_id, resource_id, amount) values (400,364,10);
insert into craftable (id, category, name, batch, workload, level) values (401,'medicine','Mana Potion [High]',10,5700,17);
insert into formula (craftable_id, resource_id, amount) values (401,363,15);
insert into formula (craftable_id, resource_id, amount) values (401,367,15);
insert into formula (craftable_id, resource_id, amount) values (401,370,10);
insert into craftable (id, category, name, batch, workload, level) values (402,'medicine','Elixir [Adv]',10,16500,19);
insert into formula (craftable_id, resource_id, amount) values (402,321,10);
insert into formula (craftable_id, resource_id, amount) values (402,325,10);
insert into formula (craftable_id, resource_id, amount) values (402,348,10);
insert into craftable (id, category, name, batch, workload, level) values (403,'medicine','Mysterious Vial: Valor',10,1120000,20);
insert into formula (craftable_id, resource_id, amount) values (403,311,4);
insert into formula (craftable_id, resource_id, amount) values (403,157,5);
insert into formula (craftable_id, resource_id, amount) values (403,340,50);
insert into formula (craftable_id, resource_id, amount) values (403,321,100);
insert into formula (craftable_id, resource_id, amount) values (403,352,200);
insert into formula (craftable_id, resource_id, amount) values (403,359,200);
insert into formula (craftable_id, resource_id, amount) values (403,357,200);
insert into formula (craftable_id, resource_id, amount) values (403,370,100);
insert into craftable (id, category, name, batch, workload, level) values (404,'medicine','Mysterious Vial: Wisdom',10,1430000,25);
insert into formula (craftable_id, resource_id, amount) values (404,311,4);
insert into formula (craftable_id, resource_id, amount) values (404,161,5);
insert into formula (craftable_id, resource_id, amount) values (404,340,50);
insert into formula (craftable_id, resource_id, amount) values (404,325,100);
insert into formula (craftable_id, resource_id, amount) values (404,362,200);
insert into formula (craftable_id, resource_id, amount) values (404,368,200);
insert into formula (craftable_id, resource_id, amount) values (404,355,300);
insert into formula (craftable_id, resource_id, amount) values (404,358,300);
insert into craftable (id, category, name, batch, workload, level) values (405,'medicine','Mysterious Vial: Death',10,2050000,30);
insert into formula (craftable_id, resource_id, amount) values (405,311,4);
insert into formula (craftable_id, resource_id, amount) values (405,163,5);
insert into formula (craftable_id, resource_id, amount) values (405,340,50);
insert into formula (craftable_id, resource_id, amount) values (405,333,100);
insert into formula (craftable_id, resource_id, amount) values (405,366,200);
insert into formula (craftable_id, resource_id, amount) values (405,369,100);
insert into formula (craftable_id, resource_id, amount) values (405,365,200);
insert into formula (craftable_id, resource_id, amount) values (405,354,200);
insert into craftable (id, category, name, batch, workload, level) values (406,'medicine','Antidote [Pre]',200,220000,32);
insert into formula (craftable_id, resource_id, amount) values (406,333,100);
insert into formula (craftable_id, resource_id, amount) values (406,318,20);
insert into formula (craftable_id, resource_id, amount) values (406,481,1);
insert into craftable (id, category, name, batch, workload, level) values (407,'medicine','Healing Potion',100,200500,35);
insert into formula (craftable_id, resource_id, amount) values (407,321,100);
insert into formula (craftable_id, resource_id, amount) values (407,312,1);
insert into formula (craftable_id, resource_id, amount) values (407,371,50);
insert into craftable (id, category, name, batch, workload, level) values (408,'medicine','Mana Potion',200,380000,40);
insert into formula (craftable_id, resource_id, amount) values (408,325,200);
insert into formula (craftable_id, resource_id, amount) values (408,313,1);
insert into formula (craftable_id, resource_id, amount) values (408,372,50);
insert into craftable (id, category, name, batch, workload, level) values (409,'medicine','Elixir [Pre]',10,60000,45);
insert into formula (craftable_id, resource_id, amount) values (409,322,10);
insert into formula (craftable_id, resource_id, amount) values (409,326,10);
insert into formula (craftable_id, resource_id, amount) values (409,348,25);
insert into craftable (id, category, name, batch, workload, level) values (410,'medicine','Life Potion [Pre]',200,450000,50);
insert into formula (craftable_id, resource_id, amount) values (410,314,1);
insert into formula (craftable_id, resource_id, amount) values (410,337,200);
insert into formula (craftable_id, resource_id, amount) values (410,318,20);
insert into formula (craftable_id, resource_id, amount) values (410,481,1);
insert into craftable (id, category, name, batch, workload, level) values (411,'medicine','Growth Potion [Pre]',10,4000000,53);
insert into formula (craftable_id, resource_id, amount) values (411,341,10);
insert into formula (craftable_id, resource_id, amount) values (411,311,5);
insert into formula (craftable_id, resource_id, amount) values (411,318,200);
insert into formula (craftable_id, resource_id, amount) values (411,481,10);
insert into craftable (id, category, name, batch, workload, level) values (412,'orb','Orb of the Spirits',1,500,1);
insert into formula (craftable_id, resource_id, amount) values (412,385,5);
insert into formula (craftable_id, resource_id, amount) values (412,534,4);
insert into craftable (id, category, name, batch, workload, level) values (413,'orb','Red Soul Orb',1,1500,4);
insert into formula (craftable_id, resource_id, amount) values (413,415,2);
insert into formula (craftable_id, resource_id, amount) values (413,407,4);
insert into formula (craftable_id, resource_id, amount) values (413,377,2);
insert into formula (craftable_id, resource_id, amount) values (413,397,4);
insert into formula (craftable_id, resource_id, amount) values (413,176,1);
insert into craftable (id, category, name, batch, workload, level) values (414,'orb','Krishnas Orb',1,2500,8);
insert into formula (craftable_id, resource_id, amount) values (414,533,3);
insert into formula (craftable_id, resource_id, amount) values (414,377,8);
insert into formula (craftable_id, resource_id, amount) values (414,379,2);
insert into formula (craftable_id, resource_id, amount) values (414,385,12);
insert into formula (craftable_id, resource_id, amount) values (414,386,6);
insert into formula (craftable_id, resource_id, amount) values (414,397,4);
insert into formula (craftable_id, resource_id, amount) values (414,416,3);
insert into formula (craftable_id, resource_id, amount) values (414,176,7);
insert into craftable (id, category, name, batch, workload, level) values (415,'orb','Saviors Orb',1,4000,13);
insert into formula (craftable_id, resource_id, amount) values (415,379,10);
insert into formula (craftable_id, resource_id, amount) values (415,386,25);
insert into formula (craftable_id, resource_id, amount) values (415,184,10);
insert into formula (craftable_id, resource_id, amount) values (415,204,12);
insert into formula (craftable_id, resource_id, amount) values (415,397,10);
insert into formula (craftable_id, resource_id, amount) values (415,532,10);
insert into formula (craftable_id, resource_id, amount) values (415,176,20);
insert into formula (craftable_id, resource_id, amount) values (415,177,1);
insert into craftable (id, category, name, batch, workload, level) values (416,'orb','Walachia Orb',1,8500,18);
insert into formula (craftable_id, resource_id, amount) values (416,373,10);
insert into formula (craftable_id, resource_id, amount) values (416,386,20);
insert into formula (craftable_id, resource_id, amount) values (416,393,10);
insert into formula (craftable_id, resource_id, amount) values (416,390,5);
insert into formula (craftable_id, resource_id, amount) values (416,204,10);
insert into formula (craftable_id, resource_id, amount) values (416,407,15);
insert into formula (craftable_id, resource_id, amount) values (416,177,10);
insert into craftable (id, category, name, batch, workload, level) values (417,'orb','Blood Knight Orb',1,10200,21);
insert into formula (craftable_id, resource_id, amount) values (417,373,5);
insert into formula (craftable_id, resource_id, amount) values (417,386,6);
insert into formula (craftable_id, resource_id, amount) values (417,393,5);
insert into formula (craftable_id, resource_id, amount) values (417,390,5);
insert into formula (craftable_id, resource_id, amount) values (417,204,5);
insert into formula (craftable_id, resource_id, amount) values (417,407,6);
insert into formula (craftable_id, resource_id, amount) values (417,177,10);
insert into formula (craftable_id, resource_id, amount) values (417,348,1);
insert into formula (craftable_id, resource_id, amount) values (417,469,1);
insert into formula (craftable_id, resource_id, amount) values (417,466,1);
insert into craftable (id, category, name, batch, workload, level) values (418,'orb','Anu Priest Orb',1,12500,23);
insert into formula (craftable_id, resource_id, amount) values (418,381,2);
insert into formula (craftable_id, resource_id, amount) values (418,445,10);
insert into formula (craftable_id, resource_id, amount) values (418,387,20);
insert into formula (craftable_id, resource_id, amount) values (418,394,10);
insert into formula (craftable_id, resource_id, amount) values (418,399,20);
insert into formula (craftable_id, resource_id, amount) values (418,395,3);
insert into formula (craftable_id, resource_id, amount) values (418,535,20);
insert into formula (craftable_id, resource_id, amount) values (418,177,10);
insert into formula (craftable_id, resource_id, amount) values (418,178,5);
insert into craftable (id, category, name, batch, workload, level) values (419,'orb','Gilgamesh Orb',1,18750,25);
insert into formula (craftable_id, resource_id, amount) values (419,381,3);
insert into formula (craftable_id, resource_id, amount) values (419,387,20);
insert into formula (craftable_id, resource_id, amount) values (419,394,10);
insert into formula (craftable_id, resource_id, amount) values (419,399,20);
insert into formula (craftable_id, resource_id, amount) values (419,397,20);
insert into formula (craftable_id, resource_id, amount) values (419,535,20);
insert into formula (craftable_id, resource_id, amount) values (419,177,10);
insert into formula (craftable_id, resource_id, amount) values (419,178,5);
insert into formula (craftable_id, resource_id, amount) values (419,466,1);
insert into formula (craftable_id, resource_id, amount) values (419,467,1);
insert into formula (craftable_id, resource_id, amount) values (419,469,1);
insert into craftable (id, category, name, batch, workload, level) values (420,'orb','Thoths Orb',1,35000,29);
insert into formula (craftable_id, resource_id, amount) values (420,394,20);
insert into formula (craftable_id, resource_id, amount) values (420,388,20);
insert into formula (craftable_id, resource_id, amount) values (420,445,10);
insert into formula (craftable_id, resource_id, amount) values (420,383,2);
insert into formula (craftable_id, resource_id, amount) values (420,527,20);
insert into formula (craftable_id, resource_id, amount) values (420,399,30);
insert into formula (craftable_id, resource_id, amount) values (420,400,10);
insert into formula (craftable_id, resource_id, amount) values (420,410,10);
insert into formula (craftable_id, resource_id, amount) values (420,396,10);
insert into formula (craftable_id, resource_id, amount) values (420,177,20);
insert into formula (craftable_id, resource_id, amount) values (420,178,10);
insert into craftable (id, category, name, batch, workload, level) values (421,'orb','Ghost Conjuror Orb',1,96250,36);
insert into formula (craftable_id, resource_id, amount) values (421,477,1);
insert into formula (craftable_id, resource_id, amount) values (421,530,10);
insert into formula (craftable_id, resource_id, amount) values (421,373,20);
insert into formula (craftable_id, resource_id, amount) values (421,394,20);
insert into formula (craftable_id, resource_id, amount) values (421,400,20);
insert into formula (craftable_id, resource_id, amount) values (421,412,10);
insert into formula (craftable_id, resource_id, amount) values (421,180,3);
insert into formula (craftable_id, resource_id, amount) values (421,179,3);
insert into formula (craftable_id, resource_id, amount) values (421,417,3);
insert into formula (craftable_id, resource_id, amount) values (421,452,20);
insert into formula (craftable_id, resource_id, amount) values (421,419,20);
insert into formula (craftable_id, resource_id, amount) values (421,420,10);
insert into craftable (id, category, name, batch, workload, level) values (422,'orb','Dragon Breath Orb',1,264700,43);
insert into formula (craftable_id, resource_id, amount) values (422,384,3);
insert into formula (craftable_id, resource_id, amount) values (422,446,20);
insert into formula (craftable_id, resource_id, amount) values (422,530,20);
insert into formula (craftable_id, resource_id, amount) values (422,430,10);
insert into formula (craftable_id, resource_id, amount) values (422,401,100);
insert into formula (craftable_id, resource_id, amount) values (422,413,40);
insert into formula (craftable_id, resource_id, amount) values (422,179,10);
insert into formula (craftable_id, resource_id, amount) values (422,180,8);
insert into formula (craftable_id, resource_id, amount) values (422,417,8);
insert into formula (craftable_id, resource_id, amount) values (422,452,30);
insert into formula (craftable_id, resource_id, amount) values (422,419,20);
insert into formula (craftable_id, resource_id, amount) values (422,420,10);
insert into craftable (id, category, name, batch, workload, level) values (423,'orb','Gold Dragon Orb',1,529400,50);
insert into formula (craftable_id, resource_id, amount) values (423,384,5);
insert into formula (craftable_id, resource_id, amount) values (423,413,50);
insert into formula (craftable_id, resource_id, amount) values (423,431,20);
insert into formula (craftable_id, resource_id, amount) values (423,391,30);
insert into formula (craftable_id, resource_id, amount) values (423,417,20);
insert into formula (craftable_id, resource_id, amount) values (423,180,15);
insert into formula (craftable_id, resource_id, amount) values (423,452,30);
insert into formula (craftable_id, resource_id, amount) values (423,419,20);
insert into formula (craftable_id, resource_id, amount) values (423,420,10);
insert into formula (craftable_id, resource_id, amount) values (423,468,5);
insert into formula (craftable_id, resource_id, amount) values (423,467,2);
insert into formula (craftable_id, resource_id, amount) values (423,466,4);
insert into craftable (id, category, name, batch, workload, level) values (424,'orb','Conquerors Orb',1,1058800,55);
insert into formula (craftable_id, resource_id, amount) values (424,384,10);
insert into formula (craftable_id, resource_id, amount) values (424,446,40);
insert into formula (craftable_id, resource_id, amount) values (424,376,25);
insert into formula (craftable_id, resource_id, amount) values (424,413,50);
insert into formula (craftable_id, resource_id, amount) values (424,431,35);
insert into formula (craftable_id, resource_id, amount) values (424,418,1);
insert into formula (craftable_id, resource_id, amount) values (424,180,10);
insert into formula (craftable_id, resource_id, amount) values (424,181,8);
insert into formula (craftable_id, resource_id, amount) values (424,421,30);
insert into formula (craftable_id, resource_id, amount) values (424,427,50);
insert into formula (craftable_id, resource_id, amount) values (424,476,1);
insert into craftable (id, category, name, batch, workload, level) values (425,'orb','Freezing Orb',1,1270560,60);
insert into formula (craftable_id, resource_id, amount) values (425,418,1);
insert into formula (craftable_id, resource_id, amount) values (425,432,15);
insert into formula (craftable_id, resource_id, amount) values (425,446,100);
insert into formula (craftable_id, resource_id, amount) values (425,181,10);
insert into formula (craftable_id, resource_id, amount) values (425,461,30);
insert into formula (craftable_id, resource_id, amount) values (425,459,10);
insert into formula (craftable_id, resource_id, amount) values (425,413,100);
insert into formula (craftable_id, resource_id, amount) values (425,421,100);
insert into formula (craftable_id, resource_id, amount) values (425,478,20);
insert into formula (craftable_id, resource_id, amount) values (425,479,300);
insert into craftable (id, category, name, batch, workload, level) values (426,'orb','Divine Orb',1,2500000,65);
insert into formula (craftable_id, resource_id, amount) values (426,418,1);
insert into formula (craftable_id, resource_id, amount) values (426,433,2);
insert into formula (craftable_id, resource_id, amount) values (426,432,20);
insert into formula (craftable_id, resource_id, amount) values (426,414,2);
insert into formula (craftable_id, resource_id, amount) values (426,424,2);
insert into formula (craftable_id, resource_id, amount) values (426,520,10);
insert into formula (craftable_id, resource_id, amount) values (426,181,10);
insert into formula (craftable_id, resource_id, amount) values (426,427,40);
insert into formula (craftable_id, resource_id, amount) values (426,428,20);
insert into craftable (id, category, name, batch, workload, level) values (427,'pants','Spirit Greaves',1,250,1);
insert into formula (craftable_id, resource_id, amount) values (427,385,2);
insert into formula (craftable_id, resource_id, amount) values (427,534,1);
insert into formula (craftable_id, resource_id, amount) values (427,183,2);
insert into craftable (id, category, name, batch, workload, level) values (428,'pants','Deep-Sea Greaves',1,1400,4);
insert into formula (craftable_id, resource_id, amount) values (428,415,8);
insert into formula (craftable_id, resource_id, amount) values (428,407,1);
insert into formula (craftable_id, resource_id, amount) values (428,377,4);
insert into formula (craftable_id, resource_id, amount) values (428,184,1);
insert into formula (craftable_id, resource_id, amount) values (428,176,1);
insert into craftable (id, category, name, batch, workload, level) values (429,'pants','Ocean Greaves',1,1400,5);
insert into formula (craftable_id, resource_id, amount) values (429,415,8);
insert into formula (craftable_id, resource_id, amount) values (429,407,1);
insert into formula (craftable_id, resource_id, amount) values (429,377,4);
insert into formula (craftable_id, resource_id, amount) values (429,184,1);
insert into formula (craftable_id, resource_id, amount) values (429,176,1);
insert into craftable (id, category, name, batch, workload, level) values (430,'pants','Ogre Leggengs',1,4600,9);
insert into formula (craftable_id, resource_id, amount) values (430,377,10);
insert into formula (craftable_id, resource_id, amount) values (430,533,4);
insert into formula (craftable_id, resource_id, amount) values (430,385,8);
insert into formula (craftable_id, resource_id, amount) values (430,187,4);
insert into formula (craftable_id, resource_id, amount) values (430,191,5);
insert into formula (craftable_id, resource_id, amount) values (430,203,3);
insert into formula (craftable_id, resource_id, amount) values (430,408,1);
insert into formula (craftable_id, resource_id, amount) values (430,176,3);
insert into craftable (id, category, name, batch, workload, level) values (431,'pants','Rakshasas Greaves',1,4600,10);
insert into formula (craftable_id, resource_id, amount) values (431,377,10);
insert into formula (craftable_id, resource_id, amount) values (431,533,4);
insert into formula (craftable_id, resource_id, amount) values (431,385,8);
insert into formula (craftable_id, resource_id, amount) values (431,187,4);
insert into formula (craftable_id, resource_id, amount) values (431,191,5);
insert into formula (craftable_id, resource_id, amount) values (431,203,3);
insert into formula (craftable_id, resource_id, amount) values (431,408,1);
insert into formula (craftable_id, resource_id, amount) values (431,176,3);
insert into craftable (id, category, name, batch, workload, level) values (432,'pants','Assassins Leggings',1,12700,16);
insert into formula (craftable_id, resource_id, amount) values (432,379,7);
insert into formula (craftable_id, resource_id, amount) values (432,373,3);
insert into formula (craftable_id, resource_id, amount) values (432,386,6);
insert into formula (craftable_id, resource_id, amount) values (432,188,3);
insert into formula (craftable_id, resource_id, amount) values (432,192,4);
insert into formula (craftable_id, resource_id, amount) values (432,204,2);
insert into formula (craftable_id, resource_id, amount) values (432,408,1);
insert into formula (craftable_id, resource_id, amount) values (432,176,20);
insert into formula (craftable_id, resource_id, amount) values (432,177,2);
insert into craftable (id, category, name, batch, workload, level) values (433,'pants','Destroyers Greaves',1,12700,18);
insert into formula (craftable_id, resource_id, amount) values (433,379,7);
insert into formula (craftable_id, resource_id, amount) values (433,373,3);
insert into formula (craftable_id, resource_id, amount) values (433,386,6);
insert into formula (craftable_id, resource_id, amount) values (433,188,3);
insert into formula (craftable_id, resource_id, amount) values (433,192,4);
insert into formula (craftable_id, resource_id, amount) values (433,204,2);
insert into formula (craftable_id, resource_id, amount) values (433,408,1);
insert into formula (craftable_id, resource_id, amount) values (433,176,20);
insert into formula (craftable_id, resource_id, amount) values (433,177,2);
insert into craftable (id, category, name, batch, workload, level) values (434,'pants','Walachia Leggings',1,34900,25);
insert into formula (craftable_id, resource_id, amount) values (434,184,10);
insert into formula (craftable_id, resource_id, amount) values (434,196,5);
insert into formula (craftable_id, resource_id, amount) values (434,373,10);
insert into formula (craftable_id, resource_id, amount) values (434,379,7);
insert into formula (craftable_id, resource_id, amount) values (434,393,15);
insert into formula (craftable_id, resource_id, amount) values (434,390,10);
insert into formula (craftable_id, resource_id, amount) values (434,407,4);
insert into formula (craftable_id, resource_id, amount) values (434,177,4);
insert into craftable (id, category, name, batch, workload, level) values (435,'pants','Walachia Greaves',1,34900,27);
insert into formula (craftable_id, resource_id, amount) values (435,184,10);
insert into formula (craftable_id, resource_id, amount) values (435,196,5);
insert into formula (craftable_id, resource_id, amount) values (435,373,10);
insert into formula (craftable_id, resource_id, amount) values (435,379,7);
insert into formula (craftable_id, resource_id, amount) values (435,393,15);
insert into formula (craftable_id, resource_id, amount) values (435,390,10);
insert into formula (craftable_id, resource_id, amount) values (435,407,4);
insert into formula (craftable_id, resource_id, amount) values (435,177,4);
insert into craftable (id, category, name, batch, workload, level) values (436,'pants','Blood Knight Leggings',1,62800,30);
insert into formula (craftable_id, resource_id, amount) values (436,184,3);
insert into formula (craftable_id, resource_id, amount) values (436,196,2);
insert into formula (craftable_id, resource_id, amount) values (436,373,3);
insert into formula (craftable_id, resource_id, amount) values (436,379,2);
insert into formula (craftable_id, resource_id, amount) values (436,393,5);
insert into formula (craftable_id, resource_id, amount) values (436,390,3);
insert into formula (craftable_id, resource_id, amount) values (436,407,1);
insert into formula (craftable_id, resource_id, amount) values (436,177,20);
insert into formula (craftable_id, resource_id, amount) values (436,348,1);
insert into formula (craftable_id, resource_id, amount) values (436,469,1);
insert into formula (craftable_id, resource_id, amount) values (436,466,1);
insert into craftable (id, category, name, batch, workload, level) values (437,'pants','Blood Knight Greaves',1,62800,32);
insert into formula (craftable_id, resource_id, amount) values (437,184,3);
insert into formula (craftable_id, resource_id, amount) values (437,196,2);
insert into formula (craftable_id, resource_id, amount) values (437,373,3);
insert into formula (craftable_id, resource_id, amount) values (437,379,2);
insert into formula (craftable_id, resource_id, amount) values (437,393,5);
insert into formula (craftable_id, resource_id, amount) values (437,390,3);
insert into formula (craftable_id, resource_id, amount) values (437,407,1);
insert into formula (craftable_id, resource_id, amount) values (437,177,20);
insert into formula (craftable_id, resource_id, amount) values (437,348,1);
insert into formula (craftable_id, resource_id, amount) values (437,469,1);
insert into formula (craftable_id, resource_id, amount) values (437,466,1);
insert into craftable (id, category, name, batch, workload, level) values (438,'pants','Anu Warrior Leggings',1,96000,35);
insert into formula (craftable_id, resource_id, amount) values (438,374,10);
insert into formula (craftable_id, resource_id, amount) values (438,394,7);
insert into formula (craftable_id, resource_id, amount) values (438,387,20);
insert into formula (craftable_id, resource_id, amount) values (438,185,10);
insert into formula (craftable_id, resource_id, amount) values (438,197,10);
insert into formula (craftable_id, resource_id, amount) values (438,445,10);
insert into formula (craftable_id, resource_id, amount) values (438,441,10);
insert into formula (craftable_id, resource_id, amount) values (438,395,2);
insert into formula (craftable_id, resource_id, amount) values (438,177,10);
insert into formula (craftable_id, resource_id, amount) values (438,178,6);
insert into craftable (id, category, name, batch, workload, level) values (439,'pants','Anu Warrior Greaves',1,96000,38);
insert into formula (craftable_id, resource_id, amount) values (439,374,10);
insert into formula (craftable_id, resource_id, amount) values (439,394,7);
insert into formula (craftable_id, resource_id, amount) values (439,387,20);
insert into formula (craftable_id, resource_id, amount) values (439,185,10);
insert into formula (craftable_id, resource_id, amount) values (439,197,10);
insert into formula (craftable_id, resource_id, amount) values (439,445,10);
insert into formula (craftable_id, resource_id, amount) values (439,441,10);
insert into formula (craftable_id, resource_id, amount) values (439,395,2);
insert into formula (craftable_id, resource_id, amount) values (439,177,10);
insert into formula (craftable_id, resource_id, amount) values (439,178,6);
insert into craftable (id, category, name, batch, workload, level) values (440,'pants','Gilgamesh Leggings',1,144000,39);
insert into formula (craftable_id, resource_id, amount) values (440,374,10);
insert into formula (craftable_id, resource_id, amount) values (440,394,7);
insert into formula (craftable_id, resource_id, amount) values (440,387,20);
insert into formula (craftable_id, resource_id, amount) values (440,185,10);
insert into formula (craftable_id, resource_id, amount) values (440,197,10);
insert into formula (craftable_id, resource_id, amount) values (440,441,10);
insert into formula (craftable_id, resource_id, amount) values (440,395,2);
insert into formula (craftable_id, resource_id, amount) values (440,177,10);
insert into formula (craftable_id, resource_id, amount) values (440,178,6);
insert into formula (craftable_id, resource_id, amount) values (440,466,1);
insert into formula (craftable_id, resource_id, amount) values (440,467,1);
insert into formula (craftable_id, resource_id, amount) values (440,469,1);
insert into craftable (id, category, name, batch, workload, level) values (441,'pants','Gilgamesh Greaves',1,144000,40);
insert into formula (craftable_id, resource_id, amount) values (441,374,10);
insert into formula (craftable_id, resource_id, amount) values (441,394,7);
insert into formula (craftable_id, resource_id, amount) values (441,387,20);
insert into formula (craftable_id, resource_id, amount) values (441,185,10);
insert into formula (craftable_id, resource_id, amount) values (441,197,10);
insert into formula (craftable_id, resource_id, amount) values (441,441,10);
insert into formula (craftable_id, resource_id, amount) values (441,395,2);
insert into formula (craftable_id, resource_id, amount) values (441,177,10);
insert into formula (craftable_id, resource_id, amount) values (441,178,6);
insert into formula (craftable_id, resource_id, amount) values (441,466,1);
insert into formula (craftable_id, resource_id, amount) values (441,467,1);
insert into formula (craftable_id, resource_id, amount) values (441,469,1);
insert into craftable (id, category, name, batch, workload, level) values (442,'pants','Amons Leggings',1,264000,42);
insert into formula (craftable_id, resource_id, amount) values (442,394,20);
insert into formula (craftable_id, resource_id, amount) values (442,388,20);
insert into formula (craftable_id, resource_id, amount) values (442,375,30);
insert into formula (craftable_id, resource_id, amount) values (442,400,10);
insert into formula (craftable_id, resource_id, amount) values (442,445,10);
insert into formula (craftable_id, resource_id, amount) values (442,527,20);
insert into formula (craftable_id, resource_id, amount) values (442,199,1);
insert into formula (craftable_id, resource_id, amount) values (442,373,20);
insert into formula (craftable_id, resource_id, amount) values (442,395,5);
insert into formula (craftable_id, resource_id, amount) values (442,416,20);
insert into formula (craftable_id, resource_id, amount) values (442,178,10);
insert into craftable (id, category, name, batch, workload, level) values (443,'pants','Amons Greaves',1,264000,45);
insert into formula (craftable_id, resource_id, amount) values (443,394,20);
insert into formula (craftable_id, resource_id, amount) values (443,388,20);
insert into formula (craftable_id, resource_id, amount) values (443,375,30);
insert into formula (craftable_id, resource_id, amount) values (443,400,10);
insert into formula (craftable_id, resource_id, amount) values (443,445,10);
insert into formula (craftable_id, resource_id, amount) values (443,527,20);
insert into formula (craftable_id, resource_id, amount) values (443,199,1);
insert into formula (craftable_id, resource_id, amount) values (443,373,20);
insert into formula (craftable_id, resource_id, amount) values (443,395,5);
insert into formula (craftable_id, resource_id, amount) values (443,416,20);
insert into formula (craftable_id, resource_id, amount) values (443,178,10);
insert into craftable (id, category, name, batch, workload, level) values (444,'pants','Ghost Gunner Leggings',1,726000,48);
insert into formula (craftable_id, resource_id, amount) values (444,530,15);
insert into formula (craftable_id, resource_id, amount) values (444,199,2);
insert into formula (craftable_id, resource_id, amount) values (444,477,1);
insert into formula (craftable_id, resource_id, amount) values (444,373,10);
insert into formula (craftable_id, resource_id, amount) values (444,394,10);
insert into formula (craftable_id, resource_id, amount) values (444,400,10);
insert into formula (craftable_id, resource_id, amount) values (444,446,20);
insert into formula (craftable_id, resource_id, amount) values (444,180,2);
insert into formula (craftable_id, resource_id, amount) values (444,179,2);
insert into formula (craftable_id, resource_id, amount) values (444,452,30);
insert into formula (craftable_id, resource_id, amount) values (444,419,20);
insert into formula (craftable_id, resource_id, amount) values (444,420,10);
insert into craftable (id, category, name, batch, workload, level) values (445,'pants','Ghost Warrior Greaves',1,726000,51);
insert into formula (craftable_id, resource_id, amount) values (445,530,15);
insert into formula (craftable_id, resource_id, amount) values (445,199,2);
insert into formula (craftable_id, resource_id, amount) values (445,477,1);
insert into formula (craftable_id, resource_id, amount) values (445,373,10);
insert into formula (craftable_id, resource_id, amount) values (445,394,10);
insert into formula (craftable_id, resource_id, amount) values (445,400,10);
insert into formula (craftable_id, resource_id, amount) values (445,446,20);
insert into formula (craftable_id, resource_id, amount) values (445,180,2);
insert into formula (craftable_id, resource_id, amount) values (445,179,2);
insert into formula (craftable_id, resource_id, amount) values (445,452,30);
insert into formula (craftable_id, resource_id, amount) values (445,419,20);
insert into formula (craftable_id, resource_id, amount) values (445,420,10);
insert into craftable (id, category, name, batch, workload, level) values (446,'pants','Dragon Slayer Leggings',1,1996500,54);
insert into formula (craftable_id, resource_id, amount) values (446,530,15);
insert into formula (craftable_id, resource_id, amount) values (446,446,20);
insert into formula (craftable_id, resource_id, amount) values (446,199,5);
insert into formula (craftable_id, resource_id, amount) values (446,430,10);
insert into formula (craftable_id, resource_id, amount) values (446,401,100);
insert into formula (craftable_id, resource_id, amount) values (446,417,8);
insert into formula (craftable_id, resource_id, amount) values (446,413,20);
insert into formula (craftable_id, resource_id, amount) values (446,179,3);
insert into formula (craftable_id, resource_id, amount) values (446,180,10);
insert into formula (craftable_id, resource_id, amount) values (446,452,50);
insert into formula (craftable_id, resource_id, amount) values (446,419,30);
insert into formula (craftable_id, resource_id, amount) values (446,420,20);
insert into craftable (id, category, name, batch, workload, level) values (447,'pants','Dragon Heart Greaves',1,1996500,56);
insert into formula (craftable_id, resource_id, amount) values (447,530,15);
insert into formula (craftable_id, resource_id, amount) values (447,446,20);
insert into formula (craftable_id, resource_id, amount) values (447,199,5);
insert into formula (craftable_id, resource_id, amount) values (447,430,10);
insert into formula (craftable_id, resource_id, amount) values (447,401,100);
insert into formula (craftable_id, resource_id, amount) values (447,417,8);
insert into formula (craftable_id, resource_id, amount) values (447,413,20);
insert into formula (craftable_id, resource_id, amount) values (447,179,3);
insert into formula (craftable_id, resource_id, amount) values (447,180,10);
insert into formula (craftable_id, resource_id, amount) values (447,452,50);
insert into formula (craftable_id, resource_id, amount) values (447,419,30);
insert into formula (craftable_id, resource_id, amount) values (447,420,20);
insert into craftable (id, category, name, batch, workload, level) values (448,'pants','Gold Dragon Leggings',1,3993000,58);
insert into formula (craftable_id, resource_id, amount) values (448,384,10);
insert into formula (craftable_id, resource_id, amount) values (448,413,50);
insert into formula (craftable_id, resource_id, amount) values (448,431,20);
insert into formula (craftable_id, resource_id, amount) values (448,391,20);
insert into formula (craftable_id, resource_id, amount) values (448,417,20);
insert into formula (craftable_id, resource_id, amount) values (448,180,15);
insert into formula (craftable_id, resource_id, amount) values (448,452,30);
insert into formula (craftable_id, resource_id, amount) values (448,419,20);
insert into formula (craftable_id, resource_id, amount) values (448,420,10);
insert into formula (craftable_id, resource_id, amount) values (448,468,5);
insert into formula (craftable_id, resource_id, amount) values (448,467,2);
insert into formula (craftable_id, resource_id, amount) values (448,466,4);
insert into craftable (id, category, name, batch, workload, level) values (449,'pants','Gold Dragon Greaves',1,3993000,60);
insert into formula (craftable_id, resource_id, amount) values (449,384,10);
insert into formula (craftable_id, resource_id, amount) values (449,413,50);
insert into formula (craftable_id, resource_id, amount) values (449,431,20);
insert into formula (craftable_id, resource_id, amount) values (449,391,20);
insert into formula (craftable_id, resource_id, amount) values (449,417,20);
insert into formula (craftable_id, resource_id, amount) values (449,180,15);
insert into formula (craftable_id, resource_id, amount) values (449,452,30);
insert into formula (craftable_id, resource_id, amount) values (449,419,20);
insert into formula (craftable_id, resource_id, amount) values (449,420,10);
insert into formula (craftable_id, resource_id, amount) values (449,468,5);
insert into formula (craftable_id, resource_id, amount) values (449,467,2);
insert into formula (craftable_id, resource_id, amount) values (449,466,4);
insert into craftable (id, category, name, batch, workload, level) values (450,'pants','Conquerors Leggings',1,7986000,62);
insert into formula (craftable_id, resource_id, amount) values (450,199,20);
insert into formula (craftable_id, resource_id, amount) values (450,446,40);
insert into formula (craftable_id, resource_id, amount) values (450,376,20);
insert into formula (craftable_id, resource_id, amount) values (450,413,50);
insert into formula (craftable_id, resource_id, amount) values (450,431,35);
insert into formula (craftable_id, resource_id, amount) values (450,418,1);
insert into formula (craftable_id, resource_id, amount) values (450,180,10);
insert into formula (craftable_id, resource_id, amount) values (450,181,7);
insert into formula (craftable_id, resource_id, amount) values (450,421,30);
insert into formula (craftable_id, resource_id, amount) values (450,426,20);
insert into formula (craftable_id, resource_id, amount) values (450,476,1);
insert into craftable (id, category, name, batch, workload, level) values (451,'pants','Conquerors Greaves',1,7986000,64);
insert into formula (craftable_id, resource_id, amount) values (451,199,20);
insert into formula (craftable_id, resource_id, amount) values (451,446,40);
insert into formula (craftable_id, resource_id, amount) values (451,376,20);
insert into formula (craftable_id, resource_id, amount) values (451,413,50);
insert into formula (craftable_id, resource_id, amount) values (451,431,35);
insert into formula (craftable_id, resource_id, amount) values (451,418,1);
insert into formula (craftable_id, resource_id, amount) values (451,180,10);
insert into formula (craftable_id, resource_id, amount) values (451,181,7);
insert into formula (craftable_id, resource_id, amount) values (451,421,30);
insert into formula (craftable_id, resource_id, amount) values (451,426,20);
insert into formula (craftable_id, resource_id, amount) values (451,476,1);
insert into craftable (id, category, name, batch, workload, level) values (452,'pants','Freezing Pants',1,9583200,66);
insert into formula (craftable_id, resource_id, amount) values (452,199,50);
insert into formula (craftable_id, resource_id, amount) values (452,432,15);
insert into formula (craftable_id, resource_id, amount) values (452,446,100);
insert into formula (craftable_id, resource_id, amount) values (452,181,10);
insert into formula (craftable_id, resource_id, amount) values (452,461,30);
insert into formula (craftable_id, resource_id, amount) values (452,459,10);
insert into formula (craftable_id, resource_id, amount) values (452,413,100);
insert into formula (craftable_id, resource_id, amount) values (452,421,100);
insert into formula (craftable_id, resource_id, amount) values (452,478,20);
insert into formula (craftable_id, resource_id, amount) values (452,479,300);
insert into craftable (id, category, name, batch, workload, level) values (453,'pants','Freezing Greaves',1,9583200,68);
insert into formula (craftable_id, resource_id, amount) values (453,199,50);
insert into formula (craftable_id, resource_id, amount) values (453,432,15);
insert into formula (craftable_id, resource_id, amount) values (453,446,100);
insert into formula (craftable_id, resource_id, amount) values (453,181,10);
insert into formula (craftable_id, resource_id, amount) values (453,461,30);
insert into formula (craftable_id, resource_id, amount) values (453,459,10);
insert into formula (craftable_id, resource_id, amount) values (453,413,100);
insert into formula (craftable_id, resource_id, amount) values (453,421,100);
insert into formula (craftable_id, resource_id, amount) values (453,478,20);
insert into formula (craftable_id, resource_id, amount) values (453,479,300);
insert into craftable (id, category, name, batch, workload, level) values (454,'pants','Divine Pants',1,19000000,70);
insert into formula (craftable_id, resource_id, amount) values (454,202,20);
insert into formula (craftable_id, resource_id, amount) values (454,433,2);
insert into formula (craftable_id, resource_id, amount) values (454,432,20);
insert into formula (craftable_id, resource_id, amount) values (454,414,2);
insert into formula (craftable_id, resource_id, amount) values (454,424,2);
insert into formula (craftable_id, resource_id, amount) values (454,520,10);
insert into formula (craftable_id, resource_id, amount) values (454,181,10);
insert into formula (craftable_id, resource_id, amount) values (454,427,40);
insert into formula (craftable_id, resource_id, amount) values (454,428,20);
insert into craftable (id, category, name, batch, workload, level) values (455,'pants','Divine Greaves',1,19000000,72);
insert into formula (craftable_id, resource_id, amount) values (455,202,20);
insert into formula (craftable_id, resource_id, amount) values (455,433,2);
insert into formula (craftable_id, resource_id, amount) values (455,432,20);
insert into formula (craftable_id, resource_id, amount) values (455,414,2);
insert into formula (craftable_id, resource_id, amount) values (455,424,2);
insert into formula (craftable_id, resource_id, amount) values (455,520,10);
insert into formula (craftable_id, resource_id, amount) values (455,181,10);
insert into formula (craftable_id, resource_id, amount) values (455,427,40);
insert into formula (craftable_id, resource_id, amount) values (455,428,20);
insert into craftable (id, category, name, batch, workload, level) values (456,'rifle','Spirit Rifle',1,450,1);
insert into formula (craftable_id, resource_id, amount) values (456,385,5);
insert into formula (craftable_id, resource_id, amount) values (456,534,4);
insert into craftable (id, category, name, batch, workload, level) values (457,'rifle','Deep-Sea Rifle',1,2800,4);
insert into formula (craftable_id, resource_id, amount) values (457,415,2);
insert into formula (craftable_id, resource_id, amount) values (457,407,4);
insert into formula (craftable_id, resource_id, amount) values (457,377,2);
insert into formula (craftable_id, resource_id, amount) values (457,397,4);
insert into formula (craftable_id, resource_id, amount) values (457,176,3);
insert into craftable (id, category, name, batch, workload, level) values (458,'rifle','Ogre Rifle',1,9200,9);
insert into formula (craftable_id, resource_id, amount) values (458,533,3);
insert into formula (craftable_id, resource_id, amount) values (458,377,8);
insert into formula (craftable_id, resource_id, amount) values (458,379,2);
insert into formula (craftable_id, resource_id, amount) values (458,385,12);
insert into formula (craftable_id, resource_id, amount) values (458,386,6);
insert into formula (craftable_id, resource_id, amount) values (458,397,4);
insert into formula (craftable_id, resource_id, amount) values (458,416,3);
insert into formula (craftable_id, resource_id, amount) values (458,176,15);
insert into craftable (id, category, name, batch, workload, level) values (459,'rifle','Assassins Rifle',1,25300,15);
insert into formula (craftable_id, resource_id, amount) values (459,379,10);
insert into formula (craftable_id, resource_id, amount) values (459,386,25);
insert into formula (craftable_id, resource_id, amount) values (459,184,10);
insert into formula (craftable_id, resource_id, amount) values (459,204,12);
insert into formula (craftable_id, resource_id, amount) values (459,397,10);
insert into formula (craftable_id, resource_id, amount) values (459,532,10);
insert into formula (craftable_id, resource_id, amount) values (459,176,50);
insert into formula (craftable_id, resource_id, amount) values (459,177,5);
insert into craftable (id, category, name, batch, workload, level) values (460,'rifle','Walachia Rifle',1,69600,23);
insert into formula (craftable_id, resource_id, amount) values (460,184,20);
insert into formula (craftable_id, resource_id, amount) values (460,204,20);
insert into formula (craftable_id, resource_id, amount) values (460,379,10);
insert into formula (craftable_id, resource_id, amount) values (460,386,20);
insert into formula (craftable_id, resource_id, amount) values (460,390,5);
insert into formula (craftable_id, resource_id, amount) values (460,393,10);
insert into formula (craftable_id, resource_id, amount) values (460,397,15);
insert into formula (craftable_id, resource_id, amount) values (460,177,10);
insert into craftable (id, category, name, batch, workload, level) values (461,'rifle','Blood Knight Rifle',1,125200,28);
insert into formula (craftable_id, resource_id, amount) values (461,184,6);
insert into formula (craftable_id, resource_id, amount) values (461,204,8);
insert into formula (craftable_id, resource_id, amount) values (461,379,4);
insert into formula (craftable_id, resource_id, amount) values (461,386,8);
insert into formula (craftable_id, resource_id, amount) values (461,390,4);
insert into formula (craftable_id, resource_id, amount) values (461,393,4);
insert into formula (craftable_id, resource_id, amount) values (461,397,5);
insert into formula (craftable_id, resource_id, amount) values (461,176,20);
insert into formula (craftable_id, resource_id, amount) values (461,177,10);
insert into formula (craftable_id, resource_id, amount) values (461,348,1);
insert into formula (craftable_id, resource_id, amount) values (461,469,1);
insert into formula (craftable_id, resource_id, amount) values (461,466,1);
insert into craftable (id, category, name, batch, workload, level) values (462,'rifle','Anu Warrior Rifle',1,191400,32);
insert into formula (craftable_id, resource_id, amount) values (462,381,4);
insert into formula (craftable_id, resource_id, amount) values (462,445,1);
insert into formula (craftable_id, resource_id, amount) values (462,387,20);
insert into formula (craftable_id, resource_id, amount) values (462,394,10);
insert into formula (craftable_id, resource_id, amount) values (462,399,20);
insert into formula (craftable_id, resource_id, amount) values (462,395,3);
insert into formula (craftable_id, resource_id, amount) values (462,535,20);
insert into formula (craftable_id, resource_id, amount) values (462,177,10);
insert into formula (craftable_id, resource_id, amount) values (462,178,5);
insert into craftable (id, category, name, batch, workload, level) values (463,'rifle','Gilgamesh Rifle',1,287100,35);
insert into formula (craftable_id, resource_id, amount) values (463,381,5);
insert into formula (craftable_id, resource_id, amount) values (463,387,20);
insert into formula (craftable_id, resource_id, amount) values (463,394,10);
insert into formula (craftable_id, resource_id, amount) values (463,399,20);
insert into formula (craftable_id, resource_id, amount) values (463,397,20);
insert into formula (craftable_id, resource_id, amount) values (463,535,20);
insert into formula (craftable_id, resource_id, amount) values (463,177,10);
insert into formula (craftable_id, resource_id, amount) values (463,178,5);
insert into formula (craftable_id, resource_id, amount) values (463,466,1);
insert into formula (craftable_id, resource_id, amount) values (463,467,1);
insert into formula (craftable_id, resource_id, amount) values (463,469,1);
insert into craftable (id, category, name, batch, workload, level) values (464,'rifle','Amons Rifle',1,526400,44);
insert into formula (craftable_id, resource_id, amount) values (464,394,20);
insert into formula (craftable_id, resource_id, amount) values (464,388,20);
insert into formula (craftable_id, resource_id, amount) values (464,445,10);
insert into formula (craftable_id, resource_id, amount) values (464,383,2);
insert into formula (craftable_id, resource_id, amount) values (464,527,20);
insert into formula (craftable_id, resource_id, amount) values (464,399,30);
insert into formula (craftable_id, resource_id, amount) values (464,400,15);
insert into formula (craftable_id, resource_id, amount) values (464,410,10);
insert into formula (craftable_id, resource_id, amount) values (464,396,10);
insert into formula (craftable_id, resource_id, amount) values (464,177,20);
insert into formula (craftable_id, resource_id, amount) values (464,178,20);
insert into craftable (id, category, name, batch, workload, level) values (465,'rifle','Ghost Gunner Rifle',1,1447600,50);
insert into formula (craftable_id, resource_id, amount) values (465,477,1);
insert into formula (craftable_id, resource_id, amount) values (465,530,10);
insert into formula (craftable_id, resource_id, amount) values (465,373,20);
insert into formula (craftable_id, resource_id, amount) values (465,394,20);
insert into formula (craftable_id, resource_id, amount) values (465,400,20);
insert into formula (craftable_id, resource_id, amount) values (465,412,10);
insert into formula (craftable_id, resource_id, amount) values (465,180,4);
insert into formula (craftable_id, resource_id, amount) values (465,179,4);
insert into formula (craftable_id, resource_id, amount) values (465,417,4);
insert into formula (craftable_id, resource_id, amount) values (465,452,30);
insert into formula (craftable_id, resource_id, amount) values (465,419,20);
insert into formula (craftable_id, resource_id, amount) values (465,420,10);
insert into craftable (id, category, name, batch, workload, level) values (466,'rifle','Dragon Slayer Rifle',1,3980900,56);
insert into formula (craftable_id, resource_id, amount) values (466,384,4);
insert into formula (craftable_id, resource_id, amount) values (466,446,20);
insert into formula (craftable_id, resource_id, amount) values (466,530,20);
insert into formula (craftable_id, resource_id, amount) values (466,430,10);
insert into formula (craftable_id, resource_id, amount) values (466,401,100);
insert into formula (craftable_id, resource_id, amount) values (466,413,40);
insert into formula (craftable_id, resource_id, amount) values (466,179,10);
insert into formula (craftable_id, resource_id, amount) values (466,180,10);
insert into formula (craftable_id, resource_id, amount) values (466,417,10);
insert into formula (craftable_id, resource_id, amount) values (466,452,30);
insert into formula (craftable_id, resource_id, amount) values (466,419,20);
insert into formula (craftable_id, resource_id, amount) values (466,420,10);
insert into craftable (id, category, name, batch, workload, level) values (467,'rifle','Gold Dragon Rifle',1,7961800,60);
insert into formula (craftable_id, resource_id, amount) values (467,384,10);
insert into formula (craftable_id, resource_id, amount) values (467,413,50);
insert into formula (craftable_id, resource_id, amount) values (467,431,20);
insert into formula (craftable_id, resource_id, amount) values (467,391,30);
insert into formula (craftable_id, resource_id, amount) values (467,417,20);
insert into formula (craftable_id, resource_id, amount) values (467,180,15);
insert into formula (craftable_id, resource_id, amount) values (467,452,30);
insert into formula (craftable_id, resource_id, amount) values (467,419,20);
insert into formula (craftable_id, resource_id, amount) values (467,420,10);
insert into formula (craftable_id, resource_id, amount) values (467,468,5);
insert into formula (craftable_id, resource_id, amount) values (467,467,2);
insert into formula (craftable_id, resource_id, amount) values (467,466,4);
insert into craftable (id, category, name, batch, workload, level) values (468,'rifle','Conquerors Rifle',1,15923600,65);
insert into formula (craftable_id, resource_id, amount) values (468,384,15);
insert into formula (craftable_id, resource_id, amount) values (468,446,40);
insert into formula (craftable_id, resource_id, amount) values (468,376,20);
insert into formula (craftable_id, resource_id, amount) values (468,413,50);
insert into formula (craftable_id, resource_id, amount) values (468,431,40);
insert into formula (craftable_id, resource_id, amount) values (468,418,1);
insert into formula (craftable_id, resource_id, amount) values (468,180,10);
insert into formula (craftable_id, resource_id, amount) values (468,181,10);
insert into formula (craftable_id, resource_id, amount) values (468,421,30);
insert into formula (craftable_id, resource_id, amount) values (468,427,50);
insert into formula (craftable_id, resource_id, amount) values (468,476,1);
insert into craftable (id, category, name, batch, workload, level) values (469,'rifle','Freezing Gun',1,19108320,70);
insert into formula (craftable_id, resource_id, amount) values (469,418,1);
insert into formula (craftable_id, resource_id, amount) values (469,432,15);
insert into formula (craftable_id, resource_id, amount) values (469,446,100);
insert into formula (craftable_id, resource_id, amount) values (469,181,10);
insert into formula (craftable_id, resource_id, amount) values (469,461,30);
insert into formula (craftable_id, resource_id, amount) values (469,459,10);
insert into formula (craftable_id, resource_id, amount) values (469,413,100);
insert into formula (craftable_id, resource_id, amount) values (469,421,100);
insert into formula (craftable_id, resource_id, amount) values (469,478,30);
insert into formula (craftable_id, resource_id, amount) values (469,479,300);
insert into craftable (id, category, name, batch, workload, level) values (470,'rifle','Divine Gun',1,38000000,75);
insert into formula (craftable_id, resource_id, amount) values (470,418,1);
insert into formula (craftable_id, resource_id, amount) values (470,433,2);
insert into formula (craftable_id, resource_id, amount) values (470,432,40);
insert into formula (craftable_id, resource_id, amount) values (470,414,4);
insert into formula (craftable_id, resource_id, amount) values (470,424,2);
insert into formula (craftable_id, resource_id, amount) values (470,520,10);
insert into formula (craftable_id, resource_id, amount) values (470,181,10);
insert into formula (craftable_id, resource_id, amount) values (470,427,60);
insert into formula (craftable_id, resource_id, amount) values (470,428,40);
insert into craftable (id, category, name, batch, workload, level) values (471,'ring','Ring of Strength',1,3500,1);
insert into formula (craftable_id, resource_id, amount) values (471,152,2);
insert into formula (craftable_id, resource_id, amount) values (471,407,22);
insert into formula (craftable_id, resource_id, amount) values (471,377,20);
insert into formula (craftable_id, resource_id, amount) values (471,415,20);
insert into craftable (id, category, name, batch, workload, level) values (472,'ring','Ring of Agility',1,3500,1);
insert into formula (craftable_id, resource_id, amount) values (472,152,2);
insert into formula (craftable_id, resource_id, amount) values (472,407,22);
insert into formula (craftable_id, resource_id, amount) values (472,377,20);
insert into formula (craftable_id, resource_id, amount) values (472,415,20);
insert into craftable (id, category, name, batch, workload, level) values (473,'ring','Ring of Life',1,3500,1);
insert into formula (craftable_id, resource_id, amount) values (473,152,2);
insert into formula (craftable_id, resource_id, amount) values (473,407,22);
insert into formula (craftable_id, resource_id, amount) values (473,377,20);
insert into formula (craftable_id, resource_id, amount) values (473,415,20);
insert into craftable (id, category, name, batch, workload, level) values (474,'ring','Ring of Intelligence',1,3500,1);
insert into formula (craftable_id, resource_id, amount) values (474,152,2);
insert into formula (craftable_id, resource_id, amount) values (474,407,22);
insert into formula (craftable_id, resource_id, amount) values (474,377,20);
insert into formula (craftable_id, resource_id, amount) values (474,415,20);
insert into craftable (id, category, name, batch, workload, level) values (475,'ring','Ring of Dull Swords',1,7800,5);
insert into formula (craftable_id, resource_id, amount) values (475,152,10);
insert into formula (craftable_id, resource_id, amount) values (475,451,20);
insert into formula (craftable_id, resource_id, amount) values (475,407,20);
insert into formula (craftable_id, resource_id, amount) values (475,415,20);
insert into craftable (id, category, name, batch, workload, level) values (476,'ring','Ring of Blunt Spears',1,7800,5);
insert into formula (craftable_id, resource_id, amount) values (476,152,10);
insert into formula (craftable_id, resource_id, amount) values (476,451,20);
insert into formula (craftable_id, resource_id, amount) values (476,407,20);
insert into formula (craftable_id, resource_id, amount) values (476,415,20);
insert into craftable (id, category, name, batch, workload, level) values (477,'ring','Ring of Dull Axes',1,7800,5);
insert into formula (craftable_id, resource_id, amount) values (477,152,10);
insert into formula (craftable_id, resource_id, amount) values (477,451,20);
insert into formula (craftable_id, resource_id, amount) values (477,407,20);
insert into formula (craftable_id, resource_id, amount) values (477,415,20);
insert into craftable (id, category, name, batch, workload, level) values (478,'ring','Ring of Broken Arrows',1,7800,5);
insert into formula (craftable_id, resource_id, amount) values (478,152,10);
insert into formula (craftable_id, resource_id, amount) values (478,451,20);
insert into formula (craftable_id, resource_id, amount) values (478,407,20);
insert into formula (craftable_id, resource_id, amount) values (478,415,20);
insert into craftable (id, category, name, batch, workload, level) values (479,'ring','Ring of Wet Gunpowder',1,7800,5);
insert into formula (craftable_id, resource_id, amount) values (479,152,10);
insert into formula (craftable_id, resource_id, amount) values (479,451,20);
insert into formula (craftable_id, resource_id, amount) values (479,407,20);
insert into formula (craftable_id, resource_id, amount) values (479,415,20);
insert into craftable (id, category, name, batch, workload, level) values (480,'ring','Ring of Empty Cannons',1,7800,5);
insert into formula (craftable_id, resource_id, amount) values (480,152,10);
insert into formula (craftable_id, resource_id, amount) values (480,451,20);
insert into formula (craftable_id, resource_id, amount) values (480,407,20);
insert into formula (craftable_id, resource_id, amount) values (480,415,20);
insert into craftable (id, category, name, batch, workload, level) values (481,'ring','Ring of Null Magic',1,7800,5);
insert into formula (craftable_id, resource_id, amount) values (481,152,10);
insert into formula (craftable_id, resource_id, amount) values (481,451,20);
insert into formula (craftable_id, resource_id, amount) values (481,407,20);
insert into formula (craftable_id, resource_id, amount) values (481,415,20);
insert into craftable (id, category, name, batch, workload, level) values (482,'ring','Ring of Hero',1,48000,10);
insert into formula (craftable_id, resource_id, amount) values (482,152,30);
insert into formula (craftable_id, resource_id, amount) values (482,451,50);
insert into formula (craftable_id, resource_id, amount) values (482,373,40);
insert into formula (craftable_id, resource_id, amount) values (482,407,100);
insert into formula (craftable_id, resource_id, amount) values (482,396,4);
insert into craftable (id, category, name, batch, workload, level) values (483,'ring','Ring of Wind',1,48000,10);
insert into formula (craftable_id, resource_id, amount) values (483,152,30);
insert into formula (craftable_id, resource_id, amount) values (483,451,50);
insert into formula (craftable_id, resource_id, amount) values (483,373,40);
insert into formula (craftable_id, resource_id, amount) values (483,407,100);
insert into formula (craftable_id, resource_id, amount) values (483,396,4);
insert into craftable (id, category, name, batch, workload, level) values (484,'ring','Ring of Phoenix',1,48000,10);
insert into formula (craftable_id, resource_id, amount) values (484,152,30);
insert into formula (craftable_id, resource_id, amount) values (484,451,50);
insert into formula (craftable_id, resource_id, amount) values (484,373,40);
insert into formula (craftable_id, resource_id, amount) values (484,407,100);
insert into formula (craftable_id, resource_id, amount) values (484,396,4);
insert into craftable (id, category, name, batch, workload, level) values (485,'ring','Ring of the Wise Man',1,48000,10);
insert into formula (craftable_id, resource_id, amount) values (485,152,30);
insert into formula (craftable_id, resource_id, amount) values (485,451,50);
insert into formula (craftable_id, resource_id, amount) values (485,373,40);
insert into formula (craftable_id, resource_id, amount) values (485,407,100);
insert into formula (craftable_id, resource_id, amount) values (485,396,4);
insert into craftable (id, category, name, batch, workload, level) values (486,'ring','Ring of the Strong Man',1,350000,25);
insert into formula (craftable_id, resource_id, amount) values (486,162,10);
insert into formula (craftable_id, resource_id, amount) values (486,374,80);
insert into formula (craftable_id, resource_id, amount) values (486,399,30);
insert into formula (craftable_id, resource_id, amount) values (486,396,50);
insert into formula (craftable_id, resource_id, amount) values (486,395,100);
insert into formula (craftable_id, resource_id, amount) values (486,348,10);
insert into craftable (id, category, name, batch, workload, level) values (487,'ring','Ring of Gale',1,350000,25);
insert into formula (craftable_id, resource_id, amount) values (487,162,10);
insert into formula (craftable_id, resource_id, amount) values (487,374,80);
insert into formula (craftable_id, resource_id, amount) values (487,399,30);
insert into formula (craftable_id, resource_id, amount) values (487,396,50);
insert into formula (craftable_id, resource_id, amount) values (487,395,100);
insert into formula (craftable_id, resource_id, amount) values (487,348,10);
insert into craftable (id, category, name, batch, workload, level) values (488,'ring','Ring of Eternity',1,350000,25);
insert into formula (craftable_id, resource_id, amount) values (488,162,10);
insert into formula (craftable_id, resource_id, amount) values (488,374,80);
insert into formula (craftable_id, resource_id, amount) values (488,399,30);
insert into formula (craftable_id, resource_id, amount) values (488,396,50);
insert into formula (craftable_id, resource_id, amount) values (488,395,100);
insert into formula (craftable_id, resource_id, amount) values (488,348,10);
insert into craftable (id, category, name, batch, workload, level) values (489,'ring','Ring of Hermit',1,350000,25);
insert into formula (craftable_id, resource_id, amount) values (489,162,10);
insert into formula (craftable_id, resource_id, amount) values (489,374,80);
insert into formula (craftable_id, resource_id, amount) values (489,399,30);
insert into formula (craftable_id, resource_id, amount) values (489,396,50);
insert into formula (craftable_id, resource_id, amount) values (489,395,100);
insert into formula (craftable_id, resource_id, amount) values (489,348,10);
insert into craftable (id, category, name, batch, workload, level) values (490,'ring','Ring of Destruction',1,100000,30);
insert into formula (craftable_id, resource_id, amount) values (490,161,5);
insert into formula (craftable_id, resource_id, amount) values (490,426,40);
insert into formula (craftable_id, resource_id, amount) values (490,408,100);
insert into formula (craftable_id, resource_id, amount) values (490,400,100);
insert into formula (craftable_id, resource_id, amount) values (490,390,100);
insert into craftable (id, category, name, batch, workload, level) values (491,'ring','Ring of Assassination',1,100000,30);
insert into formula (craftable_id, resource_id, amount) values (491,161,5);
insert into formula (craftable_id, resource_id, amount) values (491,426,40);
insert into formula (craftable_id, resource_id, amount) values (491,408,100);
insert into formula (craftable_id, resource_id, amount) values (491,400,100);
insert into formula (craftable_id, resource_id, amount) values (491,390,100);
insert into craftable (id, category, name, batch, workload, level) values (492,'ring','Ring of Protection',1,100000,30);
insert into formula (craftable_id, resource_id, amount) values (492,161,5);
insert into formula (craftable_id, resource_id, amount) values (492,426,40);
insert into formula (craftable_id, resource_id, amount) values (492,408,100);
insert into formula (craftable_id, resource_id, amount) values (492,400,100);
insert into formula (craftable_id, resource_id, amount) values (492,390,100);
insert into craftable (id, category, name, batch, workload, level) values (493,'ring','Ring of Salvation',1,100000,30);
insert into formula (craftable_id, resource_id, amount) values (493,161,5);
insert into formula (craftable_id, resource_id, amount) values (493,426,40);
insert into formula (craftable_id, resource_id, amount) values (493,408,100);
insert into formula (craftable_id, resource_id, amount) values (493,400,100);
insert into formula (craftable_id, resource_id, amount) values (493,390,100);
insert into craftable (id, category, name, batch, workload, level) values (494,'scroll','Scroll of Dispel [Adv]',40,100000,1);
insert into formula (craftable_id, resource_id, amount) values (494,226,10);
insert into formula (craftable_id, resource_id, amount) values (494,331,50);
insert into formula (craftable_id, resource_id, amount) values (494,199,2);
insert into formula (craftable_id, resource_id, amount) values (494,480,5);
insert into formula (craftable_id, resource_id, amount) values (494,313,1);
insert into formula (craftable_id, resource_id, amount) values (494,462,20);
insert into formula (craftable_id, resource_id, amount) values (494,350,500);
insert into craftable (id, category, name, batch, workload, level) values (495,'scroll','Scroll of Purification [Adv]',40,200000,10);
insert into formula (craftable_id, resource_id, amount) values (495,226,10);
insert into formula (craftable_id, resource_id, amount) values (495,332,200);
insert into formula (craftable_id, resource_id, amount) values (495,199,2);
insert into formula (craftable_id, resource_id, amount) values (495,480,5);
insert into formula (craftable_id, resource_id, amount) values (495,313,1);
insert into formula (craftable_id, resource_id, amount) values (495,463,10);
insert into formula (craftable_id, resource_id, amount) values (495,441,200);
insert into craftable (id, category, name, batch, workload, level) values (496,'scroll','Awakening Scroll [Adv]',40,300000,15);
insert into formula (craftable_id, resource_id, amount) values (496,226,10);
insert into formula (craftable_id, resource_id, amount) values (496,333,70);
insert into formula (craftable_id, resource_id, amount) values (496,199,2);
insert into formula (craftable_id, resource_id, amount) values (496,480,5);
insert into formula (craftable_id, resource_id, amount) values (496,313,1);
insert into formula (craftable_id, resource_id, amount) values (496,464,10);
insert into formula (craftable_id, resource_id, amount) values (496,442,500);
insert into craftable (id, category, name, batch, workload, level) values (497,'scroll','Scroll of Dispel [Pre]',30,400000,20);
insert into formula (craftable_id, resource_id, amount) values (497,228,50);
insert into formula (craftable_id, resource_id, amount) values (497,334,50);
insert into formula (craftable_id, resource_id, amount) values (497,199,4);
insert into formula (craftable_id, resource_id, amount) values (497,480,4);
insert into formula (craftable_id, resource_id, amount) values (497,313,1);
insert into formula (craftable_id, resource_id, amount) values (497,462,10);
insert into formula (craftable_id, resource_id, amount) values (497,350,500);
insert into formula (craftable_id, resource_id, amount) values (497,318,20);
insert into craftable (id, category, name, batch, workload, level) values (498,'scroll','Scroll of Purification [Pre]',30,500000,25);
insert into formula (craftable_id, resource_id, amount) values (498,228,50);
insert into formula (craftable_id, resource_id, amount) values (498,334,50);
insert into formula (craftable_id, resource_id, amount) values (498,199,4);
insert into formula (craftable_id, resource_id, amount) values (498,480,4);
insert into formula (craftable_id, resource_id, amount) values (498,313,1);
insert into formula (craftable_id, resource_id, amount) values (498,463,10);
insert into formula (craftable_id, resource_id, amount) values (498,441,200);
insert into formula (craftable_id, resource_id, amount) values (498,318,20);
insert into craftable (id, category, name, batch, workload, level) values (499,'scroll','Awakening Scroll [Pre]',30,600000,30);
insert into formula (craftable_id, resource_id, amount) values (499,228,50);
insert into formula (craftable_id, resource_id, amount) values (499,334,50);
insert into formula (craftable_id, resource_id, amount) values (499,199,4);
insert into formula (craftable_id, resource_id, amount) values (499,480,4);
insert into formula (craftable_id, resource_id, amount) values (499,313,1);
insert into formula (craftable_id, resource_id, amount) values (499,464,10);
insert into formula (craftable_id, resource_id, amount) values (499,442,500);
insert into formula (craftable_id, resource_id, amount) values (499,318,20);
insert into craftable (id, category, name, batch, workload, level) values (500,'sewing','Common Leather',20,1000,1);
insert into formula (craftable_id, resource_id, amount) values (500,183,50);
insert into formula (craftable_id, resource_id, amount) values (500,349,2);
insert into craftable (id, category, name, batch, workload, level) values (501,'sewing','Common Silk',20,1000,1);
insert into formula (craftable_id, resource_id, amount) values (501,187,50);
insert into formula (craftable_id, resource_id, amount) values (501,350,2);
insert into craftable (id, category, name, batch, workload, level) values (502,'sewing','Common Muslin',20,1000,1);
insert into formula (craftable_id, resource_id, amount) values (502,191,50);
insert into formula (craftable_id, resource_id, amount) values (502,350,2);
insert into craftable (id, category, name, batch, workload, level) values (503,'sewing','Common Fur',20,1000,1);
insert into formula (craftable_id, resource_id, amount) values (503,195,50);
insert into formula (craftable_id, resource_id, amount) values (503,349,2);
insert into craftable (id, category, name, batch, workload, level) values (504,'sewing','Quality Fur',20,4000,10);
insert into formula (craftable_id, resource_id, amount) values (504,196,50);
insert into formula (craftable_id, resource_id, amount) values (504,349,10);
insert into craftable (id, category, name, batch, workload, level) values (505,'sewing','Quality Muslin',20,4000,10);
insert into formula (craftable_id, resource_id, amount) values (505,192,50);
insert into formula (craftable_id, resource_id, amount) values (505,350,10);
insert into craftable (id, category, name, batch, workload, level) values (506,'sewing','Quality Silk',20,4000,10);
insert into formula (craftable_id, resource_id, amount) values (506,188,50);
insert into formula (craftable_id, resource_id, amount) values (506,350,10);
insert into craftable (id, category, name, batch, workload, level) values (507,'sewing','Quality Leather',20,4000,10);
insert into formula (craftable_id, resource_id, amount) values (507,184,50);
insert into formula (craftable_id, resource_id, amount) values (507,349,10);
insert into craftable (id, category, name, batch, workload, level) values (508,'sewing','Perfect Leather',20,14000,15);
insert into formula (craftable_id, resource_id, amount) values (508,185,50);
insert into formula (craftable_id, resource_id, amount) values (508,349,20);
insert into craftable (id, category, name, batch, workload, level) values (509,'sewing','Perfect Silk',20,14000,15);
insert into formula (craftable_id, resource_id, amount) values (509,189,50);
insert into formula (craftable_id, resource_id, amount) values (509,350,20);
insert into craftable (id, category, name, batch, workload, level) values (510,'sewing','Perfect Muslin',20,14000,15);
insert into formula (craftable_id, resource_id, amount) values (510,193,50);
insert into formula (craftable_id, resource_id, amount) values (510,350,20);
insert into craftable (id, category, name, batch, workload, level) values (511,'sewing','Best Fur',20,14000,15);
insert into formula (craftable_id, resource_id, amount) values (511,197,50);
insert into formula (craftable_id, resource_id, amount) values (511,349,20);
insert into craftable (id, category, name, batch, workload, level) values (512,'sewing','Colorful Thread',10,18000,20);
insert into formula (craftable_id, resource_id, amount) values (512,206,5);
insert into formula (craftable_id, resource_id, amount) values (512,205,15);
insert into formula (craftable_id, resource_id, amount) values (512,204,50);
insert into formula (craftable_id, resource_id, amount) values (512,203,150);
insert into formula (craftable_id, resource_id, amount) values (512,389,20);
insert into craftable (id, category, name, batch, workload, level) values (513,'sewing','Colorful Fabric',5,55000,23);
insert into formula (craftable_id, resource_id, amount) values (513,186,10);
insert into formula (craftable_id, resource_id, amount) values (513,190,10);
insert into formula (craftable_id, resource_id, amount) values (513,194,10);
insert into formula (craftable_id, resource_id, amount) values (513,198,10);
insert into formula (craftable_id, resource_id, amount) values (513,207,10);
insert into craftable (id, category, name, batch, workload, level) values (514,'sewing','Gorgeous Colorful Fabric',5,175000,25);
insert into formula (craftable_id, resource_id, amount) values (514,200,10);
insert into formula (craftable_id, resource_id, amount) values (514,201,10);
insert into formula (craftable_id, resource_id, amount) values (514,199,5);
insert into formula (craftable_id, resource_id, amount) values (514,428,10);
insert into craftable (id, category, name, batch, workload, level) values (515,'shield','Spirit Shield',1,750,1);
insert into formula (craftable_id, resource_id, amount) values (515,385,5);
insert into formula (craftable_id, resource_id, amount) values (515,534,4);
insert into craftable (id, category, name, batch, workload, level) values (516,'shield','Ocean Shield',1,2500,4);
insert into formula (craftable_id, resource_id, amount) values (516,415,2);
insert into formula (craftable_id, resource_id, amount) values (516,407,4);
insert into formula (craftable_id, resource_id, amount) values (516,377,2);
insert into formula (craftable_id, resource_id, amount) values (516,397,4);
insert into formula (craftable_id, resource_id, amount) values (516,176,1);
insert into craftable (id, category, name, batch, workload, level) values (517,'shield','Rakshasas Shield',1,4000,8);
insert into formula (craftable_id, resource_id, amount) values (517,533,3);
insert into formula (craftable_id, resource_id, amount) values (517,377,8);
insert into formula (craftable_id, resource_id, amount) values (517,379,2);
insert into formula (craftable_id, resource_id, amount) values (517,385,12);
insert into formula (craftable_id, resource_id, amount) values (517,386,6);
insert into formula (craftable_id, resource_id, amount) values (517,397,4);
insert into formula (craftable_id, resource_id, amount) values (517,416,3);
insert into formula (craftable_id, resource_id, amount) values (517,176,7);
insert into craftable (id, category, name, batch, workload, level) values (518,'shield','Destroyers Shield',1,6000,13);
insert into formula (craftable_id, resource_id, amount) values (518,379,10);
insert into formula (craftable_id, resource_id, amount) values (518,386,20);
insert into formula (craftable_id, resource_id, amount) values (518,184,10);
insert into formula (craftable_id, resource_id, amount) values (518,204,12);
insert into formula (craftable_id, resource_id, amount) values (518,397,10);
insert into formula (craftable_id, resource_id, amount) values (518,532,10);
insert into formula (craftable_id, resource_id, amount) values (518,176,40);
insert into formula (craftable_id, resource_id, amount) values (518,177,2);
insert into craftable (id, category, name, batch, workload, level) values (519,'shield','Walachia Shield',1,12500,18);
insert into formula (craftable_id, resource_id, amount) values (519,373,10);
insert into formula (craftable_id, resource_id, amount) values (519,386,20);
insert into formula (craftable_id, resource_id, amount) values (519,393,10);
insert into formula (craftable_id, resource_id, amount) values (519,390,5);
insert into formula (craftable_id, resource_id, amount) values (519,204,10);
insert into formula (craftable_id, resource_id, amount) values (519,407,15);
insert into formula (craftable_id, resource_id, amount) values (519,177,10);
insert into craftable (id, category, name, batch, workload, level) values (520,'shield','Blood Knight Shield',1,15000,21);
insert into formula (craftable_id, resource_id, amount) values (520,373,5);
insert into formula (craftable_id, resource_id, amount) values (520,386,6);
insert into formula (craftable_id, resource_id, amount) values (520,393,5);
insert into formula (craftable_id, resource_id, amount) values (520,390,5);
insert into formula (craftable_id, resource_id, amount) values (520,204,5);
insert into formula (craftable_id, resource_id, amount) values (520,407,6);
insert into formula (craftable_id, resource_id, amount) values (520,177,10);
insert into formula (craftable_id, resource_id, amount) values (520,348,1);
insert into formula (craftable_id, resource_id, amount) values (520,469,1);
insert into formula (craftable_id, resource_id, amount) values (520,466,1);
insert into craftable (id, category, name, batch, workload, level) values (521,'shield','Anu Warrior Shield',1,17500,23);
insert into formula (craftable_id, resource_id, amount) values (521,381,2);
insert into formula (craftable_id, resource_id, amount) values (521,445,10);
insert into formula (craftable_id, resource_id, amount) values (521,387,20);
insert into formula (craftable_id, resource_id, amount) values (521,394,10);
insert into formula (craftable_id, resource_id, amount) values (521,399,20);
insert into formula (craftable_id, resource_id, amount) values (521,395,3);
insert into formula (craftable_id, resource_id, amount) values (521,535,20);
insert into formula (craftable_id, resource_id, amount) values (521,177,10);
insert into formula (craftable_id, resource_id, amount) values (521,178,5);
insert into craftable (id, category, name, batch, workload, level) values (522,'shield','Gilgamesh Shield',1,26250,25);
insert into formula (craftable_id, resource_id, amount) values (522,381,3);
insert into formula (craftable_id, resource_id, amount) values (522,387,20);
insert into formula (craftable_id, resource_id, amount) values (522,394,10);
insert into formula (craftable_id, resource_id, amount) values (522,399,20);
insert into formula (craftable_id, resource_id, amount) values (522,397,20);
insert into formula (craftable_id, resource_id, amount) values (522,535,20);
insert into formula (craftable_id, resource_id, amount) values (522,177,10);
insert into formula (craftable_id, resource_id, amount) values (522,178,5);
insert into formula (craftable_id, resource_id, amount) values (522,466,1);
insert into formula (craftable_id, resource_id, amount) values (522,467,1);
insert into formula (craftable_id, resource_id, amount) values (522,469,1);
insert into craftable (id, category, name, batch, workload, level) values (523,'shield','Amons Shield',1,50000,29);
insert into formula (craftable_id, resource_id, amount) values (523,394,20);
insert into formula (craftable_id, resource_id, amount) values (523,388,20);
insert into formula (craftable_id, resource_id, amount) values (523,445,10);
insert into formula (craftable_id, resource_id, amount) values (523,383,2);
insert into formula (craftable_id, resource_id, amount) values (523,527,20);
insert into formula (craftable_id, resource_id, amount) values (523,399,30);
insert into formula (craftable_id, resource_id, amount) values (523,400,10);
insert into formula (craftable_id, resource_id, amount) values (523,410,10);
insert into formula (craftable_id, resource_id, amount) values (523,396,10);
insert into formula (craftable_id, resource_id, amount) values (523,177,20);
insert into formula (craftable_id, resource_id, amount) values (523,178,10);
insert into craftable (id, category, name, batch, workload, level) values (524,'shield','Ghost Warrior Shield',1,137500,36);
insert into formula (craftable_id, resource_id, amount) values (524,477,1);
insert into formula (craftable_id, resource_id, amount) values (524,530,10);
insert into formula (craftable_id, resource_id, amount) values (524,373,20);
insert into formula (craftable_id, resource_id, amount) values (524,394,20);
insert into formula (craftable_id, resource_id, amount) values (524,400,20);
insert into formula (craftable_id, resource_id, amount) values (524,412,10);
insert into formula (craftable_id, resource_id, amount) values (524,180,3);
insert into formula (craftable_id, resource_id, amount) values (524,179,3);
insert into formula (craftable_id, resource_id, amount) values (524,417,3);
insert into formula (craftable_id, resource_id, amount) values (524,452,20);
insert into formula (craftable_id, resource_id, amount) values (524,419,20);
insert into formula (craftable_id, resource_id, amount) values (524,420,10);
insert into craftable (id, category, name, batch, workload, level) values (525,'shield','Dragon Heart Shield',1,378100,43);
insert into formula (craftable_id, resource_id, amount) values (525,384,3);
insert into formula (craftable_id, resource_id, amount) values (525,446,20);
insert into formula (craftable_id, resource_id, amount) values (525,530,20);
insert into formula (craftable_id, resource_id, amount) values (525,430,10);
insert into formula (craftable_id, resource_id, amount) values (525,401,100);
insert into formula (craftable_id, resource_id, amount) values (525,413,40);
insert into formula (craftable_id, resource_id, amount) values (525,179,10);
insert into formula (craftable_id, resource_id, amount) values (525,180,8);
insert into formula (craftable_id, resource_id, amount) values (525,417,8);
insert into formula (craftable_id, resource_id, amount) values (525,452,30);
insert into formula (craftable_id, resource_id, amount) values (525,419,20);
insert into formula (craftable_id, resource_id, amount) values (525,420,10);
insert into craftable (id, category, name, batch, workload, level) values (526,'shield','Gold Dragon Shield',1,756200,50);
insert into formula (craftable_id, resource_id, amount) values (526,384,5);
insert into formula (craftable_id, resource_id, amount) values (526,413,50);
insert into formula (craftable_id, resource_id, amount) values (526,431,20);
insert into formula (craftable_id, resource_id, amount) values (526,391,30);
insert into formula (craftable_id, resource_id, amount) values (526,417,20);
insert into formula (craftable_id, resource_id, amount) values (526,180,15);
insert into formula (craftable_id, resource_id, amount) values (526,452,30);
insert into formula (craftable_id, resource_id, amount) values (526,419,20);
insert into formula (craftable_id, resource_id, amount) values (526,420,10);
insert into formula (craftable_id, resource_id, amount) values (526,468,5);
insert into formula (craftable_id, resource_id, amount) values (526,467,2);
insert into formula (craftable_id, resource_id, amount) values (526,466,4);
insert into craftable (id, category, name, batch, workload, level) values (527,'shield','Conquerors Shield',1,1512400,55);
insert into formula (craftable_id, resource_id, amount) values (527,384,10);
insert into formula (craftable_id, resource_id, amount) values (527,446,40);
insert into formula (craftable_id, resource_id, amount) values (527,376,25);
insert into formula (craftable_id, resource_id, amount) values (527,413,50);
insert into formula (craftable_id, resource_id, amount) values (527,431,35);
insert into formula (craftable_id, resource_id, amount) values (527,418,1);
insert into formula (craftable_id, resource_id, amount) values (527,180,10);
insert into formula (craftable_id, resource_id, amount) values (527,181,8);
insert into formula (craftable_id, resource_id, amount) values (527,421,30);
insert into formula (craftable_id, resource_id, amount) values (527,427,50);
insert into formula (craftable_id, resource_id, amount) values (527,476,1);
insert into craftable (id, category, name, batch, workload, level) values (528,'shield','Freezing Shield',1,1814880,60);
insert into formula (craftable_id, resource_id, amount) values (528,418,1);
insert into formula (craftable_id, resource_id, amount) values (528,432,15);
insert into formula (craftable_id, resource_id, amount) values (528,446,100);
insert into formula (craftable_id, resource_id, amount) values (528,181,10);
insert into formula (craftable_id, resource_id, amount) values (528,461,30);
insert into formula (craftable_id, resource_id, amount) values (528,459,10);
insert into formula (craftable_id, resource_id, amount) values (528,413,100);
insert into formula (craftable_id, resource_id, amount) values (528,421,100);
insert into formula (craftable_id, resource_id, amount) values (528,478,20);
insert into formula (craftable_id, resource_id, amount) values (528,479,300);
insert into craftable (id, category, name, batch, workload, level) values (529,'shield','Divine Shield',1,3600000,65);
insert into formula (craftable_id, resource_id, amount) values (529,418,1);
insert into formula (craftable_id, resource_id, amount) values (529,433,2);
insert into formula (craftable_id, resource_id, amount) values (529,432,20);
insert into formula (craftable_id, resource_id, amount) values (529,414,2);
insert into formula (craftable_id, resource_id, amount) values (529,424,2);
insert into formula (craftable_id, resource_id, amount) values (529,520,10);
insert into formula (craftable_id, resource_id, amount) values (529,181,10);
insert into formula (craftable_id, resource_id, amount) values (529,427,40);
insert into formula (craftable_id, resource_id, amount) values (529,428,20);
insert into craftable (id, category, name, batch, workload, level) values (530,'shoes','Spirit Shoes',1,150,1);
insert into formula (craftable_id, resource_id, amount) values (530,385,1);
insert into formula (craftable_id, resource_id, amount) values (530,534,1);
insert into formula (craftable_id, resource_id, amount) values (530,183,1);
insert into craftable (id, category, name, batch, workload, level) values (531,'shoes','Red Soul Boots',1,1000,3);
insert into formula (craftable_id, resource_id, amount) values (531,415,1);
insert into formula (craftable_id, resource_id, amount) values (531,407,1);
insert into formula (craftable_id, resource_id, amount) values (531,377,2);
insert into formula (craftable_id, resource_id, amount) values (531,184,2);
insert into formula (craftable_id, resource_id, amount) values (531,176,1);
insert into craftable (id, category, name, batch, workload, level) values (532,'shoes','Deep-Sea Boots',1,1000,4);
insert into formula (craftable_id, resource_id, amount) values (532,415,1);
insert into formula (craftable_id, resource_id, amount) values (532,407,1);
insert into formula (craftable_id, resource_id, amount) values (532,377,2);
insert into formula (craftable_id, resource_id, amount) values (532,184,2);
insert into formula (craftable_id, resource_id, amount) values (532,176,1);
insert into craftable (id, category, name, batch, workload, level) values (533,'shoes','Ocean Boots',1,1000,5);
insert into formula (craftable_id, resource_id, amount) values (533,415,1);
insert into formula (craftable_id, resource_id, amount) values (533,407,1);
insert into formula (craftable_id, resource_id, amount) values (533,377,2);
insert into formula (craftable_id, resource_id, amount) values (533,184,2);
insert into formula (craftable_id, resource_id, amount) values (533,176,1);
insert into craftable (id, category, name, batch, workload, level) values (534,'shoes','Krishnas Boots',1,3200,8);
insert into formula (craftable_id, resource_id, amount) values (534,377,4);
insert into formula (craftable_id, resource_id, amount) values (534,385,8);
insert into formula (craftable_id, resource_id, amount) values (534,183,5);
insert into formula (craftable_id, resource_id, amount) values (534,195,5);
insert into formula (craftable_id, resource_id, amount) values (534,203,5);
insert into formula (craftable_id, resource_id, amount) values (534,176,2);
insert into craftable (id, category, name, batch, workload, level) values (535,'shoes','Ogre Chain Boots',1,3200,9);
insert into formula (craftable_id, resource_id, amount) values (535,377,4);
insert into formula (craftable_id, resource_id, amount) values (535,385,8);
insert into formula (craftable_id, resource_id, amount) values (535,183,5);
insert into formula (craftable_id, resource_id, amount) values (535,195,5);
insert into formula (craftable_id, resource_id, amount) values (535,203,5);
insert into formula (craftable_id, resource_id, amount) values (535,176,2);
insert into craftable (id, category, name, batch, workload, level) values (536,'shoes','Rakshasas Boots',1,3200,10);
insert into formula (craftable_id, resource_id, amount) values (536,377,4);
insert into formula (craftable_id, resource_id, amount) values (536,385,8);
insert into formula (craftable_id, resource_id, amount) values (536,183,5);
insert into formula (craftable_id, resource_id, amount) values (536,195,5);
insert into formula (craftable_id, resource_id, amount) values (536,203,5);
insert into formula (craftable_id, resource_id, amount) values (536,176,2);
insert into craftable (id, category, name, batch, workload, level) values (537,'shoes','Saviors Shoes',1,8700,14);
insert into formula (craftable_id, resource_id, amount) values (537,379,2);
insert into formula (craftable_id, resource_id, amount) values (537,386,3);
insert into formula (craftable_id, resource_id, amount) values (537,184,3);
insert into formula (craftable_id, resource_id, amount) values (537,196,2);
insert into formula (craftable_id, resource_id, amount) values (537,204,5);
insert into formula (craftable_id, resource_id, amount) values (537,408,3);
insert into formula (craftable_id, resource_id, amount) values (537,176,14);
insert into formula (craftable_id, resource_id, amount) values (537,177,2);
insert into craftable (id, category, name, batch, workload, level) values (538,'shoes','Assassins Chain Boots',1,8700,16);
insert into formula (craftable_id, resource_id, amount) values (538,379,2);
insert into formula (craftable_id, resource_id, amount) values (538,386,3);
insert into formula (craftable_id, resource_id, amount) values (538,184,3);
insert into formula (craftable_id, resource_id, amount) values (538,196,2);
insert into formula (craftable_id, resource_id, amount) values (538,204,5);
insert into formula (craftable_id, resource_id, amount) values (538,408,3);
insert into formula (craftable_id, resource_id, amount) values (538,176,14);
insert into formula (craftable_id, resource_id, amount) values (538,177,2);
insert into craftable (id, category, name, batch, workload, level) values (539,'shoes','Destroyers Boots',1,8700,18);
insert into formula (craftable_id, resource_id, amount) values (539,379,2);
insert into formula (craftable_id, resource_id, amount) values (539,386,3);
insert into formula (craftable_id, resource_id, amount) values (539,184,3);
insert into formula (craftable_id, resource_id, amount) values (539,196,2);
insert into formula (craftable_id, resource_id, amount) values (539,204,5);
insert into formula (craftable_id, resource_id, amount) values (539,408,3);
insert into formula (craftable_id, resource_id, amount) values (539,176,14);
insert into formula (craftable_id, resource_id, amount) values (539,177,2);
insert into craftable (id, category, name, batch, workload, level) values (540,'shoes','Walachia Shoes',1,23900,23);
insert into formula (craftable_id, resource_id, amount) values (540,184,5);
insert into formula (craftable_id, resource_id, amount) values (540,196,5);
insert into formula (craftable_id, resource_id, amount) values (540,373,5);
insert into formula (craftable_id, resource_id, amount) values (540,379,7);
insert into formula (craftable_id, resource_id, amount) values (540,393,10);
insert into formula (craftable_id, resource_id, amount) values (540,390,10);
insert into formula (craftable_id, resource_id, amount) values (540,407,2);
insert into formula (craftable_id, resource_id, amount) values (540,177,2);
insert into craftable (id, category, name, batch, workload, level) values (541,'shoes','Walachia Chain Boots',1,23900,25);
insert into formula (craftable_id, resource_id, amount) values (541,184,5);
insert into formula (craftable_id, resource_id, amount) values (541,196,5);
insert into formula (craftable_id, resource_id, amount) values (541,373,5);
insert into formula (craftable_id, resource_id, amount) values (541,379,7);
insert into formula (craftable_id, resource_id, amount) values (541,393,10);
insert into formula (craftable_id, resource_id, amount) values (541,390,10);
insert into formula (craftable_id, resource_id, amount) values (541,407,2);
insert into formula (craftable_id, resource_id, amount) values (541,177,2);
insert into craftable (id, category, name, batch, workload, level) values (542,'shoes','Walachia Boots',1,23900,27);
insert into formula (craftable_id, resource_id, amount) values (542,184,5);
insert into formula (craftable_id, resource_id, amount) values (542,196,5);
insert into formula (craftable_id, resource_id, amount) values (542,373,5);
insert into formula (craftable_id, resource_id, amount) values (542,379,7);
insert into formula (craftable_id, resource_id, amount) values (542,393,10);
insert into formula (craftable_id, resource_id, amount) values (542,390,10);
insert into formula (craftable_id, resource_id, amount) values (542,407,2);
insert into formula (craftable_id, resource_id, amount) values (542,177,2);
insert into craftable (id, category, name, batch, workload, level) values (543,'shoes','Blood Knight Shoes',1,43000,27);
insert into formula (craftable_id, resource_id, amount) values (543,184,2);
insert into formula (craftable_id, resource_id, amount) values (543,196,2);
insert into formula (craftable_id, resource_id, amount) values (543,373,2);
insert into formula (craftable_id, resource_id, amount) values (543,379,2);
insert into formula (craftable_id, resource_id, amount) values (543,393,3);
insert into formula (craftable_id, resource_id, amount) values (543,390,3);
insert into formula (craftable_id, resource_id, amount) values (543,407,1);
insert into formula (craftable_id, resource_id, amount) values (543,177,15);
insert into formula (craftable_id, resource_id, amount) values (543,348,1);
insert into formula (craftable_id, resource_id, amount) values (543,469,1);
insert into formula (craftable_id, resource_id, amount) values (543,466,1);
insert into craftable (id, category, name, batch, workload, level) values (544,'shoes','Blood Knight Chain Boots',1,43000,30);
insert into formula (craftable_id, resource_id, amount) values (544,184,2);
insert into formula (craftable_id, resource_id, amount) values (544,196,2);
insert into formula (craftable_id, resource_id, amount) values (544,373,2);
insert into formula (craftable_id, resource_id, amount) values (544,379,2);
insert into formula (craftable_id, resource_id, amount) values (544,393,3);
insert into formula (craftable_id, resource_id, amount) values (544,390,3);
insert into formula (craftable_id, resource_id, amount) values (544,407,1);
insert into formula (craftable_id, resource_id, amount) values (544,177,15);
insert into formula (craftable_id, resource_id, amount) values (544,348,1);
insert into formula (craftable_id, resource_id, amount) values (544,469,1);
insert into formula (craftable_id, resource_id, amount) values (544,466,1);
insert into craftable (id, category, name, batch, workload, level) values (545,'shoes','Blood Knight Boots',1,43000,32);
insert into formula (craftable_id, resource_id, amount) values (545,184,2);
insert into formula (craftable_id, resource_id, amount) values (545,196,2);
insert into formula (craftable_id, resource_id, amount) values (545,373,2);
insert into formula (craftable_id, resource_id, amount) values (545,379,2);
insert into formula (craftable_id, resource_id, amount) values (545,393,3);
insert into formula (craftable_id, resource_id, amount) values (545,390,3);
insert into formula (craftable_id, resource_id, amount) values (545,407,1);
insert into formula (craftable_id, resource_id, amount) values (545,177,15);
insert into formula (craftable_id, resource_id, amount) values (545,348,1);
insert into formula (craftable_id, resource_id, amount) values (545,469,1);
insert into formula (craftable_id, resource_id, amount) values (545,466,1);
insert into craftable (id, category, name, batch, workload, level) values (546,'shoes','Anu Priest Shoes',1,65700,32);
insert into formula (craftable_id, resource_id, amount) values (546,374,10);
insert into formula (craftable_id, resource_id, amount) values (546,394,7);
insert into formula (craftable_id, resource_id, amount) values (546,387,20);
insert into formula (craftable_id, resource_id, amount) values (546,185,10);
insert into formula (craftable_id, resource_id, amount) values (546,197,10);
insert into formula (craftable_id, resource_id, amount) values (546,445,10);
insert into formula (craftable_id, resource_id, amount) values (546,441,10);
insert into formula (craftable_id, resource_id, amount) values (546,395,2);
insert into formula (craftable_id, resource_id, amount) values (546,177,10);
insert into formula (craftable_id, resource_id, amount) values (546,178,6);
insert into craftable (id, category, name, batch, workload, level) values (547,'shoes','Anu Warrior Chain Boots',1,65700,35);
insert into formula (craftable_id, resource_id, amount) values (547,374,10);
insert into formula (craftable_id, resource_id, amount) values (547,394,7);
insert into formula (craftable_id, resource_id, amount) values (547,387,20);
insert into formula (craftable_id, resource_id, amount) values (547,185,10);
insert into formula (craftable_id, resource_id, amount) values (547,197,10);
insert into formula (craftable_id, resource_id, amount) values (547,445,10);
insert into formula (craftable_id, resource_id, amount) values (547,441,10);
insert into formula (craftable_id, resource_id, amount) values (547,395,2);
insert into formula (craftable_id, resource_id, amount) values (547,177,10);
insert into formula (craftable_id, resource_id, amount) values (547,178,6);
insert into craftable (id, category, name, batch, workload, level) values (548,'shoes','Anu Warrior Boots',1,65700,38);
insert into formula (craftable_id, resource_id, amount) values (548,374,10);
insert into formula (craftable_id, resource_id, amount) values (548,394,7);
insert into formula (craftable_id, resource_id, amount) values (548,387,20);
insert into formula (craftable_id, resource_id, amount) values (548,185,10);
insert into formula (craftable_id, resource_id, amount) values (548,197,10);
insert into formula (craftable_id, resource_id, amount) values (548,445,10);
insert into formula (craftable_id, resource_id, amount) values (548,441,10);
insert into formula (craftable_id, resource_id, amount) values (548,395,2);
insert into formula (craftable_id, resource_id, amount) values (548,177,10);
insert into formula (craftable_id, resource_id, amount) values (548,178,6);
insert into craftable (id, category, name, batch, workload, level) values (549,'shoes','Gilgamesh Shoes',1,98550,38);
insert into formula (craftable_id, resource_id, amount) values (549,374,10);
insert into formula (craftable_id, resource_id, amount) values (549,394,7);
insert into formula (craftable_id, resource_id, amount) values (549,387,20);
insert into formula (craftable_id, resource_id, amount) values (549,185,10);
insert into formula (craftable_id, resource_id, amount) values (549,197,10);
insert into formula (craftable_id, resource_id, amount) values (549,441,10);
insert into formula (craftable_id, resource_id, amount) values (549,395,2);
insert into formula (craftable_id, resource_id, amount) values (549,177,10);
insert into formula (craftable_id, resource_id, amount) values (549,178,6);
insert into formula (craftable_id, resource_id, amount) values (549,466,1);
insert into formula (craftable_id, resource_id, amount) values (549,467,1);
insert into formula (craftable_id, resource_id, amount) values (549,469,1);
insert into craftable (id, category, name, batch, workload, level) values (550,'shoes','Gilgamesh Chian Boots',1,98550,39);
insert into formula (craftable_id, resource_id, amount) values (550,374,10);
insert into formula (craftable_id, resource_id, amount) values (550,394,7);
insert into formula (craftable_id, resource_id, amount) values (550,387,20);
insert into formula (craftable_id, resource_id, amount) values (550,185,10);
insert into formula (craftable_id, resource_id, amount) values (550,197,10);
insert into formula (craftable_id, resource_id, amount) values (550,441,10);
insert into formula (craftable_id, resource_id, amount) values (550,395,2);
insert into formula (craftable_id, resource_id, amount) values (550,177,10);
insert into formula (craftable_id, resource_id, amount) values (550,178,6);
insert into formula (craftable_id, resource_id, amount) values (550,466,1);
insert into formula (craftable_id, resource_id, amount) values (550,467,1);
insert into formula (craftable_id, resource_id, amount) values (550,469,1);
insert into craftable (id, category, name, batch, workload, level) values (551,'shoes','Gilgamesh Boots',1,98550,40);
insert into formula (craftable_id, resource_id, amount) values (551,374,10);
insert into formula (craftable_id, resource_id, amount) values (551,394,7);
insert into formula (craftable_id, resource_id, amount) values (551,387,20);
insert into formula (craftable_id, resource_id, amount) values (551,185,10);
insert into formula (craftable_id, resource_id, amount) values (551,197,10);
insert into formula (craftable_id, resource_id, amount) values (551,441,10);
insert into formula (craftable_id, resource_id, amount) values (551,395,2);
insert into formula (craftable_id, resource_id, amount) values (551,177,10);
insert into formula (craftable_id, resource_id, amount) values (551,178,6);
insert into formula (craftable_id, resource_id, amount) values (551,466,1);
insert into formula (craftable_id, resource_id, amount) values (551,467,1);
insert into formula (craftable_id, resource_id, amount) values (551,469,1);
insert into craftable (id, category, name, batch, workload, level) values (552,'shoes','Thoths Shoes',1,180700,40);
insert into formula (craftable_id, resource_id, amount) values (552,394,20);
insert into formula (craftable_id, resource_id, amount) values (552,388,20);
insert into formula (craftable_id, resource_id, amount) values (552,375,30);
insert into formula (craftable_id, resource_id, amount) values (552,400,10);
insert into formula (craftable_id, resource_id, amount) values (552,445,10);
insert into formula (craftable_id, resource_id, amount) values (552,527,20);
insert into formula (craftable_id, resource_id, amount) values (552,199,1);
insert into formula (craftable_id, resource_id, amount) values (552,373,20);
insert into formula (craftable_id, resource_id, amount) values (552,395,5);
insert into formula (craftable_id, resource_id, amount) values (552,416,20);
insert into formula (craftable_id, resource_id, amount) values (552,178,10);
insert into craftable (id, category, name, batch, workload, level) values (553,'shoes','Amons Chain Boots',1,180700,42);
insert into formula (craftable_id, resource_id, amount) values (553,394,20);
insert into formula (craftable_id, resource_id, amount) values (553,388,20);
insert into formula (craftable_id, resource_id, amount) values (553,375,30);
insert into formula (craftable_id, resource_id, amount) values (553,400,10);
insert into formula (craftable_id, resource_id, amount) values (553,445,10);
insert into formula (craftable_id, resource_id, amount) values (553,527,20);
insert into formula (craftable_id, resource_id, amount) values (553,199,1);
insert into formula (craftable_id, resource_id, amount) values (553,373,20);
insert into formula (craftable_id, resource_id, amount) values (553,395,5);
insert into formula (craftable_id, resource_id, amount) values (553,416,20);
insert into formula (craftable_id, resource_id, amount) values (553,178,10);
insert into craftable (id, category, name, batch, workload, level) values (554,'shoes','Amons Boots',1,180700,44);
insert into formula (craftable_id, resource_id, amount) values (554,394,20);
insert into formula (craftable_id, resource_id, amount) values (554,388,20);
insert into formula (craftable_id, resource_id, amount) values (554,375,30);
insert into formula (craftable_id, resource_id, amount) values (554,400,10);
insert into formula (craftable_id, resource_id, amount) values (554,445,10);
insert into formula (craftable_id, resource_id, amount) values (554,527,20);
insert into formula (craftable_id, resource_id, amount) values (554,199,1);
insert into formula (craftable_id, resource_id, amount) values (554,373,20);
insert into formula (craftable_id, resource_id, amount) values (554,395,5);
insert into formula (craftable_id, resource_id, amount) values (554,416,20);
insert into formula (craftable_id, resource_id, amount) values (554,178,10);
insert into craftable (id, category, name, batch, workload, level) values (555,'shoes','Ghost Conjuror Boots',1,496925,46);
insert into formula (craftable_id, resource_id, amount) values (555,530,15);
insert into formula (craftable_id, resource_id, amount) values (555,199,2);
insert into formula (craftable_id, resource_id, amount) values (555,477,1);
insert into formula (craftable_id, resource_id, amount) values (555,373,10);
insert into formula (craftable_id, resource_id, amount) values (555,394,10);
insert into formula (craftable_id, resource_id, amount) values (555,400,10);
insert into formula (craftable_id, resource_id, amount) values (555,446,20);
insert into formula (craftable_id, resource_id, amount) values (555,180,2);
insert into formula (craftable_id, resource_id, amount) values (555,179,2);
insert into formula (craftable_id, resource_id, amount) values (555,452,30);
insert into formula (craftable_id, resource_id, amount) values (555,419,20);
insert into formula (craftable_id, resource_id, amount) values (555,420,10);
insert into craftable (id, category, name, batch, workload, level) values (556,'shoes','Ghost Gunner Chain Boots',1,496925,48);
insert into formula (craftable_id, resource_id, amount) values (556,530,15);
insert into formula (craftable_id, resource_id, amount) values (556,199,2);
insert into formula (craftable_id, resource_id, amount) values (556,477,1);
insert into formula (craftable_id, resource_id, amount) values (556,373,10);
insert into formula (craftable_id, resource_id, amount) values (556,394,10);
insert into formula (craftable_id, resource_id, amount) values (556,400,10);
insert into formula (craftable_id, resource_id, amount) values (556,446,20);
insert into formula (craftable_id, resource_id, amount) values (556,180,2);
insert into formula (craftable_id, resource_id, amount) values (556,179,2);
insert into formula (craftable_id, resource_id, amount) values (556,452,30);
insert into formula (craftable_id, resource_id, amount) values (556,419,20);
insert into formula (craftable_id, resource_id, amount) values (556,420,10);
insert into craftable (id, category, name, batch, workload, level) values (557,'shoes','Ghost Warrior Boots',1,496925,50);
insert into formula (craftable_id, resource_id, amount) values (557,530,15);
insert into formula (craftable_id, resource_id, amount) values (557,199,2);
insert into formula (craftable_id, resource_id, amount) values (557,477,1);
insert into formula (craftable_id, resource_id, amount) values (557,373,10);
insert into formula (craftable_id, resource_id, amount) values (557,394,10);
insert into formula (craftable_id, resource_id, amount) values (557,400,10);
insert into formula (craftable_id, resource_id, amount) values (557,446,20);
insert into formula (craftable_id, resource_id, amount) values (557,180,2);
insert into formula (craftable_id, resource_id, amount) values (557,179,2);
insert into formula (craftable_id, resource_id, amount) values (557,452,30);
insert into formula (craftable_id, resource_id, amount) values (557,419,20);
insert into formula (craftable_id, resource_id, amount) values (557,420,10);
insert into craftable (id, category, name, batch, workload, level) values (558,'shoes','Dragon Breath Shoes',1,1366500,52);
insert into formula (craftable_id, resource_id, amount) values (558,530,15);
insert into formula (craftable_id, resource_id, amount) values (558,446,20);
insert into formula (craftable_id, resource_id, amount) values (558,199,5);
insert into formula (craftable_id, resource_id, amount) values (558,430,10);
insert into formula (craftable_id, resource_id, amount) values (558,401,100);
insert into formula (craftable_id, resource_id, amount) values (558,417,8);
insert into formula (craftable_id, resource_id, amount) values (558,413,20);
insert into formula (craftable_id, resource_id, amount) values (558,179,3);
insert into formula (craftable_id, resource_id, amount) values (558,180,10);
insert into formula (craftable_id, resource_id, amount) values (558,452,50);
insert into formula (craftable_id, resource_id, amount) values (558,419,30);
insert into formula (craftable_id, resource_id, amount) values (558,420,20);
insert into craftable (id, category, name, batch, workload, level) values (559,'shoes','Dragon Slayer Chain Boots',1,1366500,54);
insert into formula (craftable_id, resource_id, amount) values (559,530,15);
insert into formula (craftable_id, resource_id, amount) values (559,446,20);
insert into formula (craftable_id, resource_id, amount) values (559,199,5);
insert into formula (craftable_id, resource_id, amount) values (559,430,10);
insert into formula (craftable_id, resource_id, amount) values (559,401,100);
insert into formula (craftable_id, resource_id, amount) values (559,417,8);
insert into formula (craftable_id, resource_id, amount) values (559,413,20);
insert into formula (craftable_id, resource_id, amount) values (559,179,3);
insert into formula (craftable_id, resource_id, amount) values (559,180,10);
insert into formula (craftable_id, resource_id, amount) values (559,452,50);
insert into formula (craftable_id, resource_id, amount) values (559,419,30);
insert into formula (craftable_id, resource_id, amount) values (559,420,20);
insert into craftable (id, category, name, batch, workload, level) values (560,'shoes','Dragon Heart Boots',1,1366500,56);
insert into formula (craftable_id, resource_id, amount) values (560,530,15);
insert into formula (craftable_id, resource_id, amount) values (560,446,20);
insert into formula (craftable_id, resource_id, amount) values (560,199,5);
insert into formula (craftable_id, resource_id, amount) values (560,430,10);
insert into formula (craftable_id, resource_id, amount) values (560,401,100);
insert into formula (craftable_id, resource_id, amount) values (560,417,8);
insert into formula (craftable_id, resource_id, amount) values (560,413,20);
insert into formula (craftable_id, resource_id, amount) values (560,179,3);
insert into formula (craftable_id, resource_id, amount) values (560,180,10);
insert into formula (craftable_id, resource_id, amount) values (560,452,50);
insert into formula (craftable_id, resource_id, amount) values (560,419,30);
insert into formula (craftable_id, resource_id, amount) values (560,420,20);
insert into craftable (id, category, name, batch, workload, level) values (561,'shoes','Gold Dragon Shoes',1,2733000,58);
insert into formula (craftable_id, resource_id, amount) values (561,384,10);
insert into formula (craftable_id, resource_id, amount) values (561,413,50);
insert into formula (craftable_id, resource_id, amount) values (561,431,20);
insert into formula (craftable_id, resource_id, amount) values (561,391,20);
insert into formula (craftable_id, resource_id, amount) values (561,417,20);
insert into formula (craftable_id, resource_id, amount) values (561,180,15);
insert into formula (craftable_id, resource_id, amount) values (561,452,30);
insert into formula (craftable_id, resource_id, amount) values (561,419,20);
insert into formula (craftable_id, resource_id, amount) values (561,468,5);
insert into formula (craftable_id, resource_id, amount) values (561,467,2);
insert into formula (craftable_id, resource_id, amount) values (561,466,4);
insert into craftable (id, category, name, batch, workload, level) values (562,'shoes','Gold Dragon Chain Boots',1,2733000,60);
insert into formula (craftable_id, resource_id, amount) values (562,384,10);
insert into formula (craftable_id, resource_id, amount) values (562,413,50);
insert into formula (craftable_id, resource_id, amount) values (562,431,20);
insert into formula (craftable_id, resource_id, amount) values (562,391,20);
insert into formula (craftable_id, resource_id, amount) values (562,417,20);
insert into formula (craftable_id, resource_id, amount) values (562,180,15);
insert into formula (craftable_id, resource_id, amount) values (562,452,30);
insert into formula (craftable_id, resource_id, amount) values (562,419,20);
insert into formula (craftable_id, resource_id, amount) values (562,468,5);
insert into formula (craftable_id, resource_id, amount) values (562,467,2);
insert into formula (craftable_id, resource_id, amount) values (562,466,4);
insert into craftable (id, category, name, batch, workload, level) values (563,'shoes','Gold Dragon Boots',1,2733000,62);
insert into formula (craftable_id, resource_id, amount) values (563,384,10);
insert into formula (craftable_id, resource_id, amount) values (563,413,50);
insert into formula (craftable_id, resource_id, amount) values (563,431,20);
insert into formula (craftable_id, resource_id, amount) values (563,391,20);
insert into formula (craftable_id, resource_id, amount) values (563,417,20);
insert into formula (craftable_id, resource_id, amount) values (563,180,15);
insert into formula (craftable_id, resource_id, amount) values (563,452,30);
insert into formula (craftable_id, resource_id, amount) values (563,419,20);
insert into formula (craftable_id, resource_id, amount) values (563,468,5);
insert into formula (craftable_id, resource_id, amount) values (563,467,2);
insert into formula (craftable_id, resource_id, amount) values (563,466,4);
insert into craftable (id, category, name, batch, workload, level) values (564,'shoes','Conquerors Shoes',1,5466000,64);
insert into formula (craftable_id, resource_id, amount) values (564,199,20);
insert into formula (craftable_id, resource_id, amount) values (564,446,40);
insert into formula (craftable_id, resource_id, amount) values (564,376,20);
insert into formula (craftable_id, resource_id, amount) values (564,413,50);
insert into formula (craftable_id, resource_id, amount) values (564,431,35);
insert into formula (craftable_id, resource_id, amount) values (564,418,1);
insert into formula (craftable_id, resource_id, amount) values (564,180,10);
insert into formula (craftable_id, resource_id, amount) values (564,181,7);
insert into formula (craftable_id, resource_id, amount) values (564,421,30);
insert into formula (craftable_id, resource_id, amount) values (564,426,20);
insert into formula (craftable_id, resource_id, amount) values (564,476,1);
insert into craftable (id, category, name, batch, workload, level) values (565,'shoes','Conquerors Chain Boots',1,5466000,66);
insert into formula (craftable_id, resource_id, amount) values (565,199,20);
insert into formula (craftable_id, resource_id, amount) values (565,446,40);
insert into formula (craftable_id, resource_id, amount) values (565,376,20);
insert into formula (craftable_id, resource_id, amount) values (565,413,50);
insert into formula (craftable_id, resource_id, amount) values (565,431,35);
insert into formula (craftable_id, resource_id, amount) values (565,418,1);
insert into formula (craftable_id, resource_id, amount) values (565,180,10);
insert into formula (craftable_id, resource_id, amount) values (565,181,7);
insert into formula (craftable_id, resource_id, amount) values (565,421,30);
insert into formula (craftable_id, resource_id, amount) values (565,426,20);
insert into formula (craftable_id, resource_id, amount) values (565,476,1);
insert into craftable (id, category, name, batch, workload, level) values (566,'shoes','Conquerors Boots',1,5466000,68);
insert into formula (craftable_id, resource_id, amount) values (566,199,20);
insert into formula (craftable_id, resource_id, amount) values (566,446,40);
insert into formula (craftable_id, resource_id, amount) values (566,376,20);
insert into formula (craftable_id, resource_id, amount) values (566,413,50);
insert into formula (craftable_id, resource_id, amount) values (566,431,35);
insert into formula (craftable_id, resource_id, amount) values (566,418,1);
insert into formula (craftable_id, resource_id, amount) values (566,180,10);
insert into formula (craftable_id, resource_id, amount) values (566,181,7);
insert into formula (craftable_id, resource_id, amount) values (566,421,30);
insert into formula (craftable_id, resource_id, amount) values (566,426,20);
insert into formula (craftable_id, resource_id, amount) values (566,476,1);
insert into craftable (id, category, name, batch, workload, level) values (567,'shoes','Freezing Chain Boots',1,6559200,72);
insert into formula (craftable_id, resource_id, amount) values (567,199,50);
insert into formula (craftable_id, resource_id, amount) values (567,432,15);
insert into formula (craftable_id, resource_id, amount) values (567,446,100);
insert into formula (craftable_id, resource_id, amount) values (567,181,10);
insert into formula (craftable_id, resource_id, amount) values (567,461,30);
insert into formula (craftable_id, resource_id, amount) values (567,459,10);
insert into formula (craftable_id, resource_id, amount) values (567,413,100);
insert into formula (craftable_id, resource_id, amount) values (567,421,100);
insert into formula (craftable_id, resource_id, amount) values (567,478,20);
insert into formula (craftable_id, resource_id, amount) values (567,479,300);
insert into craftable (id, category, name, batch, workload, level) values (568,'shoes','Freezing Shoes',1,6559200,74);
insert into formula (craftable_id, resource_id, amount) values (568,199,50);
insert into formula (craftable_id, resource_id, amount) values (568,432,15);
insert into formula (craftable_id, resource_id, amount) values (568,446,100);
insert into formula (craftable_id, resource_id, amount) values (568,181,10);
insert into formula (craftable_id, resource_id, amount) values (568,461,30);
insert into formula (craftable_id, resource_id, amount) values (568,459,10);
insert into formula (craftable_id, resource_id, amount) values (568,413,100);
insert into formula (craftable_id, resource_id, amount) values (568,421,100);
insert into formula (craftable_id, resource_id, amount) values (568,478,20);
insert into formula (craftable_id, resource_id, amount) values (568,479,300);
insert into craftable (id, category, name, batch, workload, level) values (569,'shoes','Freezing Boots',1,6559200,74);
insert into formula (craftable_id, resource_id, amount) values (569,199,50);
insert into formula (craftable_id, resource_id, amount) values (569,432,15);
insert into formula (craftable_id, resource_id, amount) values (569,446,100);
insert into formula (craftable_id, resource_id, amount) values (569,181,10);
insert into formula (craftable_id, resource_id, amount) values (569,461,30);
insert into formula (craftable_id, resource_id, amount) values (569,459,10);
insert into formula (craftable_id, resource_id, amount) values (569,413,100);
insert into formula (craftable_id, resource_id, amount) values (569,421,100);
insert into formula (craftable_id, resource_id, amount) values (569,478,20);
insert into formula (craftable_id, resource_id, amount) values (569,479,300);
insert into craftable (id, category, name, batch, workload, level) values (570,'shoes','Divine Shoes',1,13000000,76);
insert into formula (craftable_id, resource_id, amount) values (570,202,20);
insert into formula (craftable_id, resource_id, amount) values (570,433,2);
insert into formula (craftable_id, resource_id, amount) values (570,432,20);
insert into formula (craftable_id, resource_id, amount) values (570,414,2);
insert into formula (craftable_id, resource_id, amount) values (570,424,2);
insert into formula (craftable_id, resource_id, amount) values (570,520,10);
insert into formula (craftable_id, resource_id, amount) values (570,181,10);
insert into formula (craftable_id, resource_id, amount) values (570,427,40);
insert into formula (craftable_id, resource_id, amount) values (570,428,20);
insert into craftable (id, category, name, batch, workload, level) values (571,'shoes','Divine Chain Boots',1,13000000,78);
insert into formula (craftable_id, resource_id, amount) values (571,202,20);
insert into formula (craftable_id, resource_id, amount) values (571,433,2);
insert into formula (craftable_id, resource_id, amount) values (571,432,20);
insert into formula (craftable_id, resource_id, amount) values (571,414,2);
insert into formula (craftable_id, resource_id, amount) values (571,424,2);
insert into formula (craftable_id, resource_id, amount) values (571,520,10);
insert into formula (craftable_id, resource_id, amount) values (571,181,10);
insert into formula (craftable_id, resource_id, amount) values (571,427,40);
insert into formula (craftable_id, resource_id, amount) values (571,428,20);
insert into craftable (id, category, name, batch, workload, level) values (572,'shoes','Divine Boots',1,13000000,80);
insert into formula (craftable_id, resource_id, amount) values (572,202,20);
insert into formula (craftable_id, resource_id, amount) values (572,433,2);
insert into formula (craftable_id, resource_id, amount) values (572,432,20);
insert into formula (craftable_id, resource_id, amount) values (572,414,2);
insert into formula (craftable_id, resource_id, amount) values (572,424,2);
insert into formula (craftable_id, resource_id, amount) values (572,520,10);
insert into formula (craftable_id, resource_id, amount) values (572,181,10);
insert into formula (craftable_id, resource_id, amount) values (572,427,40);
insert into formula (craftable_id, resource_id, amount) values (572,428,20);
insert into craftable (id, category, name, batch, workload, level) values (573,'spear','Spirit Spear',1,450,1);
insert into formula (craftable_id, resource_id, amount) values (573,385,5);
insert into formula (craftable_id, resource_id, amount) values (573,534,4);
insert into craftable (id, category, name, batch, workload, level) values (574,'spear','Ocean Spear',1,2800,4);
insert into formula (craftable_id, resource_id, amount) values (574,415,2);
insert into formula (craftable_id, resource_id, amount) values (574,407,4);
insert into formula (craftable_id, resource_id, amount) values (574,377,2);
insert into formula (craftable_id, resource_id, amount) values (574,397,4);
insert into formula (craftable_id, resource_id, amount) values (574,176,3);
insert into craftable (id, category, name, batch, workload, level) values (575,'spear','Rakshasa Spear',1,9200,9);
insert into formula (craftable_id, resource_id, amount) values (575,533,3);
insert into formula (craftable_id, resource_id, amount) values (575,377,8);
insert into formula (craftable_id, resource_id, amount) values (575,379,2);
insert into formula (craftable_id, resource_id, amount) values (575,385,12);
insert into formula (craftable_id, resource_id, amount) values (575,386,6);
insert into formula (craftable_id, resource_id, amount) values (575,397,4);
insert into formula (craftable_id, resource_id, amount) values (575,416,3);
insert into formula (craftable_id, resource_id, amount) values (575,176,15);
insert into craftable (id, category, name, batch, workload, level) values (576,'spear','Destroyers Spear',1,25300,15);
insert into formula (craftable_id, resource_id, amount) values (576,379,10);
insert into formula (craftable_id, resource_id, amount) values (576,386,25);
insert into formula (craftable_id, resource_id, amount) values (576,184,10);
insert into formula (craftable_id, resource_id, amount) values (576,204,12);
insert into formula (craftable_id, resource_id, amount) values (576,397,10);
insert into formula (craftable_id, resource_id, amount) values (576,532,10);
insert into formula (craftable_id, resource_id, amount) values (576,176,50);
insert into formula (craftable_id, resource_id, amount) values (576,177,5);
insert into craftable (id, category, name, batch, workload, level) values (577,'spear','Walachia Spear',1,69600,23);
insert into formula (craftable_id, resource_id, amount) values (577,184,20);
insert into formula (craftable_id, resource_id, amount) values (577,204,20);
insert into formula (craftable_id, resource_id, amount) values (577,379,10);
insert into formula (craftable_id, resource_id, amount) values (577,386,20);
insert into formula (craftable_id, resource_id, amount) values (577,390,5);
insert into formula (craftable_id, resource_id, amount) values (577,393,10);
insert into formula (craftable_id, resource_id, amount) values (577,397,15);
insert into formula (craftable_id, resource_id, amount) values (577,177,10);
insert into craftable (id, category, name, batch, workload, level) values (578,'spear','Blood knight Spear',1,125200,28);
insert into formula (craftable_id, resource_id, amount) values (578,184,6);
insert into formula (craftable_id, resource_id, amount) values (578,204,8);
insert into formula (craftable_id, resource_id, amount) values (578,379,4);
insert into formula (craftable_id, resource_id, amount) values (578,386,8);
insert into formula (craftable_id, resource_id, amount) values (578,390,4);
insert into formula (craftable_id, resource_id, amount) values (578,393,4);
insert into formula (craftable_id, resource_id, amount) values (578,397,5);
insert into formula (craftable_id, resource_id, amount) values (578,176,20);
insert into formula (craftable_id, resource_id, amount) values (578,177,10);
insert into formula (craftable_id, resource_id, amount) values (578,348,1);
insert into formula (craftable_id, resource_id, amount) values (578,469,1);
insert into formula (craftable_id, resource_id, amount) values (578,466,1);
insert into craftable (id, category, name, batch, workload, level) values (579,'spear','Anu Warrior Spear',1,191400,32);
insert into formula (craftable_id, resource_id, amount) values (579,381,4);
insert into formula (craftable_id, resource_id, amount) values (579,445,1);
insert into formula (craftable_id, resource_id, amount) values (579,387,20);
insert into formula (craftable_id, resource_id, amount) values (579,394,10);
insert into formula (craftable_id, resource_id, amount) values (579,399,20);
insert into formula (craftable_id, resource_id, amount) values (579,395,3);
insert into formula (craftable_id, resource_id, amount) values (579,535,20);
insert into formula (craftable_id, resource_id, amount) values (579,177,10);
insert into formula (craftable_id, resource_id, amount) values (579,178,5);
insert into craftable (id, category, name, batch, workload, level) values (580,'spear','Gilgamesh Spear',1,287100,35);
insert into formula (craftable_id, resource_id, amount) values (580,381,5);
insert into formula (craftable_id, resource_id, amount) values (580,387,20);
insert into formula (craftable_id, resource_id, amount) values (580,394,10);
insert into formula (craftable_id, resource_id, amount) values (580,399,20);
insert into formula (craftable_id, resource_id, amount) values (580,397,20);
insert into formula (craftable_id, resource_id, amount) values (580,535,20);
insert into formula (craftable_id, resource_id, amount) values (580,177,10);
insert into formula (craftable_id, resource_id, amount) values (580,178,5);
insert into formula (craftable_id, resource_id, amount) values (580,466,1);
insert into formula (craftable_id, resource_id, amount) values (580,467,1);
insert into formula (craftable_id, resource_id, amount) values (580,469,1);
insert into craftable (id, category, name, batch, workload, level) values (581,'spear','Amons Spear',1,526400,44);
insert into formula (craftable_id, resource_id, amount) values (581,394,20);
insert into formula (craftable_id, resource_id, amount) values (581,388,20);
insert into formula (craftable_id, resource_id, amount) values (581,445,10);
insert into formula (craftable_id, resource_id, amount) values (581,383,2);
insert into formula (craftable_id, resource_id, amount) values (581,527,20);
insert into formula (craftable_id, resource_id, amount) values (581,399,30);
insert into formula (craftable_id, resource_id, amount) values (581,400,15);
insert into formula (craftable_id, resource_id, amount) values (581,410,10);
insert into formula (craftable_id, resource_id, amount) values (581,396,10);
insert into formula (craftable_id, resource_id, amount) values (581,177,20);
insert into formula (craftable_id, resource_id, amount) values (581,178,20);
insert into craftable (id, category, name, batch, workload, level) values (582,'spear','Ghost Warrior Lance',1,1447600,50);
insert into formula (craftable_id, resource_id, amount) values (582,477,1);
insert into formula (craftable_id, resource_id, amount) values (582,530,10);
insert into formula (craftable_id, resource_id, amount) values (582,373,20);
insert into formula (craftable_id, resource_id, amount) values (582,394,20);
insert into formula (craftable_id, resource_id, amount) values (582,400,20);
insert into formula (craftable_id, resource_id, amount) values (582,412,10);
insert into formula (craftable_id, resource_id, amount) values (582,180,4);
insert into formula (craftable_id, resource_id, amount) values (582,179,4);
insert into formula (craftable_id, resource_id, amount) values (582,417,4);
insert into formula (craftable_id, resource_id, amount) values (582,452,30);
insert into formula (craftable_id, resource_id, amount) values (582,419,20);
insert into formula (craftable_id, resource_id, amount) values (582,420,10);
insert into craftable (id, category, name, batch, workload, level) values (583,'spear','Dragon Heart Lance',1,3980900,56);
insert into formula (craftable_id, resource_id, amount) values (583,384,4);
insert into formula (craftable_id, resource_id, amount) values (583,446,20);
insert into formula (craftable_id, resource_id, amount) values (583,530,20);
insert into formula (craftable_id, resource_id, amount) values (583,430,10);
insert into formula (craftable_id, resource_id, amount) values (583,401,100);
insert into formula (craftable_id, resource_id, amount) values (583,413,40);
insert into formula (craftable_id, resource_id, amount) values (583,179,10);
insert into formula (craftable_id, resource_id, amount) values (583,180,10);
insert into formula (craftable_id, resource_id, amount) values (583,417,10);
insert into formula (craftable_id, resource_id, amount) values (583,452,30);
insert into formula (craftable_id, resource_id, amount) values (583,419,20);
insert into formula (craftable_id, resource_id, amount) values (583,420,10);
insert into craftable (id, category, name, batch, workload, level) values (584,'spear','Gold Dragon Lance',1,7961800,60);
insert into formula (craftable_id, resource_id, amount) values (584,384,10);
insert into formula (craftable_id, resource_id, amount) values (584,413,50);
insert into formula (craftable_id, resource_id, amount) values (584,431,20);
insert into formula (craftable_id, resource_id, amount) values (584,391,30);
insert into formula (craftable_id, resource_id, amount) values (584,417,20);
insert into formula (craftable_id, resource_id, amount) values (584,180,15);
insert into formula (craftable_id, resource_id, amount) values (584,452,30);
insert into formula (craftable_id, resource_id, amount) values (584,419,20);
insert into formula (craftable_id, resource_id, amount) values (584,420,10);
insert into formula (craftable_id, resource_id, amount) values (584,468,5);
insert into formula (craftable_id, resource_id, amount) values (584,467,2);
insert into formula (craftable_id, resource_id, amount) values (584,466,4);
insert into craftable (id, category, name, batch, workload, level) values (585,'spear','Conquerors Lance',1,15923600,65);
insert into formula (craftable_id, resource_id, amount) values (585,384,15);
insert into formula (craftable_id, resource_id, amount) values (585,446,40);
insert into formula (craftable_id, resource_id, amount) values (585,376,20);
insert into formula (craftable_id, resource_id, amount) values (585,413,50);
insert into formula (craftable_id, resource_id, amount) values (585,431,40);
insert into formula (craftable_id, resource_id, amount) values (585,418,1);
insert into formula (craftable_id, resource_id, amount) values (585,180,10);
insert into formula (craftable_id, resource_id, amount) values (585,181,10);
insert into formula (craftable_id, resource_id, amount) values (585,421,30);
insert into formula (craftable_id, resource_id, amount) values (585,427,50);
insert into formula (craftable_id, resource_id, amount) values (585,476,1);
insert into craftable (id, category, name, batch, workload, level) values (586,'spear','Freezing Lance',1,19108320,70);
insert into formula (craftable_id, resource_id, amount) values (586,418,1);
insert into formula (craftable_id, resource_id, amount) values (586,432,15);
insert into formula (craftable_id, resource_id, amount) values (586,446,100);
insert into formula (craftable_id, resource_id, amount) values (586,181,10);
insert into formula (craftable_id, resource_id, amount) values (586,461,30);
insert into formula (craftable_id, resource_id, amount) values (586,459,10);
insert into formula (craftable_id, resource_id, amount) values (586,413,100);
insert into formula (craftable_id, resource_id, amount) values (586,421,100);
insert into formula (craftable_id, resource_id, amount) values (586,478,30);
insert into formula (craftable_id, resource_id, amount) values (586,479,300);
insert into craftable (id, category, name, batch, workload, level) values (587,'spear','Divine Spear',1,38000000,75);
insert into formula (craftable_id, resource_id, amount) values (587,418,1);
insert into formula (craftable_id, resource_id, amount) values (587,433,2);
insert into formula (craftable_id, resource_id, amount) values (587,432,40);
insert into formula (craftable_id, resource_id, amount) values (587,414,4);
insert into formula (craftable_id, resource_id, amount) values (587,424,2);
insert into formula (craftable_id, resource_id, amount) values (587,520,10);
insert into formula (craftable_id, resource_id, amount) values (587,181,10);
insert into formula (craftable_id, resource_id, amount) values (587,427,60);
insert into formula (craftable_id, resource_id, amount) values (587,428,40);
insert into craftable (id, category, name, batch, workload, level) values (588,'staff','Spirit Staff',1,450,1);
insert into formula (craftable_id, resource_id, amount) values (588,385,5);
insert into formula (craftable_id, resource_id, amount) values (588,534,4);
insert into craftable (id, category, name, batch, workload, level) values (589,'staff','Red Soul Staff',1,2800,4);
insert into formula (craftable_id, resource_id, amount) values (589,415,2);
insert into formula (craftable_id, resource_id, amount) values (589,407,4);
insert into formula (craftable_id, resource_id, amount) values (589,377,2);
insert into formula (craftable_id, resource_id, amount) values (589,397,4);
insert into formula (craftable_id, resource_id, amount) values (589,176,3);
insert into craftable (id, category, name, batch, workload, level) values (590,'staff','Krishnas Staff',1,9200,9);
insert into formula (craftable_id, resource_id, amount) values (590,533,3);
insert into formula (craftable_id, resource_id, amount) values (590,377,8);
insert into formula (craftable_id, resource_id, amount) values (590,379,2);
insert into formula (craftable_id, resource_id, amount) values (590,385,12);
insert into formula (craftable_id, resource_id, amount) values (590,386,6);
insert into formula (craftable_id, resource_id, amount) values (590,397,4);
insert into formula (craftable_id, resource_id, amount) values (590,416,3);
insert into formula (craftable_id, resource_id, amount) values (590,176,15);
insert into craftable (id, category, name, batch, workload, level) values (591,'staff','Saviors Staff',1,25300,15);
insert into formula (craftable_id, resource_id, amount) values (591,379,10);
insert into formula (craftable_id, resource_id, amount) values (591,386,25);
insert into formula (craftable_id, resource_id, amount) values (591,184,10);
insert into formula (craftable_id, resource_id, amount) values (591,204,12);
insert into formula (craftable_id, resource_id, amount) values (591,397,10);
insert into formula (craftable_id, resource_id, amount) values (591,532,10);
insert into formula (craftable_id, resource_id, amount) values (591,176,50);
insert into formula (craftable_id, resource_id, amount) values (591,177,5);
insert into craftable (id, category, name, batch, workload, level) values (592,'staff','Walachia Staff',1,69600,23);
insert into formula (craftable_id, resource_id, amount) values (592,184,20);
insert into formula (craftable_id, resource_id, amount) values (592,204,20);
insert into formula (craftable_id, resource_id, amount) values (592,379,10);
insert into formula (craftable_id, resource_id, amount) values (592,386,20);
insert into formula (craftable_id, resource_id, amount) values (592,390,5);
insert into formula (craftable_id, resource_id, amount) values (592,393,10);
insert into formula (craftable_id, resource_id, amount) values (592,397,15);
insert into formula (craftable_id, resource_id, amount) values (592,177,10);
insert into craftable (id, category, name, batch, workload, level) values (593,'staff','Blood Knight Staff',1,125200,28);
insert into formula (craftable_id, resource_id, amount) values (593,184,6);
insert into formula (craftable_id, resource_id, amount) values (593,204,8);
insert into formula (craftable_id, resource_id, amount) values (593,379,4);
insert into formula (craftable_id, resource_id, amount) values (593,386,8);
insert into formula (craftable_id, resource_id, amount) values (593,390,4);
insert into formula (craftable_id, resource_id, amount) values (593,393,4);
insert into formula (craftable_id, resource_id, amount) values (593,397,5);
insert into formula (craftable_id, resource_id, amount) values (593,176,20);
insert into formula (craftable_id, resource_id, amount) values (593,177,10);
insert into formula (craftable_id, resource_id, amount) values (593,348,1);
insert into formula (craftable_id, resource_id, amount) values (593,469,1);
insert into formula (craftable_id, resource_id, amount) values (593,466,1);
insert into craftable (id, category, name, batch, workload, level) values (594,'staff','Anu Priest Staff',1,191400,32);
insert into formula (craftable_id, resource_id, amount) values (594,381,4);
insert into formula (craftable_id, resource_id, amount) values (594,445,1);
insert into formula (craftable_id, resource_id, amount) values (594,387,20);
insert into formula (craftable_id, resource_id, amount) values (594,394,10);
insert into formula (craftable_id, resource_id, amount) values (594,399,20);
insert into formula (craftable_id, resource_id, amount) values (594,395,3);
insert into formula (craftable_id, resource_id, amount) values (594,535,20);
insert into formula (craftable_id, resource_id, amount) values (594,177,10);
insert into formula (craftable_id, resource_id, amount) values (594,178,5);
insert into craftable (id, category, name, batch, workload, level) values (595,'staff','Gilgamesh Staff',1,287100,35);
insert into formula (craftable_id, resource_id, amount) values (595,381,5);
insert into formula (craftable_id, resource_id, amount) values (595,387,20);
insert into formula (craftable_id, resource_id, amount) values (595,394,10);
insert into formula (craftable_id, resource_id, amount) values (595,399,20);
insert into formula (craftable_id, resource_id, amount) values (595,397,20);
insert into formula (craftable_id, resource_id, amount) values (595,535,20);
insert into formula (craftable_id, resource_id, amount) values (595,177,10);
insert into formula (craftable_id, resource_id, amount) values (595,178,5);
insert into formula (craftable_id, resource_id, amount) values (595,466,1);
insert into formula (craftable_id, resource_id, amount) values (595,467,1);
insert into formula (craftable_id, resource_id, amount) values (595,469,1);
insert into craftable (id, category, name, batch, workload, level) values (596,'staff','Thoths Staff',1,526400,44);
insert into formula (craftable_id, resource_id, amount) values (596,394,20);
insert into formula (craftable_id, resource_id, amount) values (596,388,20);
insert into formula (craftable_id, resource_id, amount) values (596,445,10);
insert into formula (craftable_id, resource_id, amount) values (596,383,2);
insert into formula (craftable_id, resource_id, amount) values (596,527,20);
insert into formula (craftable_id, resource_id, amount) values (596,399,30);
insert into formula (craftable_id, resource_id, amount) values (596,400,15);
insert into formula (craftable_id, resource_id, amount) values (596,410,10);
insert into formula (craftable_id, resource_id, amount) values (596,396,10);
insert into formula (craftable_id, resource_id, amount) values (596,177,20);
insert into formula (craftable_id, resource_id, amount) values (596,178,20);
insert into craftable (id, category, name, batch, workload, level) values (597,'staff','Ghost Conjuror Staff',1,1447600,50);
insert into formula (craftable_id, resource_id, amount) values (597,477,1);
insert into formula (craftable_id, resource_id, amount) values (597,530,10);
insert into formula (craftable_id, resource_id, amount) values (597,373,20);
insert into formula (craftable_id, resource_id, amount) values (597,394,20);
insert into formula (craftable_id, resource_id, amount) values (597,400,20);
insert into formula (craftable_id, resource_id, amount) values (597,412,10);
insert into formula (craftable_id, resource_id, amount) values (597,180,4);
insert into formula (craftable_id, resource_id, amount) values (597,179,4);
insert into formula (craftable_id, resource_id, amount) values (597,417,4);
insert into formula (craftable_id, resource_id, amount) values (597,452,30);
insert into formula (craftable_id, resource_id, amount) values (597,419,20);
insert into formula (craftable_id, resource_id, amount) values (597,420,10);
insert into craftable (id, category, name, batch, workload, level) values (598,'staff','Dragon Breath Staff',1,3980900,56);
insert into formula (craftable_id, resource_id, amount) values (598,384,4);
insert into formula (craftable_id, resource_id, amount) values (598,446,20);
insert into formula (craftable_id, resource_id, amount) values (598,530,20);
insert into formula (craftable_id, resource_id, amount) values (598,430,10);
insert into formula (craftable_id, resource_id, amount) values (598,401,100);
insert into formula (craftable_id, resource_id, amount) values (598,413,40);
insert into formula (craftable_id, resource_id, amount) values (598,179,10);
insert into formula (craftable_id, resource_id, amount) values (598,180,10);
insert into formula (craftable_id, resource_id, amount) values (598,417,10);
insert into formula (craftable_id, resource_id, amount) values (598,452,30);
insert into formula (craftable_id, resource_id, amount) values (598,419,20);
insert into formula (craftable_id, resource_id, amount) values (598,420,10);
insert into craftable (id, category, name, batch, workload, level) values (599,'staff','Gold Dragon Staff',1,7961800,60);
insert into formula (craftable_id, resource_id, amount) values (599,384,10);
insert into formula (craftable_id, resource_id, amount) values (599,413,50);
insert into formula (craftable_id, resource_id, amount) values (599,431,20);
insert into formula (craftable_id, resource_id, amount) values (599,391,30);
insert into formula (craftable_id, resource_id, amount) values (599,417,20);
insert into formula (craftable_id, resource_id, amount) values (599,180,15);
insert into formula (craftable_id, resource_id, amount) values (599,452,30);
insert into formula (craftable_id, resource_id, amount) values (599,419,20);
insert into formula (craftable_id, resource_id, amount) values (599,420,10);
insert into formula (craftable_id, resource_id, amount) values (599,468,5);
insert into formula (craftable_id, resource_id, amount) values (599,467,2);
insert into formula (craftable_id, resource_id, amount) values (599,466,4);
insert into craftable (id, category, name, batch, workload, level) values (600,'staff','Conquerors Staff',1,15923600,65);
insert into formula (craftable_id, resource_id, amount) values (600,384,15);
insert into formula (craftable_id, resource_id, amount) values (600,446,40);
insert into formula (craftable_id, resource_id, amount) values (600,376,20);
insert into formula (craftable_id, resource_id, amount) values (600,413,50);
insert into formula (craftable_id, resource_id, amount) values (600,431,40);
insert into formula (craftable_id, resource_id, amount) values (600,418,1);
insert into formula (craftable_id, resource_id, amount) values (600,180,10);
insert into formula (craftable_id, resource_id, amount) values (600,181,10);
insert into formula (craftable_id, resource_id, amount) values (600,421,30);
insert into formula (craftable_id, resource_id, amount) values (600,427,50);
insert into formula (craftable_id, resource_id, amount) values (600,476,1);
insert into craftable (id, category, name, batch, workload, level) values (601,'staff','Freezing Staff',1,19108320,70);
insert into formula (craftable_id, resource_id, amount) values (601,418,1);
insert into formula (craftable_id, resource_id, amount) values (601,432,15);
insert into formula (craftable_id, resource_id, amount) values (601,446,100);
insert into formula (craftable_id, resource_id, amount) values (601,181,10);
insert into formula (craftable_id, resource_id, amount) values (601,461,30);
insert into formula (craftable_id, resource_id, amount) values (601,459,10);
insert into formula (craftable_id, resource_id, amount) values (601,413,100);
insert into formula (craftable_id, resource_id, amount) values (601,421,100);
insert into formula (craftable_id, resource_id, amount) values (601,478,30);
insert into formula (craftable_id, resource_id, amount) values (601,479,300);
insert into craftable (id, category, name, batch, workload, level) values (602,'staff','Divine Staff',1,38000000,75);
insert into formula (craftable_id, resource_id, amount) values (602,418,1);
insert into formula (craftable_id, resource_id, amount) values (602,433,2);
insert into formula (craftable_id, resource_id, amount) values (602,432,40);
insert into formula (craftable_id, resource_id, amount) values (602,414,4);
insert into formula (craftable_id, resource_id, amount) values (602,424,2);
insert into formula (craftable_id, resource_id, amount) values (602,520,10);
insert into formula (craftable_id, resource_id, amount) values (602,181,10);
insert into formula (craftable_id, resource_id, amount) values (602,427,60);
insert into formula (craftable_id, resource_id, amount) values (602,428,40);
insert into craftable (id, category, name, batch, workload, level) values (603,'stationary','Papyrus',10,12100,1);
insert into formula (craftable_id, resource_id, amount) values (603,398,100);
insert into formula (craftable_id, resource_id, amount) values (603,528,100);
insert into formula (craftable_id, resource_id, amount) values (603,183,100);
insert into craftable (id, category, name, batch, workload, level) values (604,'stationary','Fusian',5,25200,10);
insert into formula (craftable_id, resource_id, amount) values (604,533,50);
insert into formula (craftable_id, resource_id, amount) values (604,529,50);
insert into formula (craftable_id, resource_id, amount) values (604,373,25);
insert into craftable (id, category, name, batch, workload, level) values (605,'stationary','Small Ink Bottle',20,12670,13);
insert into formula (craftable_id, resource_id, amount) values (605,375,3);
insert into formula (craftable_id, resource_id, amount) values (605,373,10);
insert into formula (craftable_id, resource_id, amount) values (605,404,10);
insert into craftable (id, category, name, batch, workload, level) values (606,'stationary','Chinese Paper',10,24000,15);
insert into formula (craftable_id, resource_id, amount) values (606,361,25);
insert into formula (craftable_id, resource_id, amount) values (606,187,100);
insert into formula (craftable_id, resource_id, amount) values (606,203,50);
insert into formula (craftable_id, resource_id, amount) values (606,226,10);
insert into craftable (id, category, name, batch, workload, level) values (607,'stationary','Brush',5,70500,20);
insert into formula (craftable_id, resource_id, amount) values (607,531,50);
insert into formula (craftable_id, resource_id, amount) values (607,204,10);
insert into formula (craftable_id, resource_id, amount) values (607,188,50);
insert into formula (craftable_id, resource_id, amount) values (607,246,10);
insert into craftable (id, category, name, batch, workload, level) values (608,'stationary','Quality Ink Bottle',20,29550,23);
insert into formula (craftable_id, resource_id, amount) values (608,227,20);
insert into formula (craftable_id, resource_id, amount) values (608,441,5);
insert into formula (craftable_id, resource_id, amount) values (608,354,50);
insert into craftable (id, category, name, batch, workload, level) values (609,'stationary','Parchment',10,96000,25);
insert into formula (craftable_id, resource_id, amount) values (609,527,20);
insert into formula (craftable_id, resource_id, amount) values (609,189,100);
insert into formula (craftable_id, resource_id, amount) values (609,205,10);
insert into formula (craftable_id, resource_id, amount) values (609,228,10);
insert into craftable (id, category, name, batch, workload, level) values (610,'stationary','Quill',5,147750,30);
insert into formula (craftable_id, resource_id, amount) values (610,451,100);
insert into formula (craftable_id, resource_id, amount) values (610,375,20);
insert into formula (craftable_id, resource_id, amount) values (610,439,100);
insert into formula (craftable_id, resource_id, amount) values (610,229,5);
insert into craftable (id, category, name, batch, workload, level) values (611,'stationary','Top-Grade Ink Bottle',20,54750,33);
insert into formula (craftable_id, resource_id, amount) values (611,209,20);
insert into formula (craftable_id, resource_id, amount) values (611,442,5);
insert into formula (craftable_id, resource_id, amount) values (611,355,50);
insert into craftable (id, category, name, batch, workload, level) values (612,'stationary','Whatman Paper',10,528000,35);
insert into formula (craftable_id, resource_id, amount) values (612,530,60);
insert into formula (craftable_id, resource_id, amount) values (612,190,100);
insert into formula (craftable_id, resource_id, amount) values (612,206,40);
insert into formula (craftable_id, resource_id, amount) values (612,210,5);
insert into craftable (id, category, name, batch, workload, level) values (613,'stationary','Yellow Paper',20,26500,37);
insert into formula (craftable_id, resource_id, amount) values (613,403,5);
insert into formula (craftable_id, resource_id, amount) values (613,404,5);
insert into formula (craftable_id, resource_id, amount) values (613,452,2);
insert into formula (craftable_id, resource_id, amount) values (613,268,5);
insert into formula (craftable_id, resource_id, amount) values (613,190,5);
insert into craftable (id, category, name, batch, workload, level) values (614,'stationary','Fountain Pen',5,357000,40);
insert into formula (craftable_id, resource_id, amount) values (614,383,8);
insert into formula (craftable_id, resource_id, amount) values (614,404,100);
insert into formula (craftable_id, resource_id, amount) values (614,225,5);
insert into formula (craftable_id, resource_id, amount) values (614,211,5);
insert into craftable (id, category, name, batch, workload, level) values (615,'stationary','Ornate Ink Bottle',20,121500,43);
insert into formula (craftable_id, resource_id, amount) values (615,212,20);
insert into formula (craftable_id, resource_id, amount) values (615,347,15);
insert into formula (craftable_id, resource_id, amount) values (615,359,100);
insert into craftable (id, category, name, batch, workload, level) values (616,'stationary','Drawing Paper',10,129750,46);
insert into formula (craftable_id, resource_id, amount) values (616,530,80);
insert into formula (craftable_id, resource_id, amount) values (616,190,200);
insert into formula (craftable_id, resource_id, amount) values (616,375,100);
insert into formula (craftable_id, resource_id, amount) values (616,213,5);
insert into craftable (id, category, name, batch, workload, level) values (617,'stationary','Ballpen',5,885000,49);
insert into formula (craftable_id, resource_id, amount) values (617,384,10);
insert into formula (craftable_id, resource_id, amount) values (617,404,80);
insert into formula (craftable_id, resource_id, amount) values (617,451,80);
insert into formula (craftable_id, resource_id, amount) values (617,215,5);
insert into craftable (id, category, name, batch, workload, level) values (618,'stationary','Shiny Ink Bottle',20,310500,52);
insert into formula (craftable_id, resource_id, amount) values (618,216,20);
insert into formula (craftable_id, resource_id, amount) values (618,347,20);
insert into formula (craftable_id, resource_id, amount) values (618,369,100);
insert into craftable (id, category, name, batch, workload, level) values (619,'stationary','Magic Parchment',10,3300000,54);
insert into formula (craftable_id, resource_id, amount) values (619,210,40);
insert into formula (craftable_id, resource_id, amount) values (619,190,300);
insert into formula (craftable_id, resource_id, amount) values (619,157,20);
insert into formula (craftable_id, resource_id, amount) values (619,217,5);
insert into craftable (id, category, name, batch, workload, level) values (620,'stationary','Magic Pen',5,2280000,55);
insert into formula (craftable_id, resource_id, amount) values (620,413,10);
insert into formula (craftable_id, resource_id, amount) values (620,405,20);
insert into formula (craftable_id, resource_id, amount) values (620,157,5);
insert into formula (craftable_id, resource_id, amount) values (620,218,5);
insert into craftable (id, category, name, batch, workload, level) values (621,'stationary','Magical Ink Bottle',20,892500,56);
insert into formula (craftable_id, resource_id, amount) values (621,219,20);
insert into formula (craftable_id, resource_id, amount) values (621,157,5);
insert into formula (craftable_id, resource_id, amount) values (621,370,50);
insert into craftable (id, category, name, batch, workload, level) values (622,'stationary','Wisemans Golden Parchment',10,7850000,57);
insert into formula (craftable_id, resource_id, amount) values (622,220,8);
insert into formula (craftable_id, resource_id, amount) values (622,199,40);
insert into formula (craftable_id, resource_id, amount) values (622,161,10);
insert into formula (craftable_id, resource_id, amount) values (622,376,15);
insert into craftable (id, category, name, batch, workload, level) values (623,'stationary','Wisemans Golden Pen',5,3050000,58);
insert into formula (craftable_id, resource_id, amount) values (623,432,10);
insert into formula (craftable_id, resource_id, amount) values (623,391,100);
insert into formula (craftable_id, resource_id, amount) values (623,161,3);
insert into formula (craftable_id, resource_id, amount) values (623,221,5);
insert into craftable (id, category, name, batch, workload, level) values (624,'stationary','Wisemans Golden Ink Bottle',20,1580000,59);
insert into formula (craftable_id, resource_id, amount) values (624,222,20);
insert into formula (craftable_id, resource_id, amount) values (624,161,2);
insert into formula (craftable_id, resource_id, amount) values (624,311,1);
insert into craftable (id, category, name, batch, workload, level) values (625,'sword','Spirit Sword',1,450,1);
insert into formula (craftable_id, resource_id, amount) values (625,385,5);
insert into formula (craftable_id, resource_id, amount) values (625,534,4);
insert into craftable (id, category, name, batch, workload, level) values (626,'sword','Ocean Sword',1,2800,4);
insert into formula (craftable_id, resource_id, amount) values (626,415,2);
insert into formula (craftable_id, resource_id, amount) values (626,407,4);
insert into formula (craftable_id, resource_id, amount) values (626,377,2);
insert into formula (craftable_id, resource_id, amount) values (626,397,4);
insert into formula (craftable_id, resource_id, amount) values (626,176,3);
insert into craftable (id, category, name, batch, workload, level) values (627,'sword','Rakshasas Sword',1,9200,9);
insert into formula (craftable_id, resource_id, amount) values (627,533,3);
insert into formula (craftable_id, resource_id, amount) values (627,377,8);
insert into formula (craftable_id, resource_id, amount) values (627,379,2);
insert into formula (craftable_id, resource_id, amount) values (627,385,12);
insert into formula (craftable_id, resource_id, amount) values (627,386,6);
insert into formula (craftable_id, resource_id, amount) values (627,397,4);
insert into formula (craftable_id, resource_id, amount) values (627,416,3);
insert into formula (craftable_id, resource_id, amount) values (627,176,15);
insert into craftable (id, category, name, batch, workload, level) values (628,'sword','Destroyers Sword',1,25300,15);
insert into formula (craftable_id, resource_id, amount) values (628,379,10);
insert into formula (craftable_id, resource_id, amount) values (628,386,25);
insert into formula (craftable_id, resource_id, amount) values (628,184,10);
insert into formula (craftable_id, resource_id, amount) values (628,204,12);
insert into formula (craftable_id, resource_id, amount) values (628,397,10);
insert into formula (craftable_id, resource_id, amount) values (628,532,10);
insert into formula (craftable_id, resource_id, amount) values (628,176,50);
insert into formula (craftable_id, resource_id, amount) values (628,177,5);
insert into craftable (id, category, name, batch, workload, level) values (629,'sword','Walachias Sword',1,69600,23);
insert into formula (craftable_id, resource_id, amount) values (629,184,20);
insert into formula (craftable_id, resource_id, amount) values (629,204,20);
insert into formula (craftable_id, resource_id, amount) values (629,379,10);
insert into formula (craftable_id, resource_id, amount) values (629,386,20);
insert into formula (craftable_id, resource_id, amount) values (629,390,5);
insert into formula (craftable_id, resource_id, amount) values (629,393,10);
insert into formula (craftable_id, resource_id, amount) values (629,397,15);
insert into formula (craftable_id, resource_id, amount) values (629,177,10);
insert into craftable (id, category, name, batch, workload, level) values (630,'sword','Blood knight Sword',1,125200,28);
insert into formula (craftable_id, resource_id, amount) values (630,184,6);
insert into formula (craftable_id, resource_id, amount) values (630,204,8);
insert into formula (craftable_id, resource_id, amount) values (630,379,4);
insert into formula (craftable_id, resource_id, amount) values (630,386,8);
insert into formula (craftable_id, resource_id, amount) values (630,390,4);
insert into formula (craftable_id, resource_id, amount) values (630,393,4);
insert into formula (craftable_id, resource_id, amount) values (630,397,5);
insert into formula (craftable_id, resource_id, amount) values (630,176,20);
insert into formula (craftable_id, resource_id, amount) values (630,177,10);
insert into formula (craftable_id, resource_id, amount) values (630,348,1);
insert into formula (craftable_id, resource_id, amount) values (630,469,1);
insert into formula (craftable_id, resource_id, amount) values (630,466,1);
insert into craftable (id, category, name, batch, workload, level) values (631,'sword','Anu Warrior Sword',1,191400,32);
insert into formula (craftable_id, resource_id, amount) values (631,381,4);
insert into formula (craftable_id, resource_id, amount) values (631,445,1);
insert into formula (craftable_id, resource_id, amount) values (631,387,20);
insert into formula (craftable_id, resource_id, amount) values (631,394,10);
insert into formula (craftable_id, resource_id, amount) values (631,399,20);
insert into formula (craftable_id, resource_id, amount) values (631,395,3);
insert into formula (craftable_id, resource_id, amount) values (631,535,20);
insert into formula (craftable_id, resource_id, amount) values (631,177,10);
insert into formula (craftable_id, resource_id, amount) values (631,178,5);
insert into craftable (id, category, name, batch, workload, level) values (632,'sword','Gilgamesh Sword',1,287100,35);
insert into formula (craftable_id, resource_id, amount) values (632,381,5);
insert into formula (craftable_id, resource_id, amount) values (632,387,20);
insert into formula (craftable_id, resource_id, amount) values (632,394,10);
insert into formula (craftable_id, resource_id, amount) values (632,399,20);
insert into formula (craftable_id, resource_id, amount) values (632,397,20);
insert into formula (craftable_id, resource_id, amount) values (632,535,20);
insert into formula (craftable_id, resource_id, amount) values (632,177,10);
insert into formula (craftable_id, resource_id, amount) values (632,178,5);
insert into formula (craftable_id, resource_id, amount) values (632,466,1);
insert into formula (craftable_id, resource_id, amount) values (632,467,1);
insert into formula (craftable_id, resource_id, amount) values (632,469,1);
insert into craftable (id, category, name, batch, workload, level) values (633,'sword','Amons Sword',1,526400,44);
insert into formula (craftable_id, resource_id, amount) values (633,394,20);
insert into formula (craftable_id, resource_id, amount) values (633,388,20);
insert into formula (craftable_id, resource_id, amount) values (633,445,10);
insert into formula (craftable_id, resource_id, amount) values (633,383,2);
insert into formula (craftable_id, resource_id, amount) values (633,527,20);
insert into formula (craftable_id, resource_id, amount) values (633,399,30);
insert into formula (craftable_id, resource_id, amount) values (633,400,15);
insert into formula (craftable_id, resource_id, amount) values (633,410,10);
insert into formula (craftable_id, resource_id, amount) values (633,396,10);
insert into formula (craftable_id, resource_id, amount) values (633,177,20);
insert into formula (craftable_id, resource_id, amount) values (633,178,20);
insert into craftable (id, category, name, batch, workload, level) values (634,'sword','Ghost Warrior Sword',1,1447600,50);
insert into formula (craftable_id, resource_id, amount) values (634,477,1);
insert into formula (craftable_id, resource_id, amount) values (634,530,10);
insert into formula (craftable_id, resource_id, amount) values (634,373,20);
insert into formula (craftable_id, resource_id, amount) values (634,394,20);
insert into formula (craftable_id, resource_id, amount) values (634,400,20);
insert into formula (craftable_id, resource_id, amount) values (634,412,10);
insert into formula (craftable_id, resource_id, amount) values (634,180,4);
insert into formula (craftable_id, resource_id, amount) values (634,179,4);
insert into formula (craftable_id, resource_id, amount) values (634,417,4);
insert into formula (craftable_id, resource_id, amount) values (634,452,30);
insert into formula (craftable_id, resource_id, amount) values (634,419,20);
insert into formula (craftable_id, resource_id, amount) values (634,420,10);
insert into craftable (id, category, name, batch, workload, level) values (635,'sword','Dragon Heart Sword',1,3980900,56);
insert into formula (craftable_id, resource_id, amount) values (635,384,4);
insert into formula (craftable_id, resource_id, amount) values (635,446,20);
insert into formula (craftable_id, resource_id, amount) values (635,530,20);
insert into formula (craftable_id, resource_id, amount) values (635,430,10);
insert into formula (craftable_id, resource_id, amount) values (635,401,100);
insert into formula (craftable_id, resource_id, amount) values (635,413,40);
insert into formula (craftable_id, resource_id, amount) values (635,179,10);
insert into formula (craftable_id, resource_id, amount) values (635,180,10);
insert into formula (craftable_id, resource_id, amount) values (635,417,10);
insert into formula (craftable_id, resource_id, amount) values (635,452,30);
insert into formula (craftable_id, resource_id, amount) values (635,419,20);
insert into formula (craftable_id, resource_id, amount) values (635,420,10);
insert into craftable (id, category, name, batch, workload, level) values (636,'sword','Gold Dragon Sword',1,7961800,60);
insert into formula (craftable_id, resource_id, amount) values (636,384,10);
insert into formula (craftable_id, resource_id, amount) values (636,413,50);
insert into formula (craftable_id, resource_id, amount) values (636,431,20);
insert into formula (craftable_id, resource_id, amount) values (636,391,30);
insert into formula (craftable_id, resource_id, amount) values (636,417,20);
insert into formula (craftable_id, resource_id, amount) values (636,180,15);
insert into formula (craftable_id, resource_id, amount) values (636,452,30);
insert into formula (craftable_id, resource_id, amount) values (636,419,20);
insert into formula (craftable_id, resource_id, amount) values (636,420,10);
insert into formula (craftable_id, resource_id, amount) values (636,468,5);
insert into formula (craftable_id, resource_id, amount) values (636,467,2);
insert into formula (craftable_id, resource_id, amount) values (636,466,4);
insert into craftable (id, category, name, batch, workload, level) values (637,'sword','Conquerors Sword',1,15923600,65);
insert into formula (craftable_id, resource_id, amount) values (637,384,15);
insert into formula (craftable_id, resource_id, amount) values (637,446,40);
insert into formula (craftable_id, resource_id, amount) values (637,376,20);
insert into formula (craftable_id, resource_id, amount) values (637,413,50);
insert into formula (craftable_id, resource_id, amount) values (637,431,40);
insert into formula (craftable_id, resource_id, amount) values (637,418,1);
insert into formula (craftable_id, resource_id, amount) values (637,180,10);
insert into formula (craftable_id, resource_id, amount) values (637,181,10);
insert into formula (craftable_id, resource_id, amount) values (637,421,30);
insert into formula (craftable_id, resource_id, amount) values (637,427,50);
insert into formula (craftable_id, resource_id, amount) values (637,476,1);
insert into craftable (id, category, name, batch, workload, level) values (638,'sword','Freezing Sword',1,19108320,70);
insert into formula (craftable_id, resource_id, amount) values (638,418,1);
insert into formula (craftable_id, resource_id, amount) values (638,432,15);
insert into formula (craftable_id, resource_id, amount) values (638,446,100);
insert into formula (craftable_id, resource_id, amount) values (638,181,10);
insert into formula (craftable_id, resource_id, amount) values (638,461,30);
insert into formula (craftable_id, resource_id, amount) values (638,459,10);
insert into formula (craftable_id, resource_id, amount) values (638,413,100);
insert into formula (craftable_id, resource_id, amount) values (638,421,100);
insert into formula (craftable_id, resource_id, amount) values (638,478,30);
insert into formula (craftable_id, resource_id, amount) values (638,479,300);
insert into craftable (id, category, name, batch, workload, level) values (639,'sword','Divine Sword',1,38000000,75);
insert into formula (craftable_id, resource_id, amount) values (639,418,1);
insert into formula (craftable_id, resource_id, amount) values (639,433,2);
insert into formula (craftable_id, resource_id, amount) values (639,432,40);
insert into formula (craftable_id, resource_id, amount) values (639,414,4);
insert into formula (craftable_id, resource_id, amount) values (639,424,2);
insert into formula (craftable_id, resource_id, amount) values (639,520,10);
insert into formula (craftable_id, resource_id, amount) values (639,181,10);
insert into formula (craftable_id, resource_id, amount) values (639,427,60);
insert into formula (craftable_id, resource_id, amount) values (639,428,40);
insert into craftable (id, category, name, batch, workload, level) values (640,'tool','Small Bolt',20,3500,1);
insert into formula (craftable_id, resource_id, amount) values (640,383,2);
insert into formula (craftable_id, resource_id, amount) values (640,404,30);
insert into formula (craftable_id, resource_id, amount) values (640,406,100);
insert into craftable (id, category, name, batch, workload, level) values (641,'tool','Refined Iron Ore',20,2170,1);
insert into formula (craftable_id, resource_id, amount) values (641,378,20);
insert into formula (craftable_id, resource_id, amount) values (641,403,20);
insert into craftable (id, category, name, batch, workload, level) values (642,'tool','Refined Mithril Ore',20,6740,1);
insert into formula (craftable_id, resource_id, amount) values (642,409,40);
insert into formula (craftable_id, resource_id, amount) values (642,403,20);
insert into craftable (id, category, name, batch, workload, level) values (643,'tool','Refined Mithril',5,9590,3);
insert into formula (craftable_id, resource_id, amount) values (643,411,20);
insert into formula (craftable_id, resource_id, amount) values (643,404,10);
insert into craftable (id, category, name, batch, workload, level) values (644,'tool','Refined Iron Ingot',5,2720,3);
insert into formula (craftable_id, resource_id, amount) values (644,380,20);
insert into formula (craftable_id, resource_id, amount) values (644,404,10);
insert into craftable (id, category, name, batch, workload, level) values (645,'tool','Silver Ore',20,3920,4);
insert into formula (craftable_id, resource_id, amount) values (645,392,50);
insert into formula (craftable_id, resource_id, amount) values (645,402,30);
insert into craftable (id, category, name, batch, workload, level) values (646,'tool','Refined Steel',5,12250,5);
insert into formula (craftable_id, resource_id, amount) values (646,382,50);
insert into formula (craftable_id, resource_id, amount) values (646,403,20);
insert into formula (craftable_id, resource_id, amount) values (646,404,20);
insert into craftable (id, category, name, batch, workload, level) values (647,'tool','Gold Ore',20,6100,5);
insert into formula (craftable_id, resource_id, amount) values (647,389,60);
insert into formula (craftable_id, resource_id, amount) values (647,402,10);
insert into craftable (id, category, name, batch, workload, level) values (648,'tool','Silver Ingot',20,7000,7);
insert into formula (craftable_id, resource_id, amount) values (648,393,30);
insert into formula (craftable_id, resource_id, amount) values (648,405,3);
insert into craftable (id, category, name, batch, workload, level) values (649,'tool','Gold Ingot',20,11800,10);
insert into formula (craftable_id, resource_id, amount) values (649,390,30);
insert into formula (craftable_id, resource_id, amount) values (649,405,4);
insert into craftable (id, category, name, batch, workload, level) values (650,'tool','Weak Dynamite',10,12100,10);
insert into formula (craftable_id, resource_id, amount) values (650,403,300);
insert into formula (craftable_id, resource_id, amount) values (650,533,200);
insert into formula (craftable_id, resource_id, amount) values (650,398,300);
insert into formula (craftable_id, resource_id, amount) values (650,437,100);
insert into craftable (id, category, name, batch, workload, level) values (651,'tool','Small Lever',2,15450,15);
insert into formula (craftable_id, resource_id, amount) values (651,527,30);
insert into formula (craftable_id, resource_id, amount) values (651,536,15);
insert into formula (craftable_id, resource_id, amount) values (651,350,50);
insert into formula (craftable_id, resource_id, amount) values (651,529,50);
insert into craftable (id, category, name, batch, workload, level) values (652,'tool','Refined Mithril Ingot',1,300000,17);
insert into formula (craftable_id, resource_id, amount) values (652,413,200);
insert into formula (craftable_id, resource_id, amount) values (652,374,500);
insert into craftable (id, category, name, batch, workload, level) values (653,'tool','Large Diamond',1,137000,20);
insert into formula (craftable_id, resource_id, amount) values (653,417,100);
insert into formula (craftable_id, resource_id, amount) values (653,402,10);
insert into craftable (id, category, name, batch, workload, level) values (654,'tool','Steel Ingot',20,355000,23);
insert into formula (craftable_id, resource_id, amount) values (654,383,100);
insert into formula (craftable_id, resource_id, amount) values (654,405,100);
insert into craftable (id, category, name, batch, workload, level) values (655,'tool','Normal Dynamite',10,140000,25);
insert into formula (craftable_id, resource_id, amount) values (655,403,300);
insert into formula (craftable_id, resource_id, amount) values (655,429,100);
insert into formula (craftable_id, resource_id, amount) values (655,533,200);
insert into formula (craftable_id, resource_id, amount) values (655,398,500);
insert into formula (craftable_id, resource_id, amount) values (655,438,50);
insert into craftable (id, category, name, batch, workload, level) values (656,'tool','Adamantium',2,48000,26);
insert into formula (craftable_id, resource_id, amount) values (656,430,4);
insert into formula (craftable_id, resource_id, amount) values (656,405,50);
insert into craftable (id, category, name, batch, workload, level) values (657,'tool','Refined Oil',10,56000,27);
insert into formula (craftable_id, resource_id, amount) values (657,375,20);
insert into formula (craftable_id, resource_id, amount) values (657,405,20);
insert into formula (craftable_id, resource_id, amount) values (657,374,20);
insert into craftable (id, category, name, batch, workload, level) values (658,'tool','Adamantium Ingot',2,105000,28);
insert into formula (craftable_id, resource_id, amount) values (658,431,4);
insert into formula (craftable_id, resource_id, amount) values (658,405,100);
insert into craftable (id, category, name, batch, workload, level) values (659,'tool','Animal Replica',10,170000,29);
insert into formula (craftable_id, resource_id, amount) values (659,447,10);
insert into formula (craftable_id, resource_id, amount) values (659,448,10);
insert into formula (craftable_id, resource_id, amount) values (659,449,10);
insert into formula (craftable_id, resource_id, amount) values (659,450,10);
insert into formula (craftable_id, resource_id, amount) values (659,446,100);
insert into formula (craftable_id, resource_id, amount) values (659,179,20);
insert into craftable (id, category, name, batch, workload, level) values (660,'tool','Fragment of Divine',1,1600000,30);
insert into formula (craftable_id, resource_id, amount) values (660,422,100);
insert into formula (craftable_id, resource_id, amount) values (660,423,100);
insert into formula (craftable_id, resource_id, amount) values (660,419,100);
insert into formula (craftable_id, resource_id, amount) values (660,420,100);
insert into formula (craftable_id, resource_id, amount) values (660,421,100);
insert into formula (craftable_id, resource_id, amount) values (660,348,100);
insert into craftable (id, category, name, batch, workload, level) values (661,'tool','Imitation Oriharukon',5,8900000,33);
insert into formula (craftable_id, resource_id, amount) values (661,384,20);
insert into formula (craftable_id, resource_id, amount) values (661,387,500);
insert into formula (craftable_id, resource_id, amount) values (661,391,500);
insert into formula (craftable_id, resource_id, amount) values (661,394,500);
insert into formula (craftable_id, resource_id, amount) values (661,401,500);
insert into formula (craftable_id, resource_id, amount) values (661,413,100);
insert into formula (craftable_id, resource_id, amount) values (661,432,50);
insert into formula (craftable_id, resource_id, amount) values (661,418,1);
insert into formula (craftable_id, resource_id, amount) values (661,426,100);
insert into formula (craftable_id, resource_id, amount) values (661,427,200);
insert into formula (craftable_id, resource_id, amount) values (661,428,200);
insert into formula (craftable_id, resource_id, amount) values (661,434,50);
insert into formula (craftable_id, resource_id, amount) values (661,168,2);

update resource set craftable = 1 where exists (select * from craftable c where resource.name = c.name);
update resource set craftable_id = (select c.id from craftable c where resource.name = c.name);